rank,id,title,title_en,authors,artists,tags,publication_demographic,status,year,content_rating,original_language,follows,rating_average,rating_bayesian,comments_replies_count,related_count,related
1,1044287a-73df-48d0-b0b2-5327f32dd651,JoJo no Kimyou na Bouken: Part 7 - Steel Ball Run Color-ban,JoJo's Bizarre Adventure: Part 7–Steel Ball Run - Digital Colored Comics,Araki Hirohiko,Araki Hirohiko,Award Winning; Official Colored; Historical; Action; Psychological; Comedy; Martial Arts; Adventure; Sexual Violence; Gore; Drama; Horror; Fantasy; Supernatural; Mystery; Tragedy,seinen,completed,2012.0,suggestive,ja,85565,9.6937,9.685351054135962,176,2,"[{""id"": ""72d1ae71-4391-4bb2-9f39-784af3cc3c71"", ""relation"": ""prequel"", ""title"": ""JoJo no Kimyou na Bouken: Part 6 - Stone Ocean Color-ban""}, {""id"": ""7a9d76c3-42b9-4bcf-81d7-ad307d2ea971"", ""relation"": ""sequel"", ""title"": ""JoJo no Kimyou na Bouken: Part 8 - JoJolion Color-ban""}]"
2,801513ba-a712-498c-8f57-cae55b38cc92,Berserk,Berserk,Miura Kentarou; Mori Kouji,Miura Kentarou; Studio Gaga,Award Winning; Monsters; Action; Demons; Psychological; Survival; Adventure; Sexual Violence; Magic; Military; Philosophical; Gore; Drama; Horror; Fantasy; Tragedy,seinen,ongoing,1989.0,erotica,ja,210657,9.6902,9.684034248811548,491,3,"[{""id"": ""5a143603-d575-4062-9528-12c2ddb83af3"", ""relation"": ""side_story"", ""title"": ""Berserk Gaiden""}, {""id"": ""77994aef-fe9a-418b-97a8-12b306a8dbdc"", ""relation"": ""doujinshi"", ""title"": ""Berserk - Heartache (Doujinshi)""}, {""id"": ""fab932f0-385e-46c2-b67a-f7e68ad85208"", ""relation"": ""doujinshi"", ""title"": ""Berserk - Patapata Rosine!! (Doujinshi)""}]"
3,a9dd451c-3c45-4d66-a818-4e1b78855838,Uma Musume - Cinderella Gray,Uma Musume: Cinderella Gray,Sugiura Masafumi; Itou Junnousuke,Kuzumi Taiyou,Sports; Drama; Slice of Life; Adaptation,seinen,completed,2020.0,safe,ja,18985,9.743,9.680320154817734,38,9,"[{""id"": ""19e83dd3-083b-47a2-a308-8eb56c53df1f"", ""relation"": ""same_franchise"", ""title"": ""Uma Musume: Pretty Derby—Anthology Comic STAR""}, {""id"": ""3e860011-8609-48a0-ace4-2d95451d50e0"", ""relation"": ""side_story"", ""title"": ""Uma Musume: Cinderella Gray Gaiden ~Far-off thunder~""}, {""id"": ""502bdb47-9669-4d37-b701-6dd4a4f00c8d"", ""relation"": ""side_story"", ""title"": ""Uma Musume Cinderella Gray Gaiden: Bangai""}, {""id"": ""50d011bb-09a6-46c7-8078-7ba96558a864"", ""relation"": ""same_franchise"", ""title"": ""Uma Musume (Franchise)""}, {""id"": ""778b8438-af3a-4534-841c-adf923b55ee1"", ""relation"": ""same_franchise"", ""title"": ""Uma Musume - Pretty Derby: Star Blossom""}, {""id"": ""c83006f3-e650-46fd-b6de-a88df6b59fab"", ""relation"": ""same_franchise"", ""title"": ""Umamusume - Pretty Derby PisuPisu☆SupiSupi - Golshi-chan""}, {""id"": ""d142610d-bc2d-4746-8a79-539b13b4b497"", ""relation"": ""side_story"", ""title"": ""Uma Musume: Cinderella Gray Gaiden ~Lingering ashes~""}, {""id"": ""e4344acc-3425-42ea-8830-6e59db32781b"", ""relation"": ""same_franchise"", ""title"": ""Starting Gate! Uma Musume Pretty Derby""}, {""id"": ""fd149943-ab40-46bc-863e-f9ed9c137189"", ""relation"": ""side_story"", ""title"": ""Uma Musume: Cinderella Gray Gaiden ~The mermaid left behind~""}]"
4,d1a9fdeb-f713-407f-960c-8326b586e6fd,Vagabond,Vagabond,Inoue Takehiko; Yoshikawa Eiji,Inoue Takehiko,Award Winning; Historical; Action; Psychological; Martial Arts; Adventure; Sexual Violence; Gore; Drama; Tragedy,seinen,hiatus,1999.0,safe,ja,82753,9.683,9.659755886914512,104,7,"[{""id"": ""577469f9-fc50-4e3b-ba38-bccf4138c637"", ""relation"": ""sequel"", ""title"": ""Exhibition Catalog INOUENO: Mikazuki Edition""}, {""id"": ""88b6fcca-57dd-4df2-aac5-8935eaa6c34d"", ""relation"": ""alternate_story"", ""title"": ""Musashi""}, {""id"": ""9560d60b-bc1f-4a4f-9420-c8eae79f8104"", ""relation"": ""side_story"", ""title"": ""The Book of Five Rings (Variety Art Works)""}, {""id"": ""9843917a-1546-4672-b5ad-3ecc5f7020af"", ""relation"": ""alternate_story"", ""title"": ""Miyamoto Musashi (ISHInoMORI Shotaro)""}, {""id"": ""a2a9216f-6a8d-4b28-bb9f-8ee549245787"", ""relation"": ""alternate_story"", ""title"": ""Miyamoto Musashi""}, {""id"": ""a9bf14be-fcff-4eea-9c45-ba3e40d399fa"", ""relation"": ""alternate_story"", ""title"": ""Musashi (KAWASAKI Noboru)""}, {""id"": ""fe18fe91-fa82-441c-9d87-66414d59a622"", ""relation"": ""same_franchise"", ""title"": ""Exhibition Catalog INOUENO: Mangetsu Edition""}]"
5,0d4b349e-b7a2-4d63-9ce0-f864e790c4a2,Veil,Veil,Fukuda Ikumi,Fukuda Ikumi,Historical; Romance; Philosophical; Police; Slice of Life; Full Color,josei,ongoing,2019.0,safe,ja,31599,9.7014,9.65457298107169,37,0,[]
6,8b8102da-c875-4dae-a79c-c62e817ff3f5,Eomma re Mannareo Ganeun Gil,On the Way to Meet Mom,Gomyang,Gomyang,Action; Long Strip; Comedy; Adventure; Fantasy; Web Comic; Slice of Life; Full Color,,ongoing,2024.0,safe,ko,22967,9.6793,9.632570919295828,51,0,[]
7,d7f56ace-cd30-48b9-8b64-afeca0077fca,Yeokdaegeum Yeongji Seolgyesa,The Greatest Estate Developer,Lee Hyunmin (이현민); BK_Moon (문백경),Kim Hyeon-Soo (김현수),Reincarnation; Monsters; Action; Long Strip; Comedy; Adventure; Magic; Isekai; Fantasy; Web Comic; Adaptation; Full Color,,completed,2021.0,safe,ko,33887,9.6509,9.613620792798867,48,3,"[{""id"": ""15ab4953-66b2-4030-bfd1-498389484191"", ""relation"": ""shared_universe"", ""title"": ""Pungjag-ieyo, Ma-wang-nim!""}, {""id"": ""4d0d1e50-f744-455a-a001-c4015a415f87"", ""relation"": ""shared_universe"", ""title"": ""Yongwang-nim ui Chef ga Doeeotseumnida""}, {""id"": ""fb971113-f68e-4987-bc7e-77a9fa292171"", ""relation"": ""shared_universe"", ""title"": ""Yak Paneun Hwangtaeja""}]"
8,418791c0-35cf-4f87-936b-acd9cddf0989,Kaoru Hana wa Rin to Saku,The Fragrant Flower Blooms with Dignity,Mikami Saka,Mikami Saka,Romance; Comedy; School Life; Slice of Life,shounen,ongoing,2021.0,safe,ja,141607,9.6203,9.610950411625902,149,0,[]
9,984df7d5-ae4c-43c6-aa65-737b9f37e5ef,Nae Choeae neun Makcha reul Tanda,My Bias Gets on the Last Train,JIXKSEE,JIXKSEE,Long Strip; Romance; Drama; Music; Full Color,,ongoing,2024.0,safe,ko,22641,9.6549,9.604226676932878,23,0,[]
10,6ecc62e4-25ad-4102-b0d8-580a8023d2fb,Kimi to Tsuzuru Utakata,The Summer You Were There,Yuama,Yuama,Award Winning; Psychological; Romance; Girls' Love; Drama; Medical; School Life; Slice of Life; Tragedy,,completed,2020.0,safe,ja,54753,9.6173,9.603044779871055,281,1,"[{""id"": ""645ed5e1-9a81-4771-9088-8e8265c4bd42"", ""relation"": ""side_story"", ""title"": ""Kimi ni Okuru Eien""}]"
11,d90ea6cb-7bc3-4d80-8af0-28557e6c4e17,Dungeon Meshi,Delicious in Dungeon,Kui Ryouko,Kui Ryouko,Award Winning; Monsters; Action; Comedy; Adventure; Magic; Drama; Fantasy; Monster Girls; Cooking,seinen,completed,2014.0,safe,ja,121806,9.6026,9.592500926475175,469,7,"[{""id"": ""2b5827e8-0413-4867-95f9-132e66ae094e"", ""relation"": ""doujinshi"", ""title"": ""Elf & Imouto no Tokumori Shinyuudon""}, {""id"": ""5bad3fe1-c741-4766-805b-555949510aa6"", ""relation"": ""doujinshi"", ""title"": ""Dungeon Meshi - KabuMisu in the Dungeon's Chamber (Doujinshi)""}, {""id"": ""92164e01-0c3f-43b2-bcc2-8ede61c229c1"", ""relation"": ""doujinshi"", ""title"": ""Dungeon Meshi no Manga""}, {""id"": ""9471a5d6-31c0-480b-9bd2-3d479ff7706c"", ""relation"": ""doujinshi"", ""title"": ""Dungeon Meshi - Marcille Meshi (Doujinshi)""}, {""id"": ""b982aa9c-17eb-415d-bcf8-a92f7daf0ae4"", ""relation"": ""spin_off"", ""title"": ""Delicious in Dungeon World Guide: The Adventurer's Bible""}, {""id"": ""c7df830c-2246-4134-933f-0a32fdc34b00"", ""relation"": ""doujinshi"", ""title"": ""Delicious in Dungeon : The Fourth Basement Floor""}, {""id"": ""cdaa5379-2280-4675-a7da-b893b753085a"", ""relation"": ""doujinshi"", ""title"": ""Dairy Quest""}]"
12,58be6aa6-06cb-4ca5-bd20-f1392ce451fb,Yotsuba to!,Yotsuba&!,Azuma Kiyohiko,Azuma Kiyohiko,Award Winning; Comedy; Philosophical; Slice of Life,shounen,hiatus,2003.0,safe,ja,49847,9.6197,9.591449856053115,170,11,"[{""id"": ""313682fc-c512-4a1c-8c66-33ad0121c505"", ""relation"": ""doujinshi"", ""title"": ""Yotsuba&! - Yanda&! (Doujinshi)""}, {""id"": ""4b3d263d-92a7-4be2-991f-3adf24053713"", ""relation"": ""doujinshi"", ""title"": ""Yotsuba&! - Clover＊(Doujinshi)""}, {""id"": ""53838e07-076f-43f3-8b82-6cc861060b00"", ""relation"": ""doujinshi"", ""title"": ""Yotsuba&! - Kakat&! (Doujinshi)""}, {""id"": ""667d78cf-462a-4586-9532-e79154278c9a"", ""relation"": ""doujinshi"", ""title"": ""Yotsuba&! - Yanyots Manga (Doujinshi)""}, {""id"": ""b5b7169d-464b-4dd1-b7b0-a271fa54a1be"", ""relation"": ""doujinshi"", ""title"": ""Yotsuba&! - Natsukaze (Doujinshi)""}, {""id"": ""d164aa71-c70b-4174-98f0-18d86cfceac3"", ""relation"": ""doujinshi"", ""title"": ""Yotsubato! - Ena & Fuuka's book! (Doujinshi)""}, {""id"": ""d2f73eb0-6bbb-4000-8234-8e64bf79c417"", ""relation"": ""doujinshi"", ""title"": ""Yotsuba&! - Yotsuba and \""!\"" (Doujinshi)""}, {""id"": ""d4496b92-b1bc-411f-ad36-b74a359887bc"", ""relation"": ""doujinshi"", ""title"": ""Yotsuba&! - Pretty Neighbor&! (Doujinshi)""}, {""id"": ""d8adcc66-b2a3-4c0c-a8b4-c6f2f0538b90"", ""relation"": ""shared_universe"", ""title"": ""Azumanga Daioh""}, {""id"": ""eb3e0972-0513-4dd6-a4e3-50f989a8e689"", ""relation"": ""doujinshi"", ""title"": ""Yotsuba&! - Sleeping Beauty (Doujinshi)""}, {""id"": ""eecb13f7-a424-4290-a7d6-a52fae97938f"", ""relation"": ""doujinshi"", ""title"": ""Yotsuba&! - Amanatsu - Sweet Rainy Girly Summer (Doujinshi)""}]"
13,2c4b353f-d968-461b-be49-4f2599189a79,Pokemon: Ouja no Saiten,Pokemon: Festival of Kings,Seijun Tombo,Seijun Tombo,Action; Adventure; Doujinshi; Drama; Fantasy; Tragedy,,ongoing,2011.0,safe,ja,16557,9.6547,9.58310780982334,108,0,[]
14,b30dfee3-9d1d-4e8d-bfbe-8fcabc3c96f6,JoJo no Kimyou na Bouken: Part 7 - Steel Ball Run,JoJo's Bizarre Adventure: Part 7 – Steel Ball Run,Araki Hirohiko,Araki Hirohiko,Award Winning; Historical; Action; Comedy; Martial Arts; Adventure; Sexual Violence; Gore; Drama; Supernatural,seinen,completed,2004.0,safe,ja,15736,9.6296,9.578135577849663,16,3,"[{""id"": ""848a5814-6f15-4917-9487-ca5ec3da371f"", ""relation"": ""doujinshi"", ""title"": ""JoJo's Bizarre Adventures: Stehe Stolz""}, {""id"": ""c086153a-0162-412a-9914-a7b2633d0cd3"", ""relation"": ""sequel"", ""title"": ""JoJo no Kimyou na Bouken: Part 8 - JoJolion""}, {""id"": ""ea57752d-acb7-469e-aa60-43e694ded9a9"", ""relation"": ""prequel"", ""title"": ""JoJo no Kimyou na Bouken: Part 6 - Stone Ocean""}]"
15,3fba42cf-2ad6-4c30-a7ab-46cb8149208a,Bungou Stray Dogs,Bungou Stray Dogs,Asagiri Kafka,Harukawa 35,Action; Crime; Mafia; Gore; Drama; Vampires; Police; Supernatural; Mystery,seinen,ongoing,2012.0,suggestive,ja,42101,9.5965,9.564859304071572,51,18,"[{""id"": ""0fc2cafc-0c2f-419c-a891-5c0745080800"", ""relation"": ""side_story"", ""title"": ""Bungou Stray Dogs: STORM BRINGER""}, {""id"": ""2134044c-51d6-4a9d-85a2-c4cd0169f5c9"", ""relation"": ""side_story"", ""title"": ""Bungou Stray Dogs Koushiki Anthology: Rin""}, {""id"": ""438c361c-60aa-4725-83c5-356bc79d4db5"", ""relation"": ""doujinshi"", ""title"": ""Bungou Stray Dogs - Hitorikiri no Mayonaka (Doujinshi)""}, {""id"": ""56261e00-c2e5-48b5-b003-f28a58eb80f7"", ""relation"": ""alternate_story"", ""title"": ""Bungou Stray Dogs Beast""}, {""id"": ""56261e00-c2e5-48b5-b003-f28a58eb80f7"", ""relation"": ""side_story"", ""title"": ""Bungou Stray Dogs Beast""}, {""id"": ""56261e00-c2e5-48b5-b003-f28a58eb80f7"", ""relation"": ""spin_off"", ""title"": ""Bungou Stray Dogs Beast""}, {""id"": ""569963c5-6b0b-4f92-b561-e1304b78b0dc"", ""relation"": ""side_story"", ""title"": ""Bungou Stray Dogs: Wan!""}, {""id"": ""569963c5-6b0b-4f92-b561-e1304b78b0dc"", ""relation"": ""spin_off"", ""title"": ""Bungou Stray Dogs: Wan!""}, {""id"": ""5b67448e-ddf3-49d2-9701-c1edd8f0e7ee"", ""relation"": ""side_story"", ""title"": ""Bungou Stray Dogs: Dead Apple""}, {""id"": ""61889f95-60b7-4406-a5db-b256d2a742ae"", ""relation"": ""side_story"", ""title"": ""Bungou Stray Dogs: Dazai wo Hirotta Hi""}, {""id"": ""930cf98e-021a-40ce-af71-dcb8d81768ab"", ""relation"": ""doujinshi"", ""title"": ""Bungou Stray Dogs – Tama Asobi (Doujinshi)""}, {""id"": ""9c124df0-828c-4f2c-9374-fcfa187d689c"", ""relation"": ""doujinshi"", ""title"": ""Bungou Stray Dogs Official Anthology""}, {""id"": ""9c124df0-828c-4f2c-9374-fcfa187d689c"", ""relation"": ""spin_off"", ""title"": ""Bungou Stray Dogs Official Anthology""}, {""id"": ""aa7f61df-54ec-438e-b194-31b4e18010e0"", ""relation"": ""side_story"", ""title"": ""Bungou Stray Dogs - Tantei-sha Setsuritsu Hiwa?""}, {""id"": ""b397efc4-e5e0-40e3-99b9-65b2838650ed"", ""relation"": ""side_story"", ""title"": ""Bungo Stray Dogs Gaiden - Ayatsuji Yukito VS. Kyougoku Natsuhiko""}, {""id"": ""b397efc4-e5e0-40e3-99b9-65b2838650ed"", ""relation"": ""spin_off"", ""title"": ""Bungo Stray Dogs Gaiden - Ayatsuji Yukito VS. Kyougoku Natsuhiko""}, {""id"": ""d8dcbff1-a8b6-4fcf-88de-3977aa5cef33"", ""relation"": ""side_story"", ""title"": ""Bungou Stray Dogs: Dazai, Chuuya, Juugosai""}, {""id"": ""e9357f9d-ec92-42cf-8265-94143c740256"", ""relation"": ""side_story"", ""title"": ""Bungo Stray Dogs (Vertical Comic)""}]"
16,c8a0426d-539b-4f6a-9537-fbccf4962529,Amayo no Tsuki,The Moon on a Rainy Night,Kuzushiro,Kuzushiro,Romance; Girls' Love; Drama; School Life,seinen,ongoing,2021.0,safe,ja,35708,9.5947,9.561943248239187,110,0,[]
17,ea47525d-99df-45b5-9103-dd853f49f8c3,Mairimashita! Iruma-kun - If Episode of Mafia,Welcome to Demon School! Iruma-kun: IruMafia Edition,Hiroja,Hiroja,Action; Comedy; Crime; Survival; Mafia; Drama; Delinquents; Police; Slice of Life,shounen,ongoing,2023.0,safe,ja,21131,9.623,9.554457348425471,34,5,"[{""id"": ""4a904949-da95-4d7d-8b39-9af045ccc25e"", ""relation"": ""same_franchise"", ""title"": ""Mairimashita! Iruma-kun: Boku Doumei no Game-michi""}, {""id"": ""61526d2c-1a12-402e-9072-76d4a8010cbd"", ""relation"": ""same_franchise"", ""title"": ""Mairimashita! Iruma-kun: Kalego Gaiden""}, {""id"": ""a2263632-9329-4e3d-95d5-ee9022128581"", ""relation"": ""same_franchise"", ""title"": ""After School! Iruma-kun""}, {""id"": ""c8a49176-cf28-42e5-960e-8efd2d903323"", ""relation"": ""same_franchise"", ""title"": ""We are the Main Characters of the Demon World!""}, {""id"": ""d7037b2a-874a-4360-8a7b-07f2899152fd"", ""relation"": ""alternate_story"", ""title"": ""Mairimashita! Iruma-kun""}]"
18,a1c7c817-4e59-43b7-9365-09675a149a6f,One Piece,One Piece,Oda Eiichirou (尾田栄一郎),Oda Eiichirou (尾田栄一郎),Award Winning; Sci-Fi; Monsters; Action; Animals; Comedy; Adventure; Gore; Drama; Fantasy,shounen,ongoing,1997.0,suggestive,ja,139981,9.5625,9.554027642920238,278,79,"[{""id"": ""00538a07-ca8f-4b45-a913-932da57b3edc"", ""relation"": ""doujinshi"", ""title"": ""Bakunyuu Heroine no Harem Rakuen""}, {""id"": ""064cbe11-3f80-4ba1-b6a5-6f3e3d8fe3e0"", ""relation"": ""doujinshi"", ""title"": ""One Piece - Forest Mission (Doujinshi)""}, {""id"": ""077c2ea6-864e-4064-b83d-976b060c5a7d"", ""relation"": ""doujinshi"", ""title"": ""One Piece - Momojitatei ni Youkoso!! (Doujinshi)""}, {""id"": ""0cb42e24-2aba-4681-be4c-d2f0073fbc99"", ""relation"": ""doujinshi"", ""title"": ""CHOP STICK""}, {""id"": ""0eac77f3-de44-4185-94c4-3b3b06c6e86e"", ""relation"": ""doujinshi"", ""title"": ""One Piece - One Piece CG Shuu NamiRobi (Doujinshi) (CG)""}, {""id"": ""10f0cbf6-eb3a-43d0-8a8d-8b9c1a2604af"", ""relation"": ""doujinshi"", ""title"": ""One Piece - Strange Qualia (Doujinshi)""}, {""id"": ""11d5210f-412c-4654-b479-5f457404589c"", ""relation"": ""doujinshi"", ""title"": ""One Piece - Pirate Girls at the Bar (Doujinshi)""}, {""id"": ""13596834-6c99-4e61-a001-edfbaebe9dc5"", ""relation"": ""doujinshi"", ""title"": ""One Piece - Sweet Tongue (Doujinshi)""}, {""id"": ""17534d03-859c-47f2-8f36-0f11f8199ee5"", ""relation"": ""doujinshi"", ""title"": ""One Piece - AP the Best (Doujinshi)""}, {""id"": ""177e8c50-e0d7-4960-af18-470ec925f356"", ""relation"": ""doujinshi"", ""title"": ""Gintama & One Piece - Ore Parco (Doujinshi)""}, {""id"": ""1c6f277b-d8d4-48ef-a492-87daaef9bd41"", ""relation"": ""doujinshi"", ""title"": ""One Piece - 00 (Doujinshi)""}, {""id"": ""2cddb9f7-8b27-4116-b0cb-1283306a7144"", ""relation"": ""doujinshi"", ""title"": ""One Piece - Futanari Pirates! (Doujinshi)""}, {""id"": ""3e80185a-416e-496f-94a3-423efec8cd50"", ""relation"": ""doujinshi"", ""title"": ""One Piece - Damn Summer (Doujinshi)""}, {""id"": ""3fed8e2c-e44d-4c16-b3b0-2e79b0505e02"", ""relation"": ""doujinshi"", ""title"": ""One Piece - Onna Ninja no Dokidoki Hatsu Ninmu (Doujinshi)""}, {""id"": ""41a6670c-2eb9-4d15-b41a-c7153e3e5625"", ""relation"": ""doujinshi"", ""title"": ""One Piece - Sentou Pakopako Biyori (Doujinshi)""}, {""id"": ""43ee1d1a-0885-421b-9a30-7aa184a9dc15"", ""relation"": ""doujinshi"", ""title"": ""One Piece - Nami Saga (Doujinshi) (Fan Colored)""}, {""id"": ""470ac1ec-c3dd-4dc2-9e5d-0104600ed1a5"", ""relation"": ""side_story"", ""title"": ""One Piece: Ace’s Story—The Manga""}, {""id"": ""487f1f04-75f3-4a2e-a4af-76e615e32585"", ""relation"": ""side_story"", ""title"": ""One Piece Omake""}, {""id"": ""4f3f6c04-4a55-42a0-a6da-23b4362f9bfd"", ""relation"": ""doujinshi"", ""title"": ""One Piece - 33-307 (Doujinshi)""}, {""id"": ""51e9d8b6-72e7-4202-84a2-5d2dfe107057"", ""relation"": ""doujinshi"", ""title"": ""One Piece - Uta Youshouki to Ecchi (Doujinshi)""}, {""id"": ""555d06d1-e3d7-4c77-922a-5cb893e19611"", ""relation"": ""doujinshi"", ""title"": ""One Piece - Aquatic Angel (Doujinshi)""}, {""id"": ""5790818b-3088-429b-8dc9-26344d06226b"", ""relation"": ""doujinshi"", ""title"": ""One Piece - Rakuen Onna Kaizoku (Doujinshi)""}, {""id"": ""5798b983-2cf3-4858-82aa-51de8e642ecf"", ""relation"": ""doujinshi"", ""title"": ""One Piece - A chance with Nami (Doujinshi)""}, {""id"": ""593ba05f-b575-4bfe-9534-d8562c87f490"", ""relation"": ""doujinshi"", ""title"": ""One Piece - PIRATES A TO Z (Doujinshi)""}, {""id"": ""5d5eab11-c930-4d2f-a669-d9108b4ac7a0"", ""relation"": ""spin_off"", ""title"": ""Shokugeki no Sanji""}, {""id"": ""65f2e1a9-9a34-4123-a080-b3f34746e4a8"", ""relation"": ""doujinshi"", ""title"": ""One Piece - Johnny & Yosaku Uncanon Adventures (Doujinshi)""}, {""id"": ""6755aa01-76e2-4e33-b21b-cf9b80165de8"", ""relation"": ""doujinshi"", ""title"": ""One Piece - Koijikara Kazaguruma (Doujinshi)""}, {""id"": ""6c6236b0-0fd7-4926-8a1a-cc346a6627e3"", ""relation"": ""spin_off"", ""title"": ""Dragon Ball X One Piece - Cross Epoch""}, {""id"": ""6db2750d-dd46-4f1b-b607-8700a7536e1e"", ""relation"": ""doujinshi"", ""title"": ""Seike Clone's Gate - One Piece Doujin Anthology""}, {""id"": ""70d0fcee-a0ae-400b-ba61-431a1e5a4bb3"", ""relation"": ""doujinshi"", ""title"": ""One Piece - S-Snake escapes with Luffy (Doujinshi)""}, {""id"": ""74412a83-fd35-4814-b684-49bbb1643fa9"", ""relation"": ""doujinshi"", ""title"": ""One Piece - Nami Saga (Doujinshi)""}, {""id"": ""77b55397-d621-462f-8c04-1f450b83fc0d"", ""relation"": ""doujinshi"", ""title"": null}, {""id"": ""799ca99d-9820-49e5-ac88-bfe31e2803f5"", ""relation"": ""side_story"", ""title"": null}, {""id"": ""7bd37661-c0b1-4166-87c1-7e633adb55ac"", ""relation"": ""spin_off"", ""title"": ""One Piece - Vivi no Bouken""}, {""id"": ""7d34c0b9-c3ed-44a5-8723-6a15cccf2266"", ""relation"": ""doujinshi"", ""title"": null}, {""id"": ""80970c99-a289-4e10-9dcc-33489a6fba0d"", ""relation"": ""doujinshi"", ""title"": ""One Piece - Momojitatei ni Youkoso!! Re (Doujinshi)""}, {""id"": ""81985e43-5363-44cc-b709-828599da5012"", ""relation"": ""doujinshi"", ""title"": ""One Piece - Mischief Voice (Doujinshi)""}, {""id"": ""826b1ca7-86c7-4d5f-8d20-b0c334bff310"", ""relation"": ""doujinshi"", ""title"": ""One Piece - Doujin Sakka Collection: Ketchup (Doujinshi)""}, {""id"": ""8c6ef855-b506-431b-8a69-a254bbea46cd"", ""relation"": ""doujinshi"", ""title"": ""One Piece - Rapunzel (doujinshi)""}, {""id"": ""8e159ba5-56fe-4680-ae9a-4aa9504902f3"", ""relation"": ""doujinshi"", ""title"": ""One Piece - One Gold Piece for Sex (Doujinshi)""}, {""id"": ""8ee0dcd7-a898-49e6-b083-7aa42ebe1bb0"", ""relation"": ""doujinshi"", ""title"": ""One Piece - Midarezaki Joshuu Kaizoku (Doujinshi)""}, {""id"": ""8f8c4f0e-93f5-433e-ba13-017746b485ec"", ""relation"": ""doujinshi"", ""title"": ""Jump All Stars Battle (Doujinshi)""}, {""id"": ""8fe239cd-668a-428d-8735-ad85aa486ed5"", ""relation"": ""doujinshi"", ""title"": ""One Piece: The World After The War""}, {""id"": ""9154c1da-feef-49d1-b903-e07531a005f2"", ""relation"": ""doujinshi"", ""title"": ""One Piece - Trafalgar Clinic (Doujinshi)""}, {""id"": ""9175d86a-0646-41df-9ed7-97b8a36429ca"", ""relation"": ""spin_off"", ""title"": ""Chopperman""}, {""id"": ""9b33e6ab-2970-426a-b749-e10d5271fe51"", ""relation"": ""spin_off"", ""title"": ""One Piece The Movie - Dead End no Bouken""}, {""id"": ""a0b49136-9f4d-46d4-b5dd-d5393e015009"", ""relation"": ""spin_off"", ""title"": ""One Piece Party""}, {""id"": ""a14176d9-9832-43d2-b98a-f16fa4e82021"", ""relation"": ""doujinshi"", ""title"": ""Jump Super Stars""}, {""id"": ""a5ab3b40-3fc0-40f4-9b45-afb14f90325f"", ""relation"": ""doujinshi"", ""title"": ""One Piece - EROMANCE DAWN (Doujinshi) (Fan Colored)""}, {""id"": ""a6ebb201-97e2-4b96-b6b9-46b9ec0d354e"", ""relation"": ""doujinshi"", ""title"": ""One Piece - EROMANCE DAWN (Doujinshi)""}, {""id"": ""aab94c3a-34b4-4051-84ff-7ba9cbab0da8"", ""relation"": ""spin_off"", ""title"": ""One Piece x Toriko: Taste of the Devil Fruit""}, {""id"": ""b19e23fa-f03e-4698-b5bd-b42cab873d29"", ""relation"": ""doujinshi"", ""title"": ""One Piece - Bakunyuu Hebihime-sama wa Yokkyuu Fuman (Doujinshi) (CG)""}, {""id"": ""b6c6aeea-a2c8-427b-9458-a39fab2a3ae2"", ""relation"": ""doujinshi"", ""title"": ""One Piece - Onami's Test (Doujinshi)""}, {""id"": ""b70113a5-32a3-44e8-a28f-0e88392808ba"", ""relation"": ""adapted_from"", ""title"": ""One Piece Academy""}, {""id"": ""b70113a5-32a3-44e8-a28f-0e88392808ba"", ""relation"": ""spin_off"", ""title"": ""One Piece Academy""}, {""id"": ""b809433a-ab87-4dea-844e-75facdd6e731"", ""relation"": ""doujinshi"", ""title"": ""One Piece - Die for Me (Doujinshi)""}, {""id"": ""b8574838-2a52-4bc9-988a-7fb1ed2cc81b"", ""relation"": ""doujinshi"", ""title"": ""One Piece - How to Kiss (Doujinshi)""}, {""id"": ""b97d2f75-eef7-4476-b1a6-1264effe21c2"", ""relation"": ""doujinshi"", ""title"": ""One Piece - Much Ado About Nothing (Doujinshi)""}, {""id"": ""bb57f9b9-a5d3-4491-a1e4-042611212753"", ""relation"": ""doujinshi"", ""title"": ""One Piece - Flan Napolitano One Piece (Doujinshi)""}, {""id"": ""c60563d3-15b7-42c2-a0f2-e130b106d7aa"", ""relation"": ""side_story"", ""title"": ""Snake-chan no Taisetsu na Koto""}, {""id"": ""c9ab9a2a-415e-47d8-bc03-0268ee46a57e"", ""relation"": ""doujinshi"", ""title"": ""One Piece - Historic Grammar (Doujinshi)""}, {""id"": ""ca04d204-875f-48bb-8eec-622b7ecd5cfa"", ""relation"": ""doujinshi"", ""title"": ""One Piece - Return to Innocence (Doujinshi)""}, {""id"": ""cc76b063-dc2f-446f-b3eb-be3b56c1b8d6"", ""relation"": ""spin_off"", ""title"": ""Wanted!""}, {""id"": ""d3ee87c2-40d5-4ab7-9167-430eb83d3710"", ""relation"": ""doujinshi"", ""title"": ""One Piece - Caesar Salad Ontama Nose (Doujinshi)""}, {""id"": ""d521d5e5-8cb2-4006-85cc-4f8f19a02fb8"", ""relation"": ""doujinshi"", ""title"": ""One Piece - Sanji, Yoji, Goji (Doujinshi)""}, {""id"": ""d6422b61-76f0-4935-b0d0-84faaf7a63ef"", ""relation"": ""doujinshi"", ""title"": ""One Piece - Under Bar (Doujinshi)""}, {""id"": ""d9d2e606-ca85-47a0-a288-04db5dc48432"", ""relation"": ""doujinshi"", ""title"": ""One Piece - ONEPAIS (Doujinshi) (CG)""}, {""id"": ""da7f638f-8f76-402b-a0a9-75539c085436"", ""relation"": ""doujinshi"", ""title"": ""One Piece - Omakebon WEB Ban (Doujinshi)""}, {""id"": ""db826054-0c1d-4a88-b70e-a65ce5970403"", ""relation"": ""doujinshi"", ""title"": ""One Piece - Abura Shoukami Tsukane No.05 140000000 (Doujinshi)""}, {""id"": ""dc68edde-1497-4d59-940a-dd3170f752bf"", ""relation"": ""doujinshi"", ""title"": ""One Piece - REDLEVEL11 (Doujinshi)""}, {""id"": ""f1abab1f-1282-4561-94f6-66d078a79e54"", ""relation"": ""doujinshi"", ""title"": null}, {""id"": ""f1b82cf6-86f7-4639-aaa6-0f75bbeca0c0"", ""relation"": ""doujinshi"", ""title"": ""One Piece - Ii Nami Yumekibun (Doujinshi)""}, {""id"": ""f4ae29d1-8f3c-4ab2-af1d-a416337fafc3"", ""relation"": ""doujinshi"", ""title"": ""One Piece - Metabolism-H Moto Dorei Kaizoku Jotei Hancock no Hanayome Shiyugyou (Doujinshi)""}, {""id"": ""f71e01a5-3f81-48b9-8fc6-4960878101fa"", ""relation"": ""doujinshi"", ""title"": ""One Piece - Two Piece: Nami vs Arlong (Doujinshi)""}, {""id"": ""fa3211cf-e8c7-48c4-8d61-68680bdcf447"", ""relation"": ""doujinshi"", ""title"": ""One Piece - Onna Kaizoku ga Himitsu no Settai (Doujinshi)""}, {""id"": ""fc4eccf5-5fe6-49de-b12c-4124fcea4e16"", ""relation"": ""alternate_version"", ""title"": ""ROMANCE DAWN""}, {""id"": ""fcb5111f-be88-4f5a-b456-22135f3eda49"", ""relation"": ""prequel"", ""title"": ""ONE PIECE STRONG WORLD""}, {""id"": ""fcb5111f-be88-4f5a-b456-22135f3eda49"", ""relation"": ""spin_off"", ""title"": ""ONE PIECE STRONG WORLD""}, {""id"": ""fcffdecb-2324-481a-9f41-960dec67e02f"", ""relation"": ""alternate_version"", ""title"": ""Chin Piece""}]"
19,151bca3e-db98-4ad2-8d8d-239943b91437,Yǒu Shòu Yān,Fabulous Beasts,靴下猫腰子,靴下猫腰子,Animals; Long Strip; Comedy; Fantasy; Slice of Life; Supernatural; Tragedy,,ongoing,2017.0,safe,zh,5512,9.666,9.548047796777368,43,5,"[{""id"": ""206b25a1-f7c2-4234-84d0-732f9317740d"", ""relation"": ""spin_off"", ""title"": ""Yǒu Shòu Xìhuà""}, {""id"": ""254876c1-1acb-48d1-a610-084387cf300a"", ""relation"": ""shared_universe"", ""title"": ""Schrödinger's Sheep""}, {""id"": ""42629cfc-527c-41b8-8336-58af877f5c9a"", ""relation"": ""shared_universe"", ""title"": ""All Saints Street""}, {""id"": ""5f0d09f9-e99d-49c1-89b6-57242dcb2c21"", ""relation"": ""shared_universe"", ""title"": ""Gǒu Yǔ Yú Zhī Zòu""}, {""id"": ""67f7d17a-d448-411d-ab6a-5649b3ebe7f0"", ""relation"": ""shared_universe"", ""title"": ""Fei Ren Zai""}]"
20,8516915a-51a2-44e0-a915-aff325216a26,Otonari no Tenshi-sama ni Itsunomanika Dame Ningen ni Sareteita Ken: after the rain,The Angel Next Door Spoils Me Rotten: After the Rain,Saeki-san,Puyo,Romance; Comedy; School Life; Slice of Life; Adaptation,shounen,ongoing,2023.0,safe,ja,26741,9.6094,9.544626443452879,21,1,"[{""id"": ""2fec6641-beb1-4ae9-a32f-204dd06688ac"", ""relation"": ""main_story"", ""title"": ""Otonari no Tenshi-sama ni Itsunomanika Dame Ningen ni Sareteita Ken""}]"
21,df9be021-ff37-419e-ba6e-dda3e28eb763,Kono Oto Tomare!,Stop at This Sound!,Sakura Amyuu,Sakura Amyuu,Drama; School Life; Slice of Life; Music,shounen,ongoing,2012.0,safe,ja,33375,9.5888,9.54265533255934,173,0,[]
22,bb8310e4-6050-4a43-984e-f7bbdfce23b1,Kokou no Hito,The Climber,Sakamoto Shinichi,Sakamoto Shinichi,Award Winning; Psychological; Romance; Sports; Philosophical; Drama,seinen,completed,2007.0,suggestive,ja,40054,9.5703,9.5408647995361,73,0,[]
23,b0b721ff-c388-4486-aa0f-c2b0bb321512,Sousou no Frieren,Frieren: Beyond Journey's End,Yamada Kanehito,Abe Tsukasa,Award Winning; Monsters; Demons; Adventure; Magic; Drama; Fantasy; Slice of Life,shounen,hiatus,2020.0,safe,ja,200954,9.5466,9.54068771801895,1348,21,"[{""id"": ""03f3f742-e2da-4f3c-b057-0bb9da6757ee"", ""relation"": ""doujinshi"", ""title"": ""Sousou no Frieren - Gaku Paro na Shutaferu (Doujinshi)""}, {""id"": ""11180e45-12ba-47e4-a985-cb88c217195b"", ""relation"": ""doujinshi"", ""title"": ""Frieren ni Warui Koto o Suru Hanashi""}, {""id"": ""140458f7-be02-424b-98ac-1aa0cd9f45f9"", ""relation"": ""doujinshi"", ""title"": ""Dakuon""}, {""id"": ""1d55e985-8379-41bc-aeca-acd069bcadd0"", ""relation"": ""doujinshi"", ""title"": ""Sousou no Frieren -  Fern ga Ookiku Naru Ohanashi (Doujinshi)""}, {""id"": ""1e46de27-70a0-4aca-8192-b5a3c589ddfd"", ""relation"": ""doujinshi"", ""title"": ""Sousou no Frieren - Kudaranai Nichijou (Doujinshi)""}, {""id"": ""2062949e-2ff0-402b-9919-e35084208be6"", ""relation"": ""doujinshi"", ""title"": ""Frieren: Beyond Journey’s End - Frieren and a Slightly Unusual Mimic (Doujinshi)""}, {""id"": ""48e38031-2e40-43ad-9766-09fe9864e388"", ""relation"": ""doujinshi"", ""title"": ""Sousou no Frieren - Chinchin ga Ookiku Naru Mahou (Doujinshi)""}, {""id"": ""5d938a16-b45b-4922-b77e-7ccf8dbf38b4"", ""relation"": ""doujinshi"", ""title"": null}, {""id"": ""72819479-d7c8-4e92-b62b-e58e9c8b4421"", ""relation"": ""doujinshi"", ""title"": null}, {""id"": ""81335419-9d87-4a01-a1ea-de6348f19b38"", ""relation"": ""doujinshi"", ""title"": ""Frieren: Beyond Journey’s End - Spellbound Fern (Doujinshi)""}, {""id"": ""829d5943-a4eb-47e3-9dce-ef2d6c519e12"", ""relation"": ""doujinshi"", ""title"": ""Frieren: Beyond Journey’s End - Fern’s Christmas Present (Doujinshi)""}, {""id"": ""8af7e88b-2586-4a89-a6ab-16028c821b1a"", ""relation"": ""doujinshi"", ""title"": ""Frieren: Beyond Journey’s End - Ordinary Lust Magic Slootrak (Doujinshi)""}, {""id"": ""8edc81f2-bb70-4100-9df7-2552a14e5d75"", ""relation"": ""doujinshi"", ""title"": ""Sousou no Frieren - kmtakpk's Frieren Koma (Doujinshi)""}, {""id"": ""9906dfa8-52c9-40ac-8eef-1099a85c8611"", ""relation"": ""spin_off"", ""title"": ""Sousou no Frieren Anthology: Kotonaru Tabi o Tanoshimu Mahou""}, {""id"": ""a3f81ae7-31b1-4319-9d4c-47d387c8b23e"", ""relation"": ""doujinshi"", ""title"": ""Sousou no Frieren - Kuon no Ai - Mirrored Lotus (Doujinshi)""}, {""id"": ""b256dd98-1e69-4348-af24-8df8ddad6db2"", ""relation"": ""doujinshi"", ""title"": ""Frieren: Beyond Journey’s End - Zero★Tact! Boy & Girl (Doujinshi)""}, {""id"": ""b5097dd6-a42f-4dba-b281-0609378e939f"", ""relation"": ""doujinshi"", ""title"": ""Frieren: Beyond Journey’s End - Frieren and a Slightly Unusual Mimic (Doujinshi) (Fan Colored)""}, {""id"": ""d1e038c4-d931-4525-9b1b-b943e2a7d7e1"", ""relation"": ""doujinshi"", ""title"": ""Frieren Cinnamoroll Kamigata""}, {""id"": ""e5afc3bc-c054-4b71-a182-a7e5ae9a4417"", ""relation"": ""doujinshi"", ""title"": ""Hokuto no Ken & Sousou no Frieren - Gouken no Frieren (Doujinshi)""}, {""id"": ""ee794d7d-322e-450f-bff3-1f52ded9a039"", ""relation"": ""doujinshi"", ""title"": ""Sousou no Frieren - Poinpoin no Frieren (Doujinshi)""}, {""id"": ""f90624a8-7964-44da-bd33-78a4c748ef6e"", ""relation"": ""doujinshi"", ""title"": null}]"
24,85b3504c-62e8-49e7-9a81-fb64a3f51def,Houkago Kitaku Biyori,Walking Home with You,Matsuda Mai,Matsuda Mai,Romance; Comedy; School Life; Slice of Life,seinen,ongoing,2023.0,safe,ja,62378,9.5631,9.54054391418337,99,0,[]
25,f7888782-0727-49b0-95ec-a3530c70f83b,Hajime no Ippo,Hajime no Ippo: Fighting Spirit!,Morikawa George,Morikawa George,Award Winning; Action; Comedy; Sports; Martial Arts; Philosophical; Drama,shounen,ongoing,1989.0,safe,ja,38054,9.575,9.536464052973253,112,2,"[{""id"": ""207cbe9b-29a7-4499-8228-7f335615b496"", ""relation"": ""alternate_version"", ""title"": ""Hajime no Ippo - Revolution""}, {""id"": ""67bfd1a8-1492-4a05-b169-45f6d4de6e7a"", ""relation"": ""prequel"", ""title"": ""Hajime no Ippo Gaiden - Naniwa no Tora""}]"
26,1693697a-783c-4d3c-a2d3-dc069e137a23,Jib-i Eobs-eo,I Have No Home,Wanan,Wanan,Award Winning; Ghosts; Long Strip; Comedy; Drama; School Life; Web Comic; Slice of Life; Full Color,,completed,2018.0,safe,ko,10424,9.6108,9.536060854943914,265,0,[]
27,9d3d3403-1a87-4737-9803-bc3d99db1424,Ki ni Natteru Hito ga Otoko ja Nakatta,The Guy She Was Interested in Wasn't a Guy at All,Arai Sumiko,Arai Sumiko,Award Winning; Romance; Girls' Love; School Life; Web Comic; Slice of Life; Music; Gyaru,,ongoing,2022.0,safe,ja,148812,9.5371,9.531382052533546,191,0,[]
28,b603c211-d1f9-4145-a2ac-04dcd5f06329,Sasaki to Miyano,Sasaki and Miyano,Harusono Shou,Harusono Shou,Romance; Comedy; Boys' Love; School Life; Slice of Life,,ongoing,2016.0,safe,ja,24960,9.5632,9.52476358948309,80,2,"[{""id"": ""2deb4d47-18a5-49ce-9c7c-24532064fc1b"", ""relation"": ""side_story"", ""title"": ""Sasaki to Miyano: Koushiki Anthology Comic""}, {""id"": ""d0f286ac-9ecf-4472-a3d7-1009eb0199e2"", ""relation"": ""spin_off"", ""title"": ""Hirano to Kagiura""}]"
29,cade38b7-64c4-4a29-8e3c-8c283291d6c6,Houseki no Kuni,Land of the Lustrous,Ichikawa Haruko,Ichikawa Haruko,Award Winning; Reincarnation; Sci-Fi; Action; Psychological; Adventure; Post-Apocalyptic; Philosophical; Drama; Fantasy; Slice of Life; Mystery; Tragedy,seinen,completed,2012.0,safe,ja,54373,9.5471,9.523728622043963,354,0,[]
30,2e0fdb3b-632c-4f8f-a311-5b56952db647,Bocchi the Rock!,Bocchi the Rock!,Hamaji Aki,Hamaji Aki,Comedy; 4-Koma; Slice of Life; Music,seinen,ongoing,2017.0,safe,ja,47407,9.5557,9.521477943528346,41,75,"[{""id"": ""01391770-8c83-4c52-bf75-f6ff6d86dde4"", ""relation"": ""doujinshi"", ""title"": ""Bocchi the Rock! - Manzara... (Doujinshi)""}, {""id"": ""04a68f5d-1047-43bb-91a5-6bc17d96a6f9"", ""relation"": ""doujinshi"", ""title"": ""Bocchi the Rock! - Everlong""}, {""id"": ""0b686f11-c43a-486b-aaf3-534677e87607"", ""relation"": ""doujinshi"", ""title"": ""Bocchi the Rock! - Rock and Roll is Red (Doujinshi)""}, {""id"": ""0bf9f126-1217-488a-a4aa-a59b0623f372"", ""relation"": ""doujinshi"", ""title"": ""Bocchi the Rock! - There must be A melody only you can sing (Doujinshi)""}, {""id"": ""0de5a513-e80e-4ee4-b021-0c83ebd44a41"", ""relation"": ""doujinshi"", ""title"": ""Bocchi the Rock! - Bocchi-chan no Katsudou Nisshi. (Doujinshi)""}, {""id"": ""0f5eae5a-5c24-40f0-b0db-9c6681f91d28"", ""relation"": ""doujinshi"", ""title"": ""Bocchi the Rock! - Love・Ho・Tel! (Doujinshi)""}, {""id"": ""0fcdbd0d-67d0-4d0f-b033-5354f40e8c8a"", ""relation"": ""doujinshi"", ""title"": ""Bocchi the Rock! - Kasuka""}, {""id"": ""140458f7-be02-424b-98ac-1aa0cd9f45f9"", ""relation"": ""doujinshi"", ""title"": ""Dakuon""}, {""id"": ""1b24e129-ad0f-4e4f-a790-b4058c285b70"", ""relation"": ""doujinshi"", ""title"": ""Bocchi the Rock! - Shounin Yokkyuu (Doujinshi)""}, {""id"": ""213b5d67-41a7-4da9-a1ec-21febeea0b19"", ""relation"": ""doujinshi"", ""title"": ""Bocchi the Rock! - Scummy Bandman Bocchi (Doujinshi)""}, {""id"": ""22a7ed48-0ec2-4ee0-9a56-ad1b96f28394"", ""relation"": ""doujinshi"", ""title"": ""Bocchi the Rock! - Bocchi in the Closet (Doujinshi)""}, {""id"": ""23caa8e9-f944-4619-a20c-436d2b07da53"", ""relation"": ""doujinshi"", ""title"": ""Bocchi the Rock! - Bocchi and her Band Senpai (Doujinshi)""}, {""id"": ""251c7923-0554-418e-b6ac-1233997fae70"", ""relation"": ""doujinshi"", ""title"": ""Bocchi the Rock! - Gotou-san! Moshikashite Okottemasu ka? (Doujinshi)""}, {""id"": ""253f9e68-09e4-454c-a710-2adc8cbd313b"", ""relation"": ""side_story"", ""title"": ""Bocchi the Rock! × Odekake Kozame Anime Japan Collab Manga""}, {""id"": ""25cb9062-5dc4-4cd9-a07e-ba0e708f646c"", ""relation"": ""doujinshi"", ""title"": ""Bocchi the Rock! - BoKita ga Irekawaru Hanashi (Doujinshi)""}, {""id"": ""28103756-3c22-4870-b6ba-045d781b3b41"", ""relation"": ""doujinshi"", ""title"": ""Bocchi the Rock! - Because Cigarettes are Harmful to Your Body (Doujinshi)""}, {""id"": ""296017f6-3fad-4aa1-bd87-12078b6e0925"", ""relation"": ""doujinshi"", ""title"": ""Bocchi the Rock! - SasaBo (Webcomic)""}, {""id"": ""2a37384a-55f6-4c65-af58-f5d75b5177ab"", ""relation"": ""doujinshi"", ""title"": ""Niji no Anmin no Susume.""}, {""id"": ""2e058348-734a-4917-8be3-0a2906b82fc2"", ""relation"": ""doujinshi"", ""title"": ""Bocchi The Rock! - Bokita In Sendai (Doujinshi)""}, {""id"": ""2f19902f-ee5e-4501-a82e-1d58df36ced5"", ""relation"": ""doujinshi"", ""title"": ""Bocchi the Rock! - I Spin the Words - With You (Doujinshi)""}, {""id"": ""2fa5720e-0f86-4e57-9a97-fb2e49b77434"", ""relation"": ""doujinshi"", ""title"": ""Ikuyo LoveLove Chuuihou!""}, {""id"": ""2fb101fa-fb5c-4d1f-a5a7-7ebb8a3130fe"", ""relation"": ""doujinshi"", ""title"": ""Bocchi the Rock! - Their Sound (Doujinshi)""}, {""id"": ""2fd56fc3-d546-4582-afcd-b6f791c5f475"", ""relation"": ""doujinshi"", ""title"": ""Nijika-chan ni Kiss Suru Shuukan?""}, {""id"": ""35ea811a-16ff-4d2b-aae2-f74f8f73573f"", ""relation"": ""doujinshi"", ""title"": ""Bocchi the Rock! - Mendako Hoodie (Doujinshi)""}, {""id"": ""38958949-5920-4c52-89ce-5746b11af511"", ""relation"": ""doujinshi"", ""title"": ""Bocchi The Rock! - Not a Good Sister (Doujinshi)""}, {""id"": ""3afa9ceb-b671-43e0-af1e-302b6a12cd20"", ""relation"": ""doujinshi"", ""title"": ""Bocchi the Rock! - I Can No Longer Hear The Railway Crossing (Doujinshi)""}, {""id"": ""3b292e1a-a571-45b4-9a91-3c8dbbd00970"", ""relation"": ""side_story"", ""title"": ""Bocchi the Rock! Epigraph""}, {""id"": ""43194730-385f-4b98-8bff-c8197ce73949"", ""relation"": ""doujinshi"", ""title"": ""Bocchi the Rock! - Melting your Heart in Heat (Doujinshi)""}, {""id"": ""438ed6b3-8031-4a36-9698-0efac00a3170"", ""relation"": ""doujinshi"", ""title"": ""Bocchi the Rock! - My Guitar Hero (Doujinshi)""}, {""id"": ""482567ef-dfe9-47ef-8c46-7ba43b18907f"", ""relation"": ""doujinshi"", ""title"": ""Bocchi the Rock! - Yokkyuu Fuman (Doujinshi)""}, {""id"": ""4b1b5cc9-1889-4ebc-b613-f7e2142ff2fe"", ""relation"": ""side_story"", ""title"": ""Bocchi The Rock! Anthology Comic""}, {""id"": ""56901ae8-aece-4983-96c3-94751c96a8bb"", ""relation"": ""side_story"", ""title"": ""Bocchi the Rock! Gaiden - Hiroi Kikuri no Fukazake Nikki""}, {""id"": ""56f3bbc6-f019-4e11-a5fb-f6a8d843df88"", ""relation"": ""doujinshi"", ""title"": ""Bocchi the Rock! - Sugary Days (Doujinshi)""}, {""id"": ""5a5f6f37-e43c-4b3b-a928-5ae66fb11660"", ""relation"": ""doujinshi"", ""title"": ""Pleashe Wotch!""}, {""id"": ""5c512610-adf9-4810-be24-5f71440e0059"", ""relation"": ""doujinshi"", ""title"": ""Your Brightness & Your Kindness""}, {""id"": ""5d201313-4668-49cb-9693-0aea2c2796cb"", ""relation"": ""doujinshi"", ""title"": null}, {""id"": ""60e4307b-a274-4ae3-8c2e-7b574ab29962"", ""relation"": ""doujinshi"", ""title"": ""Bocchi The Rock! - First Night Bocchi x Kita (Doujinshi)""}, {""id"": ""617b18d4-30df-459e-b89f-107ed60e83e6"", ""relation"": ""doujinshi"", ""title"": ""Bocchi the Rock! - Aimless Escapade (Doujinshi)""}, {""id"": ""622a7495-721c-42f7-bcbd-7f20e7116dc5"", ""relation"": ""doujinshi"", ""title"": ""Bocchi the Rock! - Boniji the Rock! (Doujinshi)""}, {""id"": ""67047f18-d6be-42e3-80ea-0cc5a291a845"", ""relation"": ""doujinshi"", ""title"": ""Bocchi the Rock! - Stella of Silence (Doujinshi)""}, {""id"": ""68930489-ff31-4cc8-9397-444bc51db081"", ""relation"": ""doujinshi"", ""title"": ""Bocchi the Rock! - Playing Sisters (Doujinshi)""}, {""id"": ""6cb3d18b-7138-4b6c-b7e9-4686f48097c1"", ""relation"": ""doujinshi"", ""title"": ""Bocchi the Rock! - Showdown!! Ohtsuki Yoyoko VS Kita Ikuyo (Doujinshi)""}, {""id"": ""6daa228a-a710-455d-9b31-94d30c08a28d"", ""relation"": ""doujinshi"", ""title"": ""Bocchi the Rock! - We've been switchedー!? (Doujinshi)""}, {""id"": ""7083cd5b-23d8-49cb-8496-696dd4628bbc"", ""relation"": ""doujinshi"", ""title"": ""Bocchi the Rock! - Nijika and Alcohol (Doujinshi)""}, {""id"": ""70fa9113-fd61-4f35-a6ab-d04fcab6dd97"", ""relation"": ""doujinshi"", ""title"": ""Bocchi the Rock! - Living Together (Doujinshi)""}, {""id"": ""72b98e3e-7b41-4acd-8e68-c43e180cbb1e"", ""relation"": ""doujinshi"", ""title"": ""Bocchi the Rock! - I've Always Wanted to Meet You (Doujinshi)""}, {""id"": ""72ee7e0f-3fdd-4cf7-ae27-699520bf70b8"", ""relation"": ""doujinshi"", ""title"": ""Bocchi the Rock - Futari no Rokku (Doujinshi)""}, {""id"": ""77ffab77-99e1-4c7d-a3a3-4c8bb5a67cf0"", ""relation"": ""doujinshi"", ""title"": ""Bocchi the Rock! - Deisui shita Hiroi Kikuri ni Warui Koto o Suru Hanashi (Doujinshi)""}, {""id"": ""7c4d7158-5def-413a-8f07-45efefe0e523"", ""relation"": ""doujinshi"", ""title"": ""Bocchi the Rock! - Rock with Maids! (Doujinshi)""}, {""id"": ""824a21ad-9a26-45ae-8ea0-0ccba752a319"", ""relation"": ""doujinshi"", ""title"": ""Kita, Guitar, Kizuita?""}, {""id"": ""82c5e2d4-9042-4572-bd8a-a834b06fe37c"", ""relation"": ""doujinshi"", ""title"": ""Bocchi the Rock! - Gimme Everything! (Doujinshi)""}, {""id"": ""83482d7e-119c-4e0e-9418-48ea7eb169e9"", ""relation"": ""doujinshi"", ""title"": ""Bocchi the Rock! - Chikakute Tooi (Doujinshi)""}, {""id"": ""83a44add-0565-4633-9dc0-6843772cf624"", ""relation"": ""doujinshi"", ""title"": ""Bocchi The Rock! - I Will Always Be Waiting For You (Doujinshi)""}, {""id"": ""8420fcd6-d85c-41db-9685-b7f0c2d6f444"", ""relation"": ""doujinshi"", ""title"": ""Bocchi the Rock! - Meguriai Tokyo ~Les Fuuzoku e Iku.~ (Doujinshi)""}, {""id"": ""96cc1b1f-a3fe-4bfe-b715-6d705a5d42ff"", ""relation"": ""doujinshi"", ""title"": ""Bocchi the Rock! - Goto Hitori's Nightmare (Doujinshi)""}, {""id"": ""97f1b530-6284-471a-9425-549b8acce615"", ""relation"": ""doujinshi"", ""title"": ""Bocchi the Rock! - Bocchi the Classic! (Doujinshi)""}, {""id"": ""ae04937a-fd4a-49bb-96e2-eab37ab773c3"", ""relation"": ""doujinshi"", ""title"": ""Bocchi the Rock - Kita-chan Iwaku (Doujinshi)""}, {""id"": ""b3a582f3-7be3-4996-944f-b28c7e8b82a1"", ""relation"": ""doujinshi"", ""title"": ""Bocchi the Rock! - Senpai-tachi no Pocky Game (Doujinshi)""}, {""id"": ""c0e93682-12f8-4786-a22c-17c9a85fd5a5"", ""relation"": ""doujinshi"", ""title"": ""Bocchi the Rock! - Nijika and guitarhero (Doujinshi)""}, {""id"": ""c8d6d75d-5d43-48ac-a07e-95ba1150676c"", ""relation"": ""doujinshi"", ""title"": ""Bocchi the Rock! - The Kouhai's Reactions to Being Teased Were Far Beyond Their Senpai's Expectations... (Doujinshi)""}, {""id"": ""d0ad2534-2b28-40b9-95a8-cd2a26ad473b"", ""relation"": ""doujinshi"", ""title"": ""Kita-chan no Hitorigoto""}, {""id"": ""d75ea333-e068-464f-8e7e-65c8170e83f8"", ""relation"": ""doujinshi"", ""title"": ""Bocchi the Rock! - You'll Surely Find Stars That Have Strayed From The Meteor Shower (Doujinshi)""}, {""id"": ""dbea9894-fa8b-4d10-ac6d-0a85a1612e38"", ""relation"": ""doujinshi"", ""title"": ""Bocchi the Rock! - 10⁻¹⁴ (Doujinshi)""}, {""id"": ""dfc21514-f435-4779-8cd5-ca90ca6c9257"", ""relation"": ""doujinshi"", ""title"": ""Hitorichan no suki na hito tte dare nano kashira?""}, {""id"": ""e0a1a0bc-5edf-49d2-992e-abea45907be9"", ""relation"": ""doujinshi"", ""title"": ""Bocchi the Rock! - Bocchi-chan Going All Out (Doujinshi)""}, {""id"": ""e40e6387-4775-4e90-93bc-4df99e521594"", ""relation"": ""doujinshi"", ""title"": ""Bocchi the Rock! - Flashbackers (Doujinshi)""}, {""id"": ""e557673b-9e43-4b55-ad49-cf4d2e4f6bc9"", ""relation"": ""doujinshi"", ""title"": ""Bocchi the Rock! - The Ijichi Sisters Switch Bodies! (Doujinshi)""}, {""id"": ""e72797f4-6a4b-4b13-a0e7-a9cb46f4d2b7"", ""relation"": ""doujinshi"", ""title"": ""Bocchi the Rock! - To Your Home (Doujinshi)""}, {""id"": ""e7729fe3-209f-435f-a8e3-38a83006e02e"", ""relation"": ""doujinshi"", ""title"": ""Bocchi the Rock! - Broke Quest (Doujinshi)""}, {""id"": ""eeeba4c1-fda6-40eb-aa65-a25073d499ab"", ""relation"": ""doujinshi"", ""title"": ""Bocchi the Rock! - Stereophonic (Doujinshi)""}, {""id"": ""f8023eb4-dc6f-4195-acb4-53cb51e4769f"", ""relation"": ""doujinshi"", ""title"": ""Bocchi the Rock! - \""Is anything the matter, Ryo-san?\"" (Doujinshi)""}, {""id"": ""f8e56358-ed18-46f0-b3bb-90c1e589b435"", ""relation"": ""doujinshi"", ""title"": ""Bocchi the Rock! - The Senpais' Day Off (Doujinshi)""}, {""id"": ""f9167371-2c46-4fe7-b4a2-7f7ae5a5558d"", ""relation"": ""doujinshi"", ""title"": ""Bocchi the Rock! - Ketai mishiteyo, Hitori-chan (Doujinshi)""}, {""id"": ""fd3b947b-5f6b-4759-9691-91570a152bc6"", ""relation"": ""doujinshi"", ""title"": ""Bocchi The Rock! - You, the Musical Performance (Doujinshi)""}, {""id"": ""ffb30e56-e39a-4ac5-af6c-669f93e5f2d4"", ""relation"": ""doujinshi"", ""title"": ""Bocchi the Rock! - Daigakusei Nijika to Alcohol""}]"
31,645ed5e1-9a81-4771-9088-8e8265c4bd42,Kimi ni Okuru Eien,The Eternity For You,Yuama,Yuama,Oneshot; Psychological; Romance; Girls' Love; Drama; School Life; Tragedy,,completed,2024.0,safe,ja,8080,9.5701,9.51791074395952,26,1,"[{""id"": ""6ecc62e4-25ad-4102-b0d8-580a8023d2fb"", ""relation"": ""main_story"", ""title"": ""Kimi to Tsuzuru Utakata""}]"
32,5d1fc77e-706a-4fc5-bea8-486c9be0145d,Vinland Saga,,Yukimura Makoto,Yukimura Makoto,Award Winning; Historical; Action; Psychological; Survival; Adventure; Philosophical; Gore; Drama; Tragedy,seinen,completed,2005.0,suggestive,ja,103391,9.5316,9.516066094351208,220,3,"[{""id"": ""08cd6a32-c1e4-4a26-94a5-92bac648b9ac"", ""relation"": ""alternate_story"", ""title"": ""Animal Land Saga Season 2""}, {""id"": ""9eec6ba5-68a4-4b42-9bc1-8b7472f62ed5"", ""relation"": ""alternate_story"", ""title"": ""Animalland Saga""}, {""id"": ""c6969b83-32b4-4218-8934-4d9663607b5b"", ""relation"": ""spin_off"", ""title"": ""Ganso Ylva-chan""}]"
33,0fc2cafc-0c2f-419c-a891-5c0745080800,Bungou Stray Dogs: STORM BRINGER,Bungou Stray Dogs: STORM BRINGER,Asagiri Kafka; Hoshikawa Shiwasu,Hoshikawa Shiwasu,Action; Crime; Mafia; Drama; Police; Slice of Life; Supernatural; Mystery,seinen,ongoing,2025.0,safe,ja,2740,9.8366,9.514538867863084,2,3,"[{""id"": ""3fba42cf-2ad6-4c30-a7ab-46cb8149208a"", ""relation"": ""main_story"", ""title"": ""Bungou Stray Dogs""}, {""id"": ""61889f95-60b7-4406-a5db-b256d2a742ae"", ""relation"": ""shared_universe"", ""title"": ""Bungou Stray Dogs: Dazai wo Hirotta Hi""}, {""id"": ""d8dcbff1-a8b6-4fcf-88de-3977aa5cef33"", ""relation"": ""prequel"", ""title"": ""Bungou Stray Dogs: Dazai, Chuuya, Juugosai""}]"
34,e18fe8c6-f6dc-4f05-8462-7b2083ff9a6c,Kusuriya no Hitorigoto,The Apothecary Diaries,Hyuuga Natsu; Nanao Itsuki,Nekokurage,Award Winning; Historical; Romance; Drama; Medical; Mystery; Adaptation,seinen,ongoing,2017.0,suggestive,ja,143023,9.5244,9.514192480700666,519,5,"[{""id"": ""5446b906-bb90-404e-bb68-6703c90bcf71"", ""relation"": ""doujinshi"", ""title"": ""The Apothecary Diaries - The Imperial Family, the La Clan, and JinMao As Childhood Friends (Doujinshi)""}, {""id"": ""80a64000-a9af-4b19-8b37-0024030934d4"", ""relation"": ""doujinshi"", ""title"": ""Kusuriya no Hitorigoto - Neko 2 ga Kusuri no Chougou o Machigaetarashii desu yo (Doujinshi)""}, {""id"": ""8c1d7d0c-e0b7-4170-941d-29f652c3c19d"", ""relation"": ""alternate_story"", ""title"": ""Kusuriya no Hitorigoto: Maomao no Koukyuu Nazotoki Techou""}, {""id"": ""bef2a2d4-2ff5-437d-bc6c-8ec49c452a36"", ""relation"": ""spin_off"", ""title"": ""Kusuriya no Hitorigoto Gaiden: Xiaolan Kaisouroku""}, {""id"": ""cd61630f-1efa-44b9-957d-371f856714ec"", ""relation"": ""doujinshi"", ""title"": ""Kusuriya no Hitorigoto - Mutual Unrequited Love (Doujinshi)""}]"
35,a4b39b6e-a448-4644-a540-64ceff1d8305,Jibaku Shounen: Hanako-kun,Toilet-Bound Hanako-kun,AidaIro,AidaIro,Time Travel; Ghosts; Romance; Comedy; Adventure; School Life; Supernatural,shounen,hiatus,2014.0,safe,ja,50443,9.541,9.513283577088417,215,2,"[{""id"": ""7c0dbcc2-f990-4d15-b084-4853050f02d3"", ""relation"": ""spin_off"", ""title"": ""After-school Hanako-kun""}, {""id"": ""8902e74b-a0a9-4f43-be24-5a6fa41fc2db"", ""relation"": ""shared_universe"", ""title"": ""Money, Maidens, Love, and Innocence""}]"
36,db692d58-4b13-4174-ae8c-30c515c0689c,Hunter x Hunter,Hunter x Hunter,Togashi Yoshihiro,Togashi Yoshihiro,Award Winning; Action; Psychological; Animals; Martial Arts; Adventure; Philosophical; Gore; Drama; Horror; Fantasy; Mystery; Tragedy,shounen,ongoing,1998.0,suggestive,ja,55363,9.5418,9.512722203321688,92,12,"[{""id"": ""055958a6-7ef6-487c-a9ea-12c1e57df4cc"", ""relation"": ""doujinshi"", ""title"": ""Hunter x Hunter - Ore no Douki ga Onna datta Rashii (Doujinshi)""}, {""id"": ""3082b309-6dd8-4f29-97d1-82cb83e44cff"", ""relation"": ""doujinshi"", ""title"": ""Hunter x Hunter - Killua-kun, Heeere!! (Doujinshi)""}, {""id"": ""35feb75c-b1fb-4e41-9369-e47206751600"", ""relation"": ""doujinshi"", ""title"": ""Hunter x Hunter - Pitou x Hunter (Doujinshi)""}, {""id"": ""3b2402f7-5288-4e1f-b892-57882fdb0c51"", ""relation"": ""doujinshi"", ""title"": ""Hunter x Hunter - Reversal""}, {""id"": ""5777eab3-483c-420c-8d35-d2b54985ec1d"", ""relation"": ""side_story"", ""title"": ""Hunter x Hunter - Hisoka Origin Story""}, {""id"": ""5d2e564c-40b6-48f1-b994-04a3e66c3d63"", ""relation"": ""doujinshi"", ""title"": ""Hunter x Hunter - What is Pitou's Gender? (Doujinshi)""}, {""id"": ""7c0e0663-b194-41c8-aeb3-8a18faed196e"", ""relation"": ""doujinshi"", ""title"": ""Tsuyokute Hunter x Hunter""}, {""id"": ""8b57be34-9684-49a9-b9e7-59dbc9698e0a"", ""relation"": ""doujinshi"", ""title"": ""Hunter x Hunter - Ketsu ni Nerai o Cow & Ass (Doujinshi)""}, {""id"": ""8f8c4f0e-93f5-433e-ba13-017746b485ec"", ""relation"": ""doujinshi"", ""title"": ""Jump All Stars Battle (Doujinshi)""}, {""id"": ""e1c4f4a7-7180-4e45-94f9-94676ba46eec"", ""relation"": ""doujinshi"", ""title"": ""Hunter x Hunter - Gugenka-kei Joshi!! (Doujinshi)""}, {""id"": ""f07dd1ff-62fe-4d35-bb31-31eee80703ef"", ""relation"": ""doujinshi"", ""title"": ""Hunter x Hunter - Halloween (Doujinshi)""}, {""id"": ""f445aff3-fc8d-4784-9b82-c808387934be"", ""relation"": ""doujinshi"", ""title"": ""Seinen Jarip (Doujinshi)""}]"
37,6df29d13-2dab-4ca6-a0b5-74070abf3e1d,Akuyaku Reijou no Naka no Hito,The One Within the Villainess,Makiburo,Shiraume Nazuna,Reincarnation; Monsters; Action; Demons; Psychological; Romance; Adventure; Magic; Isekai; Drama; Fantasy; Villainess; Adaptation,josei,completed,2021.0,safe,ja,75507,9.5201,9.509453338275291,231,0,[]
38,fed8c19c-9dec-4ef1-a187-af2c0c9cf17c,"Umarekawatte mo mata, Watashi to Kekkon shite kuremasu ka?",Will You Marry Me Again If You Are Reborn?,Morinaga Miku,Morinaga Miku,Historical; Romance; Comedy; Drama; Slice of Life; Tragedy,shoujo,completed,2017.0,safe,ja,28701,9.5337,9.497819162435352,254,1,"[{""id"": ""16a00f1a-d3d8-4777-bcea-d89e7578da16"", ""relation"": ""shared_universe"", ""title"": ""Umarekawattara Mata,""}]"
39,7a9d76c3-42b9-4bcf-81d7-ad307d2ea971,JoJo no Kimyou na Bouken: Part 8 - JoJolion Color-ban,"JoJo's Bizarre Adventure, Part 8: JoJolion - Digital Colored Comics",Araki Hirohiko,Araki Hirohiko,Thriller; Award Winning; Reincarnation; Official Colored; Action; Comedy; Adventure; Sexual Violence; Gore; Drama; Horror; Fantasy; Slice of Life; Supernatural; Mystery,seinen,completed,2015.0,suggestive,ja,52464,9.5173,9.496322960633577,167,2,"[{""id"": ""1044287a-73df-48d0-b0b2-5327f32dd651"", ""relation"": ""prequel"", ""title"": ""JoJo no Kimyou na Bouken: Part 7 - Steel Ball Run Color-ban""}, {""id"": ""334019e1-18bb-4ac0-b35c-0e8efb1e481c"", ""relation"": ""sequel"", ""title"": ""JoJo no Kimyou na Bouken Dai-9-bu: The JOJOLands Color-ban""}]"
40,cb1b1da5-9436-49f5-8a6b-a1689fb86d91,Love Bullet,LOVE-BULLET,inee,inee,Reincarnation; Action; Romance; Girls' Love; Drama; Supernatural,seinen,ongoing,2023.0,safe,ja,49966,9.5146,9.49076714312586,42,0,[]
41,077a3fed-1634-424f-be7a-9a96b7f07b78,Kingdom,Kingdom,Hara Yasuhisa,Hara Yasuhisa,Award Winning; Historical; Action; Survival; Military; Gore; Drama,seinen,ongoing,2006.0,suggestive,ja,63137,9.5127,9.490162371929983,200,6,"[{""id"": ""2115ffb9-064c-43b4-8938-d8217c02d9e8"", ""relation"": ""side_story"", ""title"": null}, {""id"": ""9e8cc379-2637-41c1-830d-7074602bdd30"", ""relation"": ""doujinshi"", ""title"": ""KINGDOM - Kingdom Nobu (Doujinshi)""}, {""id"": ""da8fa204-8bfa-44e3-b38c-5295e8679413"", ""relation"": ""doujinshi"", ""title"": ""KINGDOM - Super Komi 26 Paper Comics (Doujinshi)""}, {""id"": ""e02a06cc-0f36-43d2-a58e-8e5147c8bcd1"", ""relation"": ""doujinshi"", ""title"": ""KINGDOM - Tsugai no Jouken (Doujinshi)""}, {""id"": ""ef0f5191-c1ec-4b06-a063-d19708a4a50f"", ""relation"": ""side_story"", ""title"": null}, {""id"": ""f7ba20c5-1a0f-4ff8-bfac-0baf492d9697"", ""relation"": ""doujinshi"", ""title"": null}]"
42,5b93fa0f-0640-49b8-974e-954b9959929b,Shoujo Shuumatsu Ryoukou,Girls' Last Tour,Tsukumizu,Tsukumizu,Award Winning; Sci-Fi; Adventure; Post-Apocalyptic; Slice of Life; Tragedy,seinen,completed,2014.0,safe,ja,34200,9.5123,9.488110467250642,164,17,"[{""id"": ""033760f0-700e-410d-8582-d29fc2cf3291"", ""relation"": ""side_story"", ""title"": null}, {""id"": ""1dc91513-14ad-4692-ba71-d9b726fa0027"", ""relation"": ""doujinshi"", ""title"": ""Girls' Last Tour - Shoujo Shuumatsu Ryokou ~IF~ Saijou-sou (Doujinshi)""}, {""id"": ""23361134-1ec8-4160-a284-f21aee3d009f"", ""relation"": ""prequel"", ""title"": null}, {""id"": ""48e6df08-9117-4000-a2d9-4a950e9eb4eb"", ""relation"": ""prequel"", ""title"": null}, {""id"": ""4fc9b5e4-3d3e-4fb8-aef2-e18b587b32f3"", ""relation"": ""prequel"", ""title"": null}, {""id"": ""62fc58dd-9710-418d-a514-90be68e41a40"", ""relation"": ""doujinshi"", ""title"": ""Vocaloid & Girls' Last Tour - The Vocaloid and the Last Girls (Doujinshi)""}, {""id"": ""679615f2-ca94-45aa-99a5-62a4afdc0194"", ""relation"": ""side_story"", ""title"": null}, {""id"": ""8041f894-972a-4659-bfad-5570fd275a9e"", ""relation"": ""side_story"", ""title"": null}, {""id"": ""8e95570e-93a7-494d-8e83-bd755e3b631d"", ""relation"": ""prequel"", ""title"": ""Kaisou Toshi Danpenshuu""}, {""id"": ""9c79d394-bfc3-4ec1-b42a-8d11497b1d4b"", ""relation"": ""side_story"", ""title"": null}, {""id"": ""a07bde20-3862-4255-92a5-de60e3b38756"", ""relation"": ""spin_off"", ""title"": ""Girls' Last Tour Official Anthology Comic""}, {""id"": ""a951065a-cfa9-42c9-bbd1-ce7c3a4b9393"", ""relation"": ""prequel"", ""title"": null}, {""id"": ""bb8217b3-0d4e-4cda-897f-4bb390f76235"", ""relation"": ""side_story"", ""title"": null}, {""id"": ""bb9fb8da-dc1f-4a7b-bc1f-7607088c4f9d"", ""relation"": ""doujinshi"", ""title"": ""Girls' Last Tour - Amagasa (Doujinshi)""}, {""id"": ""d35d4c88-79a4-4b42-81f8-f967982f848f"", ""relation"": ""prequel"", ""title"": null}, {""id"": ""e61cd24e-d08b-4752-8c19-226c8a9fce4e"", ""relation"": ""side_story"", ""title"": ""Shoujo Shuumatsu Ryokou - Matome Bon""}, {""id"": ""f28334a2-4e85-4607-9166-deb0cdd23bf1"", ""relation"": ""side_story"", ""title"": null}]"
43,ab8cbb82-d0ed-45a7-8ffe-4bfa6d43d79c,JoJo no Kimyou na Bouken Dai-9-bu: The JOJOLands,JoJo's Bizarre Adventure Part 9 - The JOJOLands,Araki Hirohiko,Araki Hirohiko,Action; Crime; Mafia; Adventure; Sexual Violence; Gore; Drama; Delinquents; Supernatural; Mystery,seinen,ongoing,2023.0,suggestive,ja,51445,9.5128,9.48380408424628,140,1,"[{""id"": ""c086153a-0162-412a-9914-a7b2633d0cd3"", ""relation"": ""prequel"", ""title"": ""JoJo no Kimyou na Bouken: Part 8 - JoJolion""}]"
44,4a433d6b-f51a-4c2f-a183-85419fe98efc,Medalist,Medalist,Tsuruma Ikada,Tsuruma Ikada,Award Winning; Comedy; Sports; Drama; Slice of Life,seinen,ongoing,2020.0,safe,ja,12884,9.6092,9.480869775233511,52,0,[]
45,56261e00-c2e5-48b5-b003-f28a58eb80f7,Bungou Stray Dogs Beast,Bungou Stray Dogs Beast,Asagiri Kafka; Harukawa 35,Hoshikawa Shiwasu,Action; Mafia; Drama; Supernatural; Mystery; Adaptation,shounen,completed,2019.0,safe,ja,9333,9.6006,9.476920479289065,32,5,"[{""id"": ""3fba42cf-2ad6-4c30-a7ab-46cb8149208a"", ""relation"": ""adapted_from"", ""title"": ""Bungou Stray Dogs""}, {""id"": ""3fba42cf-2ad6-4c30-a7ab-46cb8149208a"", ""relation"": ""alternate_story"", ""title"": ""Bungou Stray Dogs""}, {""id"": ""3fba42cf-2ad6-4c30-a7ab-46cb8149208a"", ""relation"": ""main_story"", ""title"": ""Bungou Stray Dogs""}, {""id"": ""569963c5-6b0b-4f92-b561-e1304b78b0dc"", ""relation"": ""alternate_story"", ""title"": ""Bungou Stray Dogs: Wan!""}, {""id"": ""61889f95-60b7-4406-a5db-b256d2a742ae"", ""relation"": ""shared_universe"", ""title"": ""Bungou Stray Dogs: Dazai wo Hirotta Hi""}]"
46,157ab2cc-1fc7-4b29-8955-72d94a140982,Kesa mo Yuraretemasu,They are Still Being Shaken This Morning,Masuda Eiji,Masuda Eiji,Romance; Comedy; Drama; School Life; Slice of Life,shounen,ongoing,2024.0,safe,ja,91782,9.4913,9.474408953731979,131,1,"[{""id"": ""a990c2a1-b54f-4f4f-986c-3cdab1c9f2f9"", ""relation"": ""shared_universe"", ""title"": ""Jitsu wa Watashi wa""}]"
47,fffbfac3-b7ad-41ee-9581-b4d90ecec941,Grand Blue Dreaming,Grand Blue Dreaming,Inoue Kenji,Yoshioka Kimitake,Romance; Comedy; Harem; Drama; School Life; Slice of Life,seinen,ongoing,2014.0,suggestive,ja,80325,9.4921,9.472239278648976,365,1,"[{""id"": ""4df43a29-4a5a-4e98-a365-e0c3db89f6a8"", ""relation"": ""side_story"", ""title"": ""Grand Blue & TenPuru Christmas Specials""}]"
48,5f64d517-c4ea-40c0-a463-fcc069d39d3b,"Tsuihou Sareru Tabi ni Skill o Te ni Ireta Ore ga, 100 no Isekai de 2-shuume Musou","I Got a New Skill Every Time I Was Exiled, and After 100 Different Worlds, I Was Unmatched",Hinoura Takumi ,Nimori Shimatsukasa,Reincarnation; Time Travel; Monsters; Action; Demons; Romance; Comedy; Adventure; Magic; Isekai; Gore; Fantasy; Adaptation,seinen,ongoing,2022.0,safe,ja,126685,9.4807,9.470546333564736,259,0,[]
49,b73371d4-02dd-4db0-b448-d9afa3d698f1,Ao Ashi,Aoashi,Kobayashi Yuugo,Kobayashi Yuugo,Award Winning; Sports; Drama; School Life; Slice of Life,seinen,completed,2015.0,safe,ja,31491,9.5072,9.46878786209377,282,2,"[{""id"": ""31ef5ecf-d06a-4335-8b0d-591d5f481993"", ""relation"": ""side_story"", ""title"": ""Ao Ashi Midnight Diner""}, {""id"": ""5eb2c6fa-4dc4-4fba-974f-ae44bd8ce2ff"", ""relation"": ""side_story"", ""title"": ""Ao Ashi Brotherfoot""}]"
50,9e03b2ca-5191-44a6-88b6-c0cd49d06b51,"Jumyou o Kaitotte Moratta. Ichinen ni Tsuki, Ichimanen de.",Three Days of Happiness,Taguchi Shouichi; Miaki Sugaru,Taguchi Shouichi,Romance; Philosophical; Drama; Supernatural; Adaptation; Tragedy,shounen,completed,2016.0,safe,ja,50833,9.4753,9.468027554007852,632,0,[]
51,7e2ddc4c-c07c-4163-bf48-2b7c45f7b7fb,NANA,NANA,Yazawa Ai,Yazawa Ai,Award Winning; Romance; Comedy; Drama; Slice of Life; Music; Tragedy,shoujo,hiatus,1999.0,suggestive,ja,19603,9.5869,9.46775562325955,18,0,[]
52,a07320a4-afcd-413a-a451-d69a448d0c28,Usogui,,Sako Toshio,Sako Toshio,Traditional Games; Action; Psychological; Crime; Sports; Martial Arts; Mafia; Philosophical; Gore; Drama; Mystery,seinen,completed,2006.0,safe,ja,26293,9.5278,9.460274733835965,139,1,"[{""id"": ""b871460a-60cd-4f8e-b82a-71d227654bba"", ""relation"": ""spin_off"", ""title"": ""Usogui to Kakerou Tachiainin""}]"
53,8ef11280-30bc-434b-bf61-c61e092905ac,Class de 2-banme ni Kawaii Onnanoko to Tomodachi ni Natta,I Made Friends with the Second Prettiest Girl in My Class,Takata,Ono Rin,Romance; Comedy; School Life; Slice of Life; Adaptation,shounen,ongoing,2022.0,safe,ja,101687,9.4728,9.46004501068743,112,0,[]
54,319df2e2-e6a6-4e3a-a31c-68539c140a84,Slam Dunk!,Slam Dunk!,Inoue Takehiko,Inoue Takehiko,Award Winning; Comedy; Sports; Philosophical; Drama; School Life; Delinquents; Slice of Life,shounen,completed,1990.0,safe,ja,21986,9.5045,9.456268724204975,36,10,"[{""id"": ""31f96ccd-74f6-47a5-ae95-4198d700d68f"", ""relation"": ""alternate_version"", ""title"": null}, {""id"": ""3805fc64-44f0-46b6-b972-5c14ce7e856c"", ""relation"": ""alternate_story"", ""title"": ""Maple Purple""}, {""id"": ""75efbb4d-0183-44ff-886a-62f8f2d71c06"", ""relation"": ""alternate_version"", ""title"": null}, {""id"": ""8337b5c5-6f70-48fd-b1ed-42230c06b158"", ""relation"": ""alternate_version"", ""title"": null}, {""id"": ""90bf7685-1792-4627-b3a1-65fd9951c835"", ""relation"": ""alternate_version"", ""title"": null}, {""id"": ""9461677d-77cf-4720-9450-aa7ea915975d"", ""relation"": ""alternate_version"", ""title"": null}, {""id"": ""95afcb3d-fde2-44c3-95f0-37b982e687c6"", ""relation"": ""alternate_version"", ""title"": null}, {""id"": ""9ea603c8-f121-4fdf-a4af-ca3c106c0a59"", ""relation"": ""doujinshi"", ""title"": ""Slam Dunk! - Fence of Defense (Doujinshi)""}, {""id"": ""d84b20c0-2502-4ed6-8a3a-65448e1acd46"", ""relation"": ""alternate_version"", ""title"": ""Slam Dunk (Shinsoban Release)""}, {""id"": ""e199e661-ce19-4d47-814d-ae4d374ee042"", ""relation"": ""alternate_version"", ""title"": null}]"
55,3bb0279f-a01d-4aa4-93e4-305800f4b83e,Akatsuki no Yona,Yona of the Dawn,Kusanagi Mizuho,Kusanagi Mizuho,Action; Romance; Comedy; Reverse Harem; Adventure; Military; Drama; Fantasy; Mystery,shoujo,completed,2009.0,suggestive,ja,56014,9.4792,9.452595330539385,356,0,[]
56,cedc7401-8c70-4057-b14a-4ecbbcd73945,Otoyomegatari,A Bride's Story,Mori Kaoru,Mori Kaoru,Award Winning; Traditional Games; Historical; Romance; Survival; Drama; Slice of Life,seinen,ongoing,2008.0,suggestive,ja,38136,9.4939,9.45062626880666,241,2,"[{""id"": ""2be6f59f-454c-4894-b08f-f490152c9312"", ""relation"": ""spin_off"", ""title"": ""Chuuou Asia Cooking""}, {""id"": ""93b98af5-1424-4793-a73c-7622300aa094"", ""relation"": ""side_story"", ""title"": ""Mori Kaoru Shuuishuu - Anything and Something""}]"
57,d7037b2a-874a-4360-8a7b-07f2899152fd,Mairimashita! Iruma-kun,Welcome to Demon School! Iruma-kun,Nishi Osamu ,Nishi Osamu ,Monsters; Action; Demons; Romance; Comedy; Crossdressing; Magic; Isekai; School Life; Fantasy,shounen,ongoing,2017.0,safe,ja,150157,9.4585,9.449985504924589,1743,5,"[{""id"": ""4a904949-da95-4d7d-8b39-9af045ccc25e"", ""relation"": ""spin_off"", ""title"": ""Mairimashita! Iruma-kun: Boku Doumei no Game-michi""}, {""id"": ""61526d2c-1a12-402e-9072-76d4a8010cbd"", ""relation"": ""side_story"", ""title"": ""Mairimashita! Iruma-kun: Kalego Gaiden""}, {""id"": ""a2263632-9329-4e3d-95d5-ee9022128581"", ""relation"": ""spin_off"", ""title"": ""After School! Iruma-kun""}, {""id"": ""c8a49176-cf28-42e5-960e-8efd2d903323"", ""relation"": ""spin_off"", ""title"": ""We are the Main Characters of the Demon World!""}, {""id"": ""ea47525d-99df-45b5-9103-dd853f49f8c3"", ""relation"": ""alternate_story"", ""title"": ""Mairimashita! Iruma-kun - If Episode of Mafia""}]"
58,d9e30523-9d65-469e-92a2-302995770950,Monster,,Urasawa Naoki,Urasawa Naoki,Thriller; Award Winning; Monsters; Psychological; Crime; Philosophical; Gore; Drama; Medical; Horror; Police; Mystery; Tragedy,seinen,completed,1994.0,suggestive,ja,36457,9.4823,9.4485365853047,43,0,[]
59,69060a67-1d4e-4110-9d29-838bfd99917f,Yagate Kimi ni Naru,Bloom into You,Nakatani Nio,Nakatani Nio,Romance; Girls' Love; Drama; School Life; Slice of Life,shounen,completed,2015.0,suggestive,ja,56126,9.4583,9.447756227128462,196,7,"[{""id"": ""27cec489-fea0-43ff-9b52-2b0cdc70a462"", ""relation"": ""spin_off"", ""title"": ""Yagate Kimi ni Naru Koushiki Comic AnthologyBloom Into You Anthology""}, {""id"": ""3c9e93bf-9108-4030-ae61-72bd5397fb00"", ""relation"": ""alternate_version"", ""title"": ""Yagate Kimi ni Naru (Webtoon)""}, {""id"": ""41368aee-1670-41f0-9949-70826b95b6e7"", ""relation"": ""doujinshi"", ""title"": ""Yagate Kimi ni Naru - Neko no Kimochi (Doujinshi)""}, {""id"": ""477292ce-df1b-453f-a545-8a3742637192"", ""relation"": ""doujinshi"", ""title"": ""Yagate Kimi ni Naru - About YuuSaya (Doujinshi)""}, {""id"": ""8c9947e3-f4b6-4c89-82e6-94a8544e00d5"", ""relation"": ""doujinshi"", ""title"": ""Yagate Kimi ni Naru - Yuuhi Sashikomu (Doujinshi)""}, {""id"": ""9875e4bb-5e3b-4303-87da-be10ddeb236c"", ""relation"": ""doujinshi"", ""title"": ""Yagate Kimi ni Naru - Kienai Ondo (Doujinshi)""}, {""id"": ""c7a9ef37-afd7-49da-bb83-af75dce08bfe"", ""relation"": ""doujinshi"", ""title"": ""Bloom Into You - Rough Maker (Doujinshi)""}]"
60,d8dcbff1-a8b6-4fcf-88de-3977aa5cef33,"Bungou Stray Dogs: Dazai, Chuuya, Juugosai","Bungo Stray Dogs: Dazai, Chuuya, Age Fifteen",Asagiri Kafka,Hoshikawa Shiwasu,Action; Crime; Mafia; Drama; Supernatural; Mystery; Adaptation,shounen,completed,2022.0,safe,ja,3592,9.7735,9.446003442715785,3,3,"[{""id"": ""0fc2cafc-0c2f-419c-a891-5c0745080800"", ""relation"": ""sequel"", ""title"": ""Bungou Stray Dogs: STORM BRINGER""}, {""id"": ""3fba42cf-2ad6-4c30-a7ab-46cb8149208a"", ""relation"": ""main_story"", ""title"": ""Bungou Stray Dogs""}, {""id"": ""569963c5-6b0b-4f92-b561-e1304b78b0dc"", ""relation"": ""sequel"", ""title"": ""Bungou Stray Dogs: Wan!""}]"
61,7e544761-7d3d-4fce-8137-719814d7d138,Eleceed,Eleceed,Son Jae-Ho (손제호),Zhena,Action; Animals; Long Strip; Comedy; Martial Arts; Adventure; Supernatural; Full Color,,ongoing,2018.0,safe,ko,31953,9.4881,9.44525813741006,160,0,[]
62,244c9d4f-e5fb-4590-9b96-4da191977b33,Skip to Loafer,Skip and Loafer,Takamatsu Misaki,Takamatsu Misaki,Award Winning; Romance; Comedy; School Life; Slice of Life,seinen,ongoing,2018.0,safe,ja,42884,9.4779,9.443437845663324,203,0,[]
63,67e7453b-9ee5-4ae5-9316-215b03e4a71d,Tongari Boushi no Atelier,Witch Hat Atelier,Shirahama Kamome,Shirahama Kamome,Award Winning; Adventure; Magic; Drama; School Life; Fantasy; Slice of Life,seinen,ongoing,2016.0,safe,ja,79257,9.4654,9.441285181334786,198,1,"[{""id"": ""77566ea5-33a0-43e2-ba5b-ff7af8c397c9"", ""relation"": ""spin_off"", ""title"": ""Tongari Boushi no Kitchen""}]"
64,8847f905-550d-4fe6-bcda-ac2b896789c7,Golden Kamuy,Golden Kamuy,Noda Satoru,Noda Satoru,Thriller; Award Winning; Historical; Action; Animals; Comedy; Survival; Samurai; Adventure; Military; Gore; Drama; Slice of Life; Cooking; Tragedy,seinen,completed,2014.0,suggestive,ja,53368,9.4693,9.44013048371578,266,4,"[{""id"": ""14104bda-5f58-458a-90e1-bd0031a07195"", ""relation"": ""doujinshi"", ""title"": null}, {""id"": ""3c3f4753-9866-4e73-a5bf-98da5992fa75"", ""relation"": ""spin_off"", ""title"": ""Silver Kamuy""}, {""id"": ""700106dc-efcf-4d13-b351-9adabdc55df9"", ""relation"": ""doujinshi"", ""title"": ""Golden Kamuy - Marshmallow (Doujinshi)""}, {""id"": ""b4d6f280-dd63-4858-8248-204d5a1a4a3e"", ""relation"": ""doujinshi"", ""title"": ""Koisugi""}]"
65,38f386ce-f2dc-4f2b-99f9-522eab56078d,Webtoon Character Na Kang Lim,Webtoon Character Na Kang Lim,Lee Kyung-Min,Song Joon-Hyuk,Time Travel; Action; Long Strip; Romance; Comedy; Superhero; Harem; School Life; Fantasy; Delinquents; Web Comic; Slice of Life; Full Color,,completed,2021.0,safe,ko,39120,9.4611,9.439824778364223,163,4,"[{""id"": ""01579686-499d-48ea-bb83-a983d8042688"", ""relation"": ""alternate_story"", ""title"": ""The Charlatan’s Naming Studio""}, {""id"": ""02b80fce-8fd0-46dc-a6e4-a65f701fde4a"", ""relation"": ""shared_universe"", ""title"": ""Uli an Sagwieo!!""}, {""id"": ""4442a681-afbf-425d-8787-3cb8efef6ba7"", ""relation"": ""alternate_story"", ""title"": ""Blue-Haired Guy""}, {""id"": ""97171bdf-dc27-44ca-a6f3-6bb455fe84c7"", ""relation"": ""shared_universe"", ""title"": ""Gangnam Dokkaebi""}]"
66,ae163fec-29d0-42f9-9fac-b751fc0f9035,The Disastrous Life of Saiki K.,The Disastrous Life of Saiki K.,Asou Shuuichi,Asou Shuuichi,Comedy; School Life; Slice of Life; Supernatural,shounen,completed,2012.0,safe,ja,19113,9.4952,9.438585200349403,106,2,"[{""id"": ""8f8c4f0e-93f5-433e-ba13-017746b485ec"", ""relation"": ""doujinshi"", ""title"": ""Jump All Stars Battle (Doujinshi)""}, {""id"": ""cf19b4e0-3618-4bf4-8035-a265c3bb3fce"", ""relation"": ""shared_universe"", ""title"": ""Our Hero Studies""}]"
67,d0f286ac-9ecf-4472-a3d7-1009eb0199e2,Hirano to Kagiura,Hirano And Kagiura,Harusono Shou,Harusono Shou,Romance; Boys' Love; School Life; Slice of Life,,ongoing,2019.0,safe,ja,13590,9.5004,9.4356148053355,19,2,"[{""id"": ""2deb4d47-18a5-49ce-9c7c-24532064fc1b"", ""relation"": ""same_franchise"", ""title"": ""Sasaki to Miyano: Koushiki Anthology Comic""}, {""id"": ""b603c211-d1f9-4145-a2ac-04dcd5f06329"", ""relation"": ""adapted_from"", ""title"": ""Sasaki to Miyano""}]"
68,67bd081f-1c40-4ae2-95a2-6af29de4fc01,The Horizon,The Horizon,Jeong Ji-Hoon,Jeong Ji-Hoon,Psychological; Adventure; Post-Apocalyptic; Sexual Violence; Gore; Drama; Web Comic; Tragedy,,completed,2016.0,safe,ko,20969,9.4589,9.433717003101528,212,0,[]
69,8f8b7cb0-7109-46e8-b12c-0448a6453dfa,Haikyu!!,Haikyu!!,Furudate Haruichi,Furudate Haruichi,Award Winning; Comedy; Sports; Drama; School Life,shounen,completed,2012.0,safe,ja,33495,9.4616,9.432174208839132,79,321,"[{""id"": ""009de2f1-7b18-4f5f-8d3e-330e158d0798"", ""relation"": ""doujinshi"", ""title"": ""Haikyuu!! - Kageyama no Yousu ga Okashii (Doujinshi)""}, {""id"": ""010d0e9c-1f86-4568-8840-b57d67fb982a"", ""relation"": ""doujinshi"", ""title"": ""I'm coming to see you - Haikyuu!! dj""}, {""id"": ""01c076be-27a5-42f6-85d4-6a1432498b4d"", ""relation"": ""doujinshi"", ""title"": ""Haikyuu!! - The Story of Those Who Live On That Street (Doujinshi)""}, {""id"": ""01f3a192-4597-4a9f-8e66-8290cead46c1"", ""relation"": ""doujinshi"", ""title"": ""Haikyuu!! - Gunjou no Shashin (Doujinshi)""}, {""id"": ""02deb6ac-9a9c-4374-b856-748fdf660ed5"", ""relation"": ""doujinshi"", ""title"": ""Haikyu!! - As You Desire (Doujinshi)""}, {""id"": ""04262ce7-9baa-4a00-acee-fc7889bbc949"", ""relation"": ""doujinshi"", ""title"": ""Haikyuu!! - Dakedo, Baby (Doujinshi)""}, {""id"": ""0455502b-2c9a-4997-b8b7-ac936ceaa3ba"", ""relation"": ""doujinshi"", ""title"": ""Haikyuu!! - Clear Message (Doujinshi)""}, {""id"": ""04c40816-1af3-46b6-95b8-6a54b1ee525b"", ""relation"": ""doujinshi"", ""title"": ""Haikyu!! - Yuuhi to Uso to Tamagoyaki (Doujinshi)""}, {""id"": ""0590d180-6ddf-4391-931b-65f6c9529503"", ""relation"": ""doujinshi"", ""title"": ""Haikyuu!! - The King’s Melancholy (Doujinshi)""}, {""id"": ""05e1bc4f-0708-4660-bd39-68cfcfd15197"", ""relation"": ""doujinshi"", ""title"": ""Haikyuu!! - Tobio Otaome (Doujinshi)""}, {""id"": ""08a60999-507a-4f58-96a1-77fb638bb280"", ""relation"": ""doujinshi"", ""title"": ""Haikyu!! - Odaiji ni!""}, {""id"": ""08b06a9e-9858-4c2f-8989-7231398a8939"", ""relation"": ""doujinshi"", ""title"": ""Haikyuu!! - A Date, Right?! (Doujinshi)""}, {""id"": ""0a771c06-17bb-4280-90ae-7cc2e38d6372"", ""relation"": ""doujinshi"", ""title"": ""Haikyu! - In The Middle of Your World (Doujinshi)""}, {""id"": ""0c0537ae-9dd3-44ba-9813-47adf8416048"", ""relation"": ""doujinshi"", ""title"": ""Haikyuu! - Zettaiteki! Fukashin Ryouiki (Doujinshi)""}, {""id"": ""0c9946ea-a560-4646-b636-88f623c10c10"", ""relation"": ""doujinshi"", ""title"": ""Haikyuu!! - Mellow Mellow (Doujinshi)""}, {""id"": ""0ca34e42-fa1b-40ff-8c2c-b205c7d4c15f"", ""relation"": ""doujinshi"", ""title"": ""Haikyuu!! - Samui Hi no Hanashi (Doujinshi)""}, {""id"": ""0cb98ed9-c24b-467d-a8cf-81898f8d9bc2"", ""relation"": ""doujinshi"", ""title"": ""Haikyuu!! - The rules of two people (Doujinshi)""}, {""id"": ""0cceed5a-35fa-47bb-98e3-929d257db457"", ""relation"": ""doujinshi"", ""title"": ""Haikyu!! - Utsuwa no Ookisa Shindansho (Doujinshi)""}, {""id"": ""0dd50e9d-617a-4fb5-a286-b565cf241523"", ""relation"": ""doujinshi"", ""title"": ""Haikyuu!! - Please Teach Me, Kageyama (Doujinshi)""}, {""id"": ""0ec4e387-6e0a-4dd6-8174-822244f85494"", ""relation"": ""doujinshi"", ""title"": ""Haikyuu!! - Kawaii Hito (Doujinshi)""}, {""id"": ""0f20158b-2d2f-44ae-ac21-ae790159bb58"", ""relation"": ""doujinshi"", ""title"": ""Haikyuu!! - Caramel Panic (Doujinshi)""}, {""id"": ""0fb42aad-6308-4174-8305-0d8eee19cc9c"", ""relation"": ""doujinshi"", ""title"": ""Haikyuu!! - Usotsuki Canon (Doujinshi)""}, {""id"": ""103f99d0-c262-4b77-a60c-a1bb3f0ee43f"", ""relation"": ""doujinshi"", ""title"": ""Haikyuu!!  - Kiss Kiss Kiss (Doujinshi)""}, {""id"": ""11da2ca1-4501-44c0-9d14-89da5d9c55d5"", ""relation"": ""doujinshi"", ""title"": ""Haikyu!! - Hanbun Kono Sekai (Doujinshi)""}, {""id"": ""125ab3c2-0f77-41a7-8c16-2a48ebbf0dba"", ""relation"": ""doujinshi"", ""title"": ""Haikyu!! - Stargazer (Doujinshi)""}, {""id"": ""12b742fa-d0e6-42df-b111-4157aa4a6c08"", ""relation"": ""doujinshi"", ""title"": ""Haikyu!! - Yasashii Ame no Hito (Doujinshi)""}, {""id"": ""12d8f18a-68ce-4ada-bbbc-a239289a3bb6"", ""relation"": ""doujinshi"", ""title"": ""Haikyuu!! -  Love, Right?! (Doujinshi)""}, {""id"": ""14be3484-4224-4e41-9b83-74f951f2e9b8"", ""relation"": ""doujinshi"", ""title"": ""Haikyuu! - Mokkai Ii desu ka (Doujinshi)""}, {""id"": ""1504f998-97b8-4626-8eb9-77662dcf94b7"", ""relation"": ""doujinshi"", ""title"": ""Haikyu!! - Kageyama-kun’s Birthday Book (Doujinshi)""}, {""id"": ""1532a4eb-37df-496c-a6d1-7b4f375dfdcd"", ""relation"": ""doujinshi"", ""title"": ""Haikyuu!! - Light Friend (Doujinshi)""}, {""id"": ""15ff6d7b-4a3f-4f8f-aaca-2716aca286f2"", ""relation"": ""doujinshi"", ""title"": ""Haikyu!! - Fish Swimming in the Sky (Doujinshi)""}, {""id"": ""16e72c92-0d8e-4ff4-bba1-52b05472bc10"", ""relation"": ""doujinshi"", ""title"": ""Haikyuu!! - You're All Mine (Doujinshi)""}, {""id"": ""17763d01-ad04-4538-82f7-decaba2c2e29"", ""relation"": ""doujinshi"", ""title"": ""Haikyuu!! - Onedari Kinshi (Doujinshi)""}, {""id"": ""19056ca0-01fc-4fb4-9bbf-9b102f95e121"", ""relation"": ""doujinshi"", ""title"": ""Haikyuu!! - My Kageyama's *** Fetish! (Doujinshi)""}, {""id"": ""1959371a-aa3e-4f39-b279-61841a410baa"", ""relation"": ""doujinshi"", ""title"": ""Haikyu!! - Glitter (Doujinshi)""}, {""id"": ""19e8fbb3-b2d1-4f7f-966a-f7fc7611d1e8"", ""relation"": ""doujinshi"", ""title"": ""Haikyuu!! - Deja Vu (Doujinshi)""}, {""id"": ""1a01c749-1fa9-4052-a2ed-74fd7c9afecd"", ""relation"": ""doujinshi"", ""title"": ""Haikyu!! - Itoshii Wagamama o Hitotsu Dake (Doujinshi)""}, {""id"": ""1b2e4bc2-ea06-4382-a49f-709bc94c5ea8"", ""relation"": ""doujinshi"", ""title"": ""Haikyuu!! - A Devil's Love Story (Doujinshi)""}, {""id"": ""1b726cbd-4a9b-4755-8442-82690ac19848"", ""relation"": ""doujinshi"", ""title"": ""Haikyu!! - Goodbye, My Friend (Doujinshi)""}, {""id"": ""1d4decca-53bb-4fa5-930b-e05379afca0c"", ""relation"": ""doujinshi"", ""title"": ""Haikyuu!! - Your Hand (Doujinshi)""}, {""id"": ""1e41f7de-bf89-4a90-b502-7ef5673ebf38"", ""relation"": ""doujinshi"", ""title"": ""Haikyuu!! - Empty (Doujinshi)""}, {""id"": ""1f2901bf-87bd-4d4d-9a8f-f0050503e1be"", ""relation"": ""doujinshi"", ""title"": ""Haikyu!! - A Book All About DaiSuga Affirming Their Passionate Love  (Doujinshi)""}, {""id"": ""1f59e268-ed84-4938-9d8a-273126bbf8cd"", ""relation"": ""doujinshi"", ""title"": ""Haikyu!! - Kakedashi Sentiment (Doujinshi)""}, {""id"": ""1fd19c93-63a8-4f5e-a1e8-f644cb4bac10"", ""relation"": ""doujinshi"", ""title"": ""Haikyuu!! - Kimi no Tonari ni Itai na (Doujinshi)""}, {""id"": ""20d8b534-dae9-4263-9813-0ac0ffe00e37"", ""relation"": ""doujinshi"", ""title"": ""Haikyuu!! - Hatsu Yoru (Doujinshi)""}, {""id"": ""20f9cfca-f80a-475c-867b-ec87d2c31564"", ""relation"": ""doujinshi"", ""title"": ""Haikyu!! - Lolicon no Shinyuu ga Gouhou Loli ni Koi o Shita!! (Doujinshi)""}, {""id"": ""21f7ae05-72af-421d-b7dd-259a4b70fab7"", ""relation"": ""doujinshi"", ""title"": ""Haikyuu!! - Hypothetical Future (Doujinshi)""}, {""id"": ""22460302-66cf-42a1-bb1e-4dd94a2e850e"", ""relation"": ""doujinshi"", ""title"": ""Haikyu!! - Futari Kareshi (Doujinshi)""}, {""id"": ""259eb2bb-d36e-44b4-be6f-298281d5a32f"", ""relation"": ""doujinshi"", ""title"": ""Haikyu!! - Kyou to, Ashita mo, (Doujinshi)""}, {""id"": ""26890777-2af6-4f19-a99c-00e8cf165752"", ""relation"": ""doujinshi"", ""title"": ""Haikyuu!! - A Kiss After 15 Years (Doujinshi)""}, {""id"": ""26a3ce98-f3ea-4949-98bb-5612d81e0607"", ""relation"": ""doujinshi"", ""title"": ""Haikyu!! - Suki na Kuse ni (Doujinshi)""}, {""id"": ""26c905d9-fa10-484f-bb4d-d05982b2e3b6"", ""relation"": ""doujinshi"", ""title"": ""Haikyu!! - Itsuka no Haru ni (Doujinshi)""}, {""id"": ""278db1e7-c4c3-4c7a-80a6-888b9480aa93"", ""relation"": ""doujinshi"", ""title"": ""Haikyuu!! - Motto Motto!! (Doujinshi)""}, {""id"": ""28354e47-bfc5-4f55-89ff-7add155f6652"", ""relation"": ""doujinshi"", ""title"": ""Haikyuu!! - Hanabi (Doujinshi)""}, {""id"": ""28dc7d88-c4bf-41d3-b3c3-cb25353b3f27"", ""relation"": ""doujinshi"", ""title"": ""Haikyuu!! - I Seem To Have Caught A Cold (Doujinshi)""}, {""id"": ""291fca0f-d383-4eeb-ac48-4e573d1a9a2c"", ""relation"": ""doujinshi"", ""title"": ""Haikyu!! - Ore to Osananajimi no Shoya ni Matsuwaru Arekore (Doujinshi)""}, {""id"": ""292cd8e4-7698-4ea2-8fde-b5d2f5bfb4ac"", ""relation"": ""doujinshi"", ""title"": ""Haikyuu!! - Hana no Iroha (Doujinshi)""}, {""id"": ""2954f197-8c7f-4f5a-bf6a-735c5f64757a"", ""relation"": ""doujinshi"", ""title"": ""Haikyu!! - Let's Play with Kyoken-chan (Doujinshi)""}, {""id"": ""29b964a2-02eb-44ce-8c5f-4503cf2286a3"", ""relation"": ""doujinshi"", ""title"": ""Haikyu!! - Don’t Go Overboard (Doujinshi)""}, {""id"": ""2a87aa60-5a6f-4521-bae4-ec39d33bdc5b"", ""relation"": ""doujinshi"", ""title"": ""Haikyuu!! - I definitely can’t tell you (Doujinshi)""}, {""id"": ""2aef4d51-a3ad-4b04-a5fc-2b2711331d4e"", ""relation"": ""doujinshi"", ""title"": ""Haikyu!! - Heat Up, Cool Down (Doujinshi)""}, {""id"": ""2b03c931-adbd-42d5-b880-fd0516b66644"", ""relation"": ""doujinshi"", ""title"": ""Haikyuu!! - NEKO_Re;collection Kuroken (Doujinshi)""}, {""id"": ""2bac95f2-6a4f-4840-857a-a7a2fd4026b4"", ""relation"": ""doujinshi"", ""title"": ""Haikyuu!! - Iwa-chan no Yuuutsu (Doujinshi)""}, {""id"": ""2c667c97-3328-47c5-bd68-cf8c5e88dea2"", ""relation"": ""doujinshi"", ""title"": ""Haikyuu!!  - AD vs BJ-sen no Nochi no Hanashi (Doujinshi)""}, {""id"": ""2c6e0687-8fbd-41ad-9ed2-74a9c76be79a"", ""relation"": ""doujinshi"", ""title"": ""Haikyu!! - The Lips' Secret (Doujinshi)""}, {""id"": ""2ce78ce6-1706-475e-a848-e57ecf06cd9e"", ""relation"": ""doujinshi"", ""title"": ""Judas Kiss""}, {""id"": ""2ce80d07-04ab-48d4-a9f1-71e895b12d6d"", ""relation"": ""doujinshi"", ""title"": ""Haikyuu!! - The Story of Those Who Live in This Town (Doujinshi)""}, {""id"": ""2d6b5fc0-f7b0-4b4f-9980-cb14240229e3"", ""relation"": ""doujinshi"", ""title"": ""Haikyu!! - Natsumatsuri no Yozora ni (Doujinshi)""}, {""id"": ""2ee3c5ff-4596-41a3-83d4-ed797299f84f"", ""relation"": ""doujinshi"", ""title"": ""Haikyu!! - Sekai wa Koi o Shitta Toki (Doujinshi)""}, {""id"": ""2f33e45d-f1f0-4f07-920d-33a5b6b49946"", ""relation"": ""doujinshi"", ""title"": ""Haikyuu!! - Okaeri Tobio (Doujinshi)""}, {""id"": ""2f7cabaa-9149-45ab-bc18-7b637f4d898f"", ""relation"": ""doujinshi"", ""title"": ""Haikyu!! - Clumsy!! (Doujinshi)""}, {""id"": ""30affc81-8904-4b8f-91f0-525126865b41"", ""relation"": ""doujinshi"", ""title"": ""Haikyu!! - Lemon Taste (Doujinshi)""}, {""id"": ""30ce3d3d-19f2-4077-9e49-f4e229f79dd0"", ""relation"": ""doujinshi"", ""title"": ""Haikyuu!! - KYK (Doujinshi)""}, {""id"": ""30d6a812-f410-4524-b810-59d55fb34518"", ""relation"": ""doujinshi"", ""title"": ""Haikyuu!! - Yume o Mite Ita (Doujinshi)""}, {""id"": ""313361b9-5147-4629-8088-18ab442b3ea8"", ""relation"": ""doujinshi"", ""title"": ""Haikyu!! - Royalty (Doujinshi)""}, {""id"": ""31eb0c0c-05e1-4507-9778-4e0873289c07"", ""relation"": ""doujinshi"", ""title"": ""Haikyu!! - Neko no Henji wa Yes Janai (Doujinshi)""}, {""id"": ""336cbbc7-d742-4d0f-897b-788df9a0c154"", ""relation"": ""doujinshi"", ""title"": ""Haikyu!! - Musunde Hiraite (Doujinshi)""}, {""id"": ""336ce06f-e553-4a09-b32d-b940bf6cf030"", ""relation"": ""doujinshi"", ""title"": ""Haikyu!! - Kimi to Ita Mirai no Tame ni (Doujinshi)""}, {""id"": ""341110b2-300f-4a2d-9d8b-8843a8dd5d45"", ""relation"": ""doujinshi"", ""title"": ""Haikyu!! - Two Taboo Words To Silence The King (Doujinshi)""}, {""id"": ""3534d65f-a087-43ab-a878-0652217e5580"", ""relation"": ""doujinshi"", ""title"": ""Haikyuu!! - Erohon (Doujinshi)""}, {""id"": ""35355dc8-86e7-41f6-a37d-0b7f09179ac3"", ""relation"": ""doujinshi"", ""title"": ""Haikyu!! - Totally Unpredictable (Doujinshi)""}, {""id"": ""3631f934-84ce-4c57-bf20-41646008d041"", ""relation"": ""doujinshi"", ""title"": ""Haikyu!! - Remember Remember (Doujinshi)""}, {""id"": ""368590d8-c0d2-444e-9b86-7eb513678659"", ""relation"": ""doujinshi"", ""title"": ""Haikyuu!! - Dokuya Kusuri to Iu Keredo (Doujinshi)""}, {""id"": ""38508bec-95f2-4cca-9e33-c1ce83fd3fd2"", ""relation"": ""doujinshi"", ""title"": ""Haikyu!! - Soushoku-kei Kareshi to Nikushoku-kei Kareshi (Doujinshi)""}, {""id"": ""3ac80d6d-440b-4c4d-b8a3-998b68c2ce64"", ""relation"": ""doujinshi"", ""title"": ""Haikyu!! - Koufuku no Arika (Doujinshi)""}, {""id"": ""3be675a2-8c99-4ab1-a8dd-0a7802aface4"", ""relation"": ""doujinshi"", ""title"": ""Haikyu!! - Kami no Mizo Shiru (Doujinshi)""}, {""id"": ""3c7d657d-7f84-4912-b345-674e9e72c48c"", ""relation"": ""doujinshi"", ""title"": ""Haikyu!! - Kuroo-san wa Boku ga Mamoru! (Doujinshi)""}, {""id"": ""3ca56f5f-6018-4758-ae55-1065daf6fadf"", ""relation"": ""doujinshi"", ""title"": ""Haikyu!! - Koisuru Bonjin (Doujinshi)""}, {""id"": ""3cf27ad7-6d53-4a69-a66b-cc62b398d4d8"", ""relation"": ""doujinshi"", ""title"": ""Haikyu!! - It's Cold Everyday (Doujinshi)""}, {""id"": ""3d094489-f12c-4f75-a52f-39897c373f16"", ""relation"": ""doujinshi"", ""title"": ""Haikyuu!! - You Already Crazy For Me? (Doujinshi)""}, {""id"": ""3d6c4008-ed71-4f68-974a-84dc7fa6e936"", ""relation"": ""doujinshi"", ""title"": ""Haikyuu!! - King's Fiancé (Doujinshi)""}, {""id"": ""3db07240-1d9e-4e29-b1b0-010e43ca10ed"", ""relation"": ""doujinshi"", ""title"": ""Haikyuu!! - Anata to Watashi to Ore to Neko  (Doujinshi)""}, {""id"": ""3dddcf17-0317-4118-b179-7245471fe419"", ""relation"": ""doujinshi"", ""title"": ""Haikyu!! - Koukishin wa Kodomo no Tokken (Doujinshi)""}, {""id"": ""3e0f6ea7-d425-46a8-80f3-3775c0e5ca6d"", ""relation"": ""doujinshi"", ""title"": ""Haikyuu!! - Unmei Nante Iranai (Doujinshi)""}, {""id"": ""4046b0a7-47cd-415d-8a7a-539a5a55cdd6"", ""relation"": ""doujinshi"", ""title"": ""Haikyuu!! - Dou mo Shiyou Nai no Desu (Doujinshi)""}, {""id"": ""41d7fd13-edc6-4386-b5f9-372fe63d5f88"", ""relation"": ""doujinshi"", ""title"": ""Haikyu!! - The Source of Maliciousness (Doujinshi)""}, {""id"": ""4316a049-1c11-45a7-9a81-2f1fa82ead33"", ""relation"": ""doujinshi"", ""title"": ""Haikyu!! - Hey You! What Can I Do? (Doujinshi)""}, {""id"": ""43b1fadf-5082-4ef4-8d42-606991905c19"", ""relation"": ""doujinshi"", ""title"": ""Haikyu!! - I Definitely Can't Tell You""}, {""id"": ""446f7e72-40ac-4926-963d-6b40507b211e"", ""relation"": ""doujinshi"", ""title"": ""Haikyu!! - Wish Upon a Milkyway (doujinshi)""}, {""id"": ""44a3efa8-80b4-4262-b836-ba65d631c48c"", ""relation"": ""doujinshi"", ""title"": ""Haikyu!! - Apple pie tabeyo (Doujinshi)""}, {""id"": ""463a8669-ab92-46b0-b9f3-94cf728bb443"", ""relation"": ""doujinshi"", ""title"": ""Haikyuu!! - The First Day (Doujinshi)""}, {""id"": ""468046e7-5b30-41aa-b3e3-eac3ae184055"", ""relation"": ""doujinshi"", ""title"": ""Haikyuu!! - Tōasa no Fuchi (Doujinshi)""}, {""id"": ""4753ae99-9308-4dd0-9f23-02efd8b37b71"", ""relation"": ""doujinshi"", ""title"": ""Haikyu!! - Boku wa, Hinata Shoyo to Iu Ningen ga Daikirai da. (Doujinshi)""}, {""id"": ""4aa21411-c2c3-4c48-9592-c9bff58e5b80"", ""relation"": ""doujinshi"", ""title"": ""Haikyu!! - Kageyama-san and Hinata-kun (Doujinshi)""}, {""id"": ""4abeedb9-548c-4932-b2da-9baa8f119fbb"", ""relation"": ""spin_off"", ""title"": ""Let's! Haikyuu!?""}, {""id"": ""4bbe1d0c-199e-46a3-89f2-174ec0cb4f75"", ""relation"": ""doujinshi"", ""title"": ""Haikyuu!! - Tie and Untie (Doujinshi)""}, {""id"": ""4e5554fc-e97f-4a25-99a3-4f0cda63102d"", ""relation"": ""doujinshi"", ""title"": ""Haikyu!! - Have a Bite (Doujinshi)""}, {""id"": ""4f1b215e-d5ba-482a-b3ac-c3743a0030cc"", ""relation"": ""doujinshi"", ""title"": ""Haikyu!! - Iwachan no Neko ni Naritai 2 (Doujinshi)""}, {""id"": ""4f87e5b2-9269-4e97-a593-13b857a0b0bf"", ""relation"": ""doujinshi"", ""title"": ""Haikyu!! - Stardust on your fingertips (Doujinshi)""}, {""id"": ""4ffd679e-53ef-47d1-9592-5f684f7f74e8"", ""relation"": ""doujinshi"", ""title"": ""Haikyu!! - Mood Elevator (Doujinshi)""}, {""id"": ""5085202e-bf0f-4a57-86a4-8300194f0873"", ""relation"": ""doujinshi"", ""title"": ""Haikyu!! - To Steal a Person's Heart (Doujinshi)""}, {""id"": ""50bf2d47-cf02-479f-b388-1f549fc9b9e7"", ""relation"": ""doujinshi"", ""title"": ""Haikyu!! - Iwachan no Neko ni Naritai 3 (Doujinshi)""}, {""id"": ""5139d425-c4ae-4e2e-a835-c4e702c434c8"", ""relation"": ""doujinshi"", ""title"": ""Haikyuu!! - Kageyama Tobio’s Love Sickness (Doujinshi)""}, {""id"": ""51dfae69-5f25-48e6-a764-604fa9c73198"", ""relation"": ""doujinshi"", ""title"": ""Haikyu!! - Natsumatsuri (Doujinshi)""}, {""id"": ""53c00fbd-d5af-4191-873d-816c7ef75b9c"", ""relation"": ""doujinshi"", ""title"": ""Haikyu!! - Kagehina Koi no Ousama (Doujinshi)""}, {""id"": ""545f377e-acf1-4fab-8ce8-6bd0a0c74a65"", ""relation"": ""doujinshi"", ""title"": ""Haikyu!! - HinaKage (Doujinshi)""}, {""id"": ""556f2fba-8825-4860-b52a-921baa3bc4c1"", ""relation"": ""doujinshi"", ""title"": ""Haikyu!! - interval (Doujinshi)""}, {""id"": ""55c75e5c-ae22-4f86-a465-38d70d7da7a7"", ""relation"": ""doujinshi"", ""title"": ""Haikyuu!! - The King of Love (Doujinshi)""}, {""id"": ""56852691-bab0-4fc1-900e-78c7ef1c9fa4"", ""relation"": ""doujinshi"", ""title"": ""Haikyu!! - I Can't Fall in Love Alone (Doujinshi)""}, {""id"": ""56c49a1f-6bcf-4cf3-b026-0fc51dd3babe"", ""relation"": ""alternate_story"", ""title"": ""Haikyuu!! (Full Color Long Strip Ver.)""}, {""id"": ""57158cf2-96b6-4a0e-a90f-6058f81edd8a"", ""relation"": ""doujinshi"", ""title"": ""Haikyuu!! - Nakimushi Shounen to Seinen Shoko (Doujinshi)""}, {""id"": ""59149c89-b4fb-4fae-aed8-8d81b4746039"", ""relation"": ""doujinshi"", ""title"": ""Haikyuu!! - We Are Timid in Love (Doujinshi)""}, {""id"": ""5aae0e57-0e4e-48b7-bfd0-f0ef46394e24"", ""relation"": ""doujinshi"", ""title"": ""Haikyu!! - Hikari no Ko (Doujinshi)""}, {""id"": ""5b61e156-3f53-4330-a062-5ab060a4c5c3"", ""relation"": ""doujinshi"", ""title"": ""Haikyu!! - Onegai (Doujinshi)""}, {""id"": ""5c7cf5f7-1a32-46be-9ecf-db7eed6875af"", ""relation"": ""doujinshi"", ""title"": ""Haikyu!! - Always (Doujinshi)""}, {""id"": ""5d162df7-cac3-4e9b-ba84-40fd72c6e141"", ""relation"": ""doujinshi"", ""title"": ""Haikyu!! - Natsu no Sobyou (Doujinshi)""}, {""id"": ""5df48d4b-fd99-426c-b570-f73f3817a285"", ""relation"": ""doujinshi"", ""title"": ""Haikyuu!! - Koi to Tokidoki Shitagokoro (Doujinshi)""}, {""id"": ""5e273181-3bf5-46a9-abd2-0966adea2da7"", ""relation"": ""doujinshi"", ""title"": ""Haikyu!! - Omega 2-D HQ!! Re;Collection Oikawa*Kageyama Assort (Doujinshi)""}, {""id"": ""5e3deeee-1e2e-4f93-b432-829708fdf52a"", ""relation"": ""doujinshi"", ""title"": ""Haikyuu!! - You Mustn't Deprive Him of Candy (Doujinshi)""}, {""id"": ""5ee4c8f8-acaa-44cb-9cb8-544d0eb3c3f7"", ""relation"": ""doujinshi"", ""title"": ""Haikyu!! - Affair After Tonight (Doujinshi)""}, {""id"": ""5fe2cd1a-ed5f-4c65-81ab-1fcac63b2962"", ""relation"": ""doujinshi"", ""title"": ""Haikyuu!! - Kagehi Biyori (Doujinshi)""}, {""id"": ""5ff8ca10-282f-4bd0-b00a-3356731c15cc"", ""relation"": ""doujinshi"", ""title"": ""Haikyuu!! - Placebo (Doujinshi)""}, {""id"": ""6026474e-730b-41c8-ad26-06a27b9f2c21"", ""relation"": ""doujinshi"", ""title"": ""Haikyuu!! - Coffee o Douzo (Doujinshi)""}, {""id"": ""612d2dfc-5151-43b2-99d6-816fa72c097d"", ""relation"": ""doujinshi"", ""title"": ""Haikyuu!! - Saraba yo, Saraba (Doujinshi)""}, {""id"": ""61732406-8bcb-4f6b-ab92-969119021fb2"", ""relation"": ""doujinshi"", ""title"": ""Haikyuu!! - H (Doujinshi)""}, {""id"": ""6235ed53-9031-4b15-974b-b3b869dca925"", ""relation"": ""doujinshi"", ""title"": ""Haikyu!! - G Koi (Doujinshi)""}, {""id"": ""63c270bb-de2a-46e1-80b3-6b039e255c1c"", ""relation"": ""doujinshi"", ""title"": ""Haikyu!! - Muteki Rhythm (Doujinshi)""}, {""id"": ""63fb422b-37c7-454f-8ff1-f82d351da0c0"", ""relation"": ""doujinshi"", ""title"": ""Haikyuubu!!""}, {""id"": ""65621839-7b8f-4999-b6bf-fa00533e8fa5"", ""relation"": ""doujinshi"", ""title"": ""Haikyuu!! - toLOVE (Doujinshi)""}, {""id"": ""65ed4d46-ab33-481e-b4af-caaa05e99a37"", ""relation"": ""doujinshi"", ""title"": null}, {""id"": ""660b9c4c-17aa-4df0-9f17-c0aa92451265"", ""relation"": ""doujinshi"", ""title"": ""Haikyuu!! - Yakeru (Doujinshi)""}, {""id"": ""6662d9aa-fc65-4b8f-8ef1-613aceed920b"", ""relation"": ""doujinshi"", ""title"": ""Haikyuu!! - Renshuu Jiai no Ato wa Kanarazu Sex Shitaku Naru (Doujinshi)""}, {""id"": ""67047cf9-9624-4b9d-903e-c82f4f58f973"", ""relation"": ""side_story"", ""title"": ""Haikyuu-bu!!""}, {""id"": ""679113e8-4fa9-4f54-91b5-90546758934d"", ""relation"": ""doujinshi"", ""title"": ""Haikyuu!! - We Will Do It Properly Tonight (Doujinshi)""}, {""id"": ""69bdeea3-5577-48a9-b4e7-a1eec1bcd005"", ""relation"": ""doujinshi"", ""title"": ""Haikyu!! - Bloom into Spring (Doujinshi)""}, {""id"": ""6a57e5dd-6a21-4859-9d91-04aa25cc3ef0"", ""relation"": ""doujinshi"", ""title"": null}, {""id"": ""6b01ea3b-a9a6-449b-a611-1ad089f405c6"", ""relation"": ""doujinshi"", ""title"": ""Haikyu! - KageHina’s Steamy Hotspring Trip (Doujinshi)""}, {""id"": ""6b0d009d-748e-46b2-9631-12a05a8197fd"", ""relation"": ""doujinshi"", ""title"": ""Haikyu!! - Koisuru Wakusei (Doujinshi)""}, {""id"": ""6b9f0cc5-8094-45c5-a643-778c56cc9bf9"", ""relation"": ""doujinshi"", ""title"": ""Haikyu!! - Like (Doujinshi)""}, {""id"": ""6bd6d6db-03ce-4f0b-9b97-d1df443e6897"", ""relation"": ""doujinshi"", ""title"": ""Haikyu!! - Snow Edge (Doujinshi)""}, {""id"": ""6bd90e2a-1040-4997-9940-801f9bf548dc"", ""relation"": ""doujinshi"", ""title"": ""Haikyuu!! - Lost Love (Doujinshi)""}, {""id"": ""6c0e61ed-5fbd-41b4-b0fe-2f9d9cf182b0"", ""relation"": ""doujinshi"", ""title"": ""Haikyuu!! - Good Luck Days (Doujinshi)""}, {""id"": ""6ccd2f01-1f63-4464-a77d-e335c91110bd"", ""relation"": ""doujinshi"", ""title"": ""Haikyu!! - Chu Chu Chew (Doujinshi)""}, {""id"": ""6de95654-0691-463e-a108-63a4dc9b18d4"", ""relation"": ""doujinshi"", ""title"": ""Haikyu!! - S (Doujinshi)""}, {""id"": ""6f00f69c-a45a-42a7-a79d-148e6b23fa1c"", ""relation"": ""doujinshi"", ""title"": ""Haikyuu!! - Okey Dokey (Doujinshi)""}, {""id"": ""6f655605-f32a-43b2-b55d-89132a440a02"", ""relation"": ""doujinshi"", ""title"": ""Haikyuu!! - KYKY (Doujinshi)""}, {""id"": ""717970bd-c3dd-4b4d-aae9-c3434ca02a01"", ""relation"": ""doujinshi"", ""title"": ""Haikyuu!! - Aiming for a Happy Marriage (Doujinshi)""}, {""id"": ""7473c337-74d0-42b6-9b97-0b68abaedcbb"", ""relation"": ""doujinshi"", ""title"": ""Haikyu!! - waltz. (Doujinshi)""}, {""id"": ""76615630-eec9-4c26-98d7-ae5169c1498c"", ""relation"": ""doujinshi"", ""title"": ""Haikyuu!! - Chiisana Koi no Melody (Doujinshi)""}, {""id"": ""7686d5c7-2fa6-4467-bc54-966113c260f6"", ""relation"": ""doujinshi"", ""title"": ""Haikyuu!! - Niowase Mujikaku Sweetie (Doujinshi)""}, {""id"": ""77cebb10-e35a-4f6d-83af-fd9de43c8d45"", ""relation"": ""doujinshi"", ""title"": ""Haikyu!! - Just Past 0 O’Clock (Doujinshi)""}, {""id"": ""7a7709b4-9279-4be0-8e1d-add70cfe2ee8"", ""relation"": ""doujinshi"", ""title"": null}, {""id"": ""7b4ffe9f-a825-4cd8-accf-4f60b5db96c9"", ""relation"": ""doujinshi"", ""title"": ""Haikyu!! - Boku no Koinu (Doujinshi)""}, {""id"": ""7d845c45-5e60-4069-ae66-f3c74bc1a4e0"", ""relation"": ""doujinshi"", ""title"": ""Haikyu!! - Guuzen ni mo Oikawa o Koroshite Shimatta Oretachi wa (Doujinshi)""}, {""id"": ""7fa3ca4c-738d-46b9-b1db-8e292f1b142d"", ""relation"": ""doujinshi"", ""title"": ""Haikyu!! - Fukenzen Hakusho (Doujinshi)""}, {""id"": ""7fb188e4-23dd-4407-b6bd-a9b2abd37676"", ""relation"": ""doujinshi"", ""title"": ""Haikyuu!! - Natsu no Aji ga Shita Kamoshirenai (Doujinshi)""}, {""id"": ""8148b2fe-1efd-4773-843e-c2845e4629cf"", ""relation"": ""doujinshi"", ""title"": ""Haikyu!! - Moshimo Hinata no Seibetsu ga Chigatte Itara to Iu (Doujinshi)""}, {""id"": ""816187ef-e05c-4de4-b62c-f3386aa8d651"", ""relation"": ""doujinshi"", ""title"": ""Haikyuu!! - Omedetai Hanashi (Doujinshi)""}, {""id"": ""82251491-7cbd-4127-a75b-6df9e4e3752a"", ""relation"": ""doujinshi"", ""title"": ""Haikyu!! - Neko to Ringo (Doujinshi)""}, {""id"": ""8295452a-6960-43d2-a1fa-9750fce07a2c"", ""relation"": ""doujinshi"", ""title"": ""Haikyu!! - Do You Know Anything About TPO, Kageyama-kun?! (Doujinshi)""}, {""id"": ""83582887-2c60-4c04-aacd-9988b9f8fdec"", ""relation"": ""doujinshi"", ""title"": ""Haikyu!! - Katakoi Jojou""}, {""id"": ""839ef64e-d3ff-4a0e-99d8-95f67960e658"", ""relation"": ""doujinshi"", ""title"": ""Haikyu!! - Ii Dakudaku no Ie (Doujinshi)""}, {""id"": ""83ae361a-fd74-4721-8559-06f836ea028c"", ""relation"": ""doujinshi"", ""title"": ""Haikyu!!  - Hito wa Sore o Shitto to Yobu (Doujinshi)""}, {""id"": ""83f7b59a-5533-4ccd-9ad3-289f7efe39e3"", ""relation"": ""doujinshi"", ""title"": ""Haikyu!! - RPG: Final Haikyu Quest (Doujinshi)""}, {""id"": ""843e2fb3-f50e-4f0b-a477-7fa35866f85f"", ""relation"": ""doujinshi"", ""title"": ""Haikyuu!! - Kageyama's Personal Battery Charger (Doujinshi)""}, {""id"": ""858a8a5f-ff88-4d41-a6a2-faec0ff3c8fa"", ""relation"": ""doujinshi"", ""title"": ""Haikyuu!! - LiberLove (Doujinshi)""}, {""id"": ""863ac091-83aa-401d-8b66-79c3db39a615"", ""relation"": ""doujinshi"", ""title"": ""Haikyuu!! - Higan no Kagee (Doujinshi)""}, {""id"": ""86f74d36-ca3d-4ef6-96d3-bbdf66e5d587"", ""relation"": ""doujinshi"", ""title"": ""Haikyu!! - Time Of The Beast (Doujinshi)""}, {""id"": ""87917e42-d640-4611-97e0-d9c014387a02"", ""relation"": ""doujinshi"", ""title"": ""Haikyu!! - The Moon Is Beautiful Tonight (Doujinshi)""}, {""id"": ""87ff9408-0e52-4dc7-bb24-55f2c43f3261"", ""relation"": ""doujinshi"", ""title"": ""Haikyu!! - UNDER THE SKIN (Doujinshi)""}, {""id"": ""8803df7f-d743-4f22-aedc-b2a890527df9"", ""relation"": ""doujinshi"", ""title"": ""Haikyuu!! -Lovemaking Techniques Learned from BL Manga (Doujinshi)""}, {""id"": ""88eba87e-b4bd-4110-b971-6b7ed02d3100"", ""relation"": ""doujinshi"", ""title"": ""Haikyu!! - Insolent Children (Doujinshi)""}, {""id"": ""893a7983-9c3c-4f78-bd0d-8fe11f5bb6c8"", ""relation"": ""doujinshi"", ""title"": ""Haikyu!! - Best Day Ever (Doujinshi)""}, {""id"": ""89ac8eef-9b11-4faf-beb6-40913b3f89fb"", ""relation"": ""doujinshi"", ""title"": ""Haikyuu!! - Early Morning Babysitters (Doujinshi)""}, {""id"": ""89c09260-b0b2-44d9-a69d-f55e4f146efc"", ""relation"": ""doujinshi"", ""title"": ""Haikyu!! - Waiting for You at the Last March (Doujinshi)""}, {""id"": ""8bd1e41d-7ba5-43cb-ae2c-e1d0dc5e7d62"", ""relation"": ""doujinshi"", ""title"": ""Haikyuu!! - Pinky Promise With My Boyfriend The King (Doujinshi)""}, {""id"": ""8d8f3bfb-a0f6-41b4-885f-8208ac46cad9"", ""relation"": ""doujinshi"", ""title"": ""Haikyuu!! - Sekai kara ore ga kietanara (Doujinshi)""}, {""id"": ""8fdf3849-c9c3-4fb7-b564-0ecb7aa25e46"", ""relation"": ""doujinshi"", ""title"": ""Haikyuu!! - It's Summer Vacation, Let's Date! (Doujinshi)""}, {""id"": ""8ff28331-8296-4f4e-94e1-f51ec80cce6c"", ""relation"": ""doujinshi"", ""title"": ""Haikyuu!! - Cat Out Of The Bag (Doujinshi)""}, {""id"": ""9044b60a-ffd9-48f9-a693-84eb9953749f"", ""relation"": ""doujinshi"", ""title"": ""Haikyu!! - Snow White Shoyo and Prince Tobio (Doujinshi)""}, {""id"": ""90c5a8e4-59e2-4b8d-9e58-b2cecc1ab090"", ""relation"": ""doujinshi"", ""title"": ""Haikyuu!! - Aiiro Stardust (Doujinshi)""}, {""id"": ""9243f069-8789-4ae7-b55d-cc60da3f9896"", ""relation"": ""doujinshi"", ""title"": ""Haikyu!! - Good Boy! (Doujinshi)""}, {""id"": ""92805bb6-5da4-4c88-970b-158a4fc8afb0"", ""relation"": ""doujinshi"", ""title"": ""Haikyu!! - Sweet Happy Sweet (Doujinshi)""}, {""id"": ""93e2179d-e4c2-4df7-9b43-d536027c60da"", ""relation"": ""doujinshi"", ""title"": ""Haikyuu!! - Hinata-chan to Kageyama-kun (Doujinshi)""}, {""id"": ""969888a2-7f51-490f-96e1-d0cfd7014937"", ""relation"": ""doujinshi"", ""title"": ""Haikyu!! - Omae no S (Doujinshi)""}, {""id"": ""96bca091-d646-48da-92ea-ce378e889420"", ""relation"": ""doujinshi"", ""title"": ""Haikyu!! - Vow (Doujinshi)""}, {""id"": ""96d950ac-6c28-42f4-8477-761d2b370c88"", ""relation"": ""doujinshi"", ""title"": ""Haikyu!! -  Hey, Kageyama! (Doujinshi)""}, {""id"": ""973ee497-60e9-4fce-8a86-481a90629dae"", ""relation"": ""doujinshi"", ""title"": ""Haikyu!! - You Guys Are Our Apprentices! (Doujinshi)""}, {""id"": ""97be0fc1-5a33-4d10-821e-1c34749eeaf2"", ""relation"": ""doujinshi"", ""title"": ""Haikyu!! - Deep Throat (Doujinshi)""}, {""id"": ""9830e042-8466-4c5b-89d4-44dd791300c5"", ""relation"": ""doujinshi"", ""title"": ""Haikyu!! - Yours, Yours. (Doujinshi)""}, {""id"": ""98bc31e1-b1c9-45da-b86c-325c0ad0eef2"", ""relation"": ""doujinshi"", ""title"": null}, {""id"": ""9904cda7-ff99-4537-996b-72d27f5741a5"", ""relation"": ""doujinshi"", ""title"": ""Haikyu!! - Seisai wa Seishun Kudaru (Doujinshi)""}, {""id"": ""9d24154c-8ff5-4153-b1a2-8c88472230db"", ""relation"": ""doujinshi"", ""title"": ""Haikyu!! - So Happy I Could Die. (Doujinshi)""}, {""id"": ""9e9fe9ca-9d80-4ec9-b727-434bea25c8f9"", ""relation"": ""doujinshi"", ""title"": ""Haikyuu!! - Kurotsuki/Omegaverse side;a (Doujinshi)""}, {""id"": ""a294368c-69d5-4c95-8250-cdf42e2be792"", ""relation"": ""doujinshi"", ""title"": ""Haikyuu!! - Warm Snow (Doujinshi)""}, {""id"": ""a4a6d1b1-b232-49fe-844a-e699fc136ac6"", ""relation"": ""doujinshi"", ""title"": ""Haikyuu!! - Ou-sama no Kiss (Doujinshi)""}, {""id"": ""a534bc18-a76a-4836-beef-9014704a8c65"", ""relation"": ""doujinshi"", ""title"": ""Haikyu!! - Touch the Future with Your Fingertips (Doujinshi)""}, {""id"": ""a5885f89-20d4-4d1f-a18b-6ae8f726c2f6"", ""relation"": ""doujinshi"", ""title"": ""Haikyuu!! - Unmei no Koibito Tara ga Yakkai Sugiru (Doujinshi)""}, {""id"": ""a5969338-0278-4eff-b266-67204b85ea7a"", ""relation"": ""doujinshi"", ""title"": ""Haikyu!! - Issei Ichidai no Kokuhaku (Doujinshi)""}, {""id"": ""a640c881-31e0-402e-bfee-ab0b088f559b"", ""relation"": ""doujinshi"", ""title"": ""Haikyu!! - Just For Today (Doujinshi)""}, {""id"": ""a69f3096-d54e-43fb-8667-d7fdf9fa5307"", ""relation"": ""doujinshi"", ""title"": ""Haikyuu!! - Nokemonotachi no Koufukuron (Doujinshi)""}, {""id"": ""a9180a70-5335-4cc9-bf1d-adb5a354c53f"", ""relation"": ""doujinshi"", ""title"": ""Haikyuu!! - Tasogare no Akatasuki no (Doujinshi)""}, {""id"": ""a95db484-c486-4976-92b7-2643f945ee70"", ""relation"": ""doujinshi"", ""title"": ""Haikyu!! - Weekend Rendezvous (Doujinshi)""}, {""id"": ""aa3e7498-5b50-454e-ba2c-81a3e2bb024d"", ""relation"": ""doujinshi"", ""title"": ""Haikyu!! - Oshite Dame Nara Motto Osu (Doujinshi)""}, {""id"": ""aaefdad1-2f02-458a-969e-b8d90bda71ca"", ""relation"": ""doujinshi"", ""title"": ""Haikyuu!! - NAMIDA LOGIC (Doujinshi)""}, {""id"": ""ab018615-791e-477e-93f6-2cc15e9d6624"", ""relation"": ""doujinshi"", ""title"": ""Haikyuu!! - Hyakuman Kai Ai wo Sakebe (Doujinshi)""}, {""id"": ""abf6ab9f-811f-49a9-81bd-3a086758e023"", ""relation"": ""doujinshi"", ""title"": ""Haikyu!! - Shisseishou Oikawa Tooru no Hanashi (Doujinshi)""}, {""id"": ""ac09b92a-6810-489e-bbe1-5f7e67e7917c"", ""relation"": ""doujinshi"", ""title"": ""Haikyuu!! - Sakura no Ato (Doujinshi)""}, {""id"": ""add7ff64-0463-4879-8c87-22ba11b19b04"", ""relation"": ""doujinshi"", ""title"": ""Haikyu!! - Salty Soda (Doujinshi)""}, {""id"": ""ae202374-98bb-4eaa-8635-8a1a14f1fbf3"", ""relation"": ""doujinshi"", ""title"": ""Haikyu!! - Shin-chan Ya De (Doujinshi)""}, {""id"": ""af916576-6fc3-45e9-9412-0f66b4ca68ed"", ""relation"": ""doujinshi"", ""title"": ""Haikyu!! - Kagehina Drops (Doujinshi)""}, {""id"": ""b0132002-74e5-425a-b1dd-8ef856bde73b"", ""relation"": ""doujinshi"", ""title"": ""Haikyuu!! - Natsu no Kaze ni Kimi no Koe (Doujinshi)""}, {""id"": ""b0725240-d103-4d3b-be9a-8dc1fd50ca02"", ""relation"": ""doujinshi"", ""title"": ""Haikyuu!!  - Clumsy Lovers. (Doujinshi)""}, {""id"": ""b1582971-a708-4b0b-8b95-36b28d458484"", ""relation"": ""doujinshi"", ""title"": ""Hizumi(bitsu) 1 zenpen - Haikyuu dj""}, {""id"": ""b182bedc-39c6-495a-ad6a-30f7e6f68725"", ""relation"": ""doujinshi"", ""title"": ""Haikyu!! - If I'm Seen With You, I'd Be Weird (Doujinshi)""}, {""id"": ""b19ab465-373b-4b1b-ab81-4faa54e6ab39"", ""relation"": ""doujinshi"", ""title"": ""Haikyu!! - Tama ni wa Onsen demo (Doujinshi)""}, {""id"": ""b31307ec-d9e8-48d8-a08f-b5deecfb5868"", ""relation"": ""doujinshi"", ""title"": ""Haikyuu!! - Ueta Nezumi to Fukigen na Neko (Doujinshi)""}, {""id"": ""b3245190-e91b-428d-9ef3-d9ff73fbec6c"", ""relation"": ""doujinshi"", ""title"": ""Haikyu!! - Kageyama is Too Drunk (Doujinshi)""}, {""id"": ""b50ce514-3647-401c-bb29-66d879dac51d"", ""relation"": ""doujinshi"", ""title"": ""Haikyu!! - Undercover! (Doujinshi)""}, {""id"": ""b581b39d-94ee-487d-af8c-65a9112afde4"", ""relation"": ""doujinshi"", ""title"": ""Haikyu!! - ΩBOOST (Doujinshi)""}, {""id"": ""b5f262ab-1b32-4fb6-a626-bb15cf83c0f6"", ""relation"": ""doujinshi"", ""title"": ""Haikyu!! - Seesaw of Opposites (Doujinshi)""}, {""id"": ""b63de249-6f58-45c1-8d4e-486f65782fbb"", ""relation"": ""doujinshi"", ""title"": ""Haikyu!! - Hinata-chan no Cinderella Keikaku!! (Doujinshi)""}, {""id"": ""b8703fef-997d-4f94-85c1-e8e6814cf687"", ""relation"": ""doujinshi"", ""title"": ""Haikyuu!! - What's Halloween? (Doujinshi)""}, {""id"": ""b9fcbd12-f156-4fd0-810b-4efb4857bf77"", ""relation"": ""doujinshi"", ""title"": ""Haikyuu!! - Call Call Call (Doujinshi)""}, {""id"": ""baa7e6fe-cb2c-437a-b0ec-e9f0c299af33"", ""relation"": ""doujinshi"", ""title"": ""Haikyu!! - Primary Target (Doujinshi)""}, {""id"": ""bac9b58b-b2a2-4739-9349-2664ed6667e9"", ""relation"": ""doujinshi"", ""title"": ""Haikyuu!! - BokuAka No Kazoku (Doujinshi)""}, {""id"": ""bb590778-401e-43c9-933c-fd68e345621f"", ""relation"": ""doujinshi"", ""title"": ""Haikyu!! - Child no Money (Doujinshi)""}, {""id"": ""bf1a83f0-c9b7-4774-b69e-e96294b8bcf3"", ""relation"": ""doujinshi"", ""title"": ""Haikyuu!! - Rabbit Song (Doujinshi)""}, {""id"": ""bf225644-b9f7-428c-bb4f-0bf74ff4643c"", ""relation"": ""doujinshi"", ""title"": ""Haikyuu!! - Himitsu no Futari Futari no Himitsu (Doujinshi)""}, {""id"": ""c10ace03-d1e4-4e36-be8b-57e028ad3e44"", ""relation"": ""doujinshi"", ""title"": ""Haikyuu!! - Tamagokake Hinatakun (Doujinshi)""}, {""id"": ""c1306deb-3abb-4a9c-9ed2-6b376b214427"", ""relation"": ""doujinshi"", ""title"": ""Haikyu!! - Start Line of Love (Doujinshi)""}, {""id"": ""c181f7ff-1d6a-44d1-ac8f-743eb9b31936"", ""relation"": ""doujinshi"", ""title"": ""Haikyuu!! - Kimi to Sugosu Happy Birthday (Doujinshi)""}, {""id"": ""c1af5867-85b9-459a-8f83-6185f79bee17"", ""relation"": ""doujinshi"", ""title"": ""Haikyuu!! - KISS AND NEXT? (Doujinshi)""}, {""id"": ""c2b52b05-7b00-440c-b04e-08569e7d1f37"", ""relation"": ""doujinshi"", ""title"": ""Haikyuu!! - Fuyu Michi Sanpo (Doujinshi)""}, {""id"": ""c318e0a9-aac7-4f37-b909-49c57c75b794"", ""relation"": ""doujinshi"", ""title"": ""Haikyuu!! - This Shadow is Made of Ashes (Doujinshi)""}, {""id"": ""c3da921a-87bd-46d4-8dff-137f07a606e8"", ""relation"": ""doujinshi"", ""title"": ""Haikyuu!! - Thank You, Anikyu! (Doujinshi)""}, {""id"": ""c4b1f2cb-504b-424d-ba38-d35e4f7c5500"", ""relation"": ""doujinshi"", ""title"": ""TTH (Doujinshi)""}, {""id"": ""c5b21952-70de-414b-bed6-2e0af9fc845d"", ""relation"": ""doujinshi"", ""title"": ""Haikyuu!! - Otanjoubi Wasurete Gomennasai (Doujinshi)""}, {""id"": ""c60fc81a-8a4f-40a8-bc4f-85ac177548c3"", ""relation"": ""doujinshi"", ""title"": ""Haikyu!! - Shufuku no Namae wa (Doujinshi)""}, {""id"": ""c6f72e76-a19f-4fba-80d2-5b9444bf9ed1"", ""relation"": ""doujinshi"", ""title"": ""Haikyuu!! - 2D Complex (Doujinshi)""}, {""id"": ""c95a2a4e-a8f2-4e70-9bdb-0c1dc6877247"", ""relation"": ""doujinshi"", ""title"": ""Haikyuu!! - Rombake Tokyo! (Doujinshi)""}, {""id"": ""c9910e35-0314-41f9-8d81-c4744e7dbf61"", ""relation"": ""doujinshi"", ""title"": ""Haikyu!! - Distant Fireworks (Doujinshi)""}, {""id"": ""c9d84159-6c72-4fa8-81b9-b4a3983514a6"", ""relation"": ""doujinshi"", ""title"": ""Haikyu!! - Call me & Not Called (Doujinshi)""}, {""id"": ""cae2af51-cf8d-4672-a900-606f48e2ebf8"", ""relation"": ""doujinshi"", ""title"": ""Haikyuu!! - Kisu no Jikan (Doujinshi)""}, {""id"": ""cb2603c1-842d-43db-b6a2-86525fcebf78"", ""relation"": ""doujinshi"", ""title"": ""Haikyuu!! - Ikkoue No Taiyou (Doujinshi)""}, {""id"": ""cc9a5156-3bd3-400f-b4cd-7feee5cbded2"", ""relation"": ""doujinshi"", ""title"": ""Haikyu!! - Parabolover (Doujinshi)""}, {""id"": ""ceea8487-caf7-4511-aeb9-791dc414192d"", ""relation"": ""doujinshi"", ""title"": ""Haikyu! - Girlfriend? (Doujinshi)""}, {""id"": ""cfdc297f-bbf8-40ac-b3a4-6dff28e7405a"", ""relation"": ""doujinshi"", ""title"": ""Haikyu!! - Kuroo-san ga Josou de Sematte Kimasu! (Doujinshi)""}, {""id"": ""d036818f-b0ff-4fa2-bb95-0ae671ed7503"", ""relation"": ""doujinshi"", ""title"": ""Haikyuu!! - Connection (Doujinshi)""}, {""id"": ""d0b888ac-591c-4eb3-bfe7-97c347f391de"", ""relation"": ""doujinshi"", ""title"": ""Haikyu!! - Sonna Mahou Atte Tamaru ka (Doujinshi)""}, {""id"": ""d13b7333-b115-4285-979d-663714f8b83d"", ""relation"": ""side_story"", ""title"": ""Nisekyuu!!""}, {""id"": ""d275b53d-77e7-471f-a4d2-0aa113ae76c9"", ""relation"": ""doujinshi"", ""title"": ""Haikyuu!! - Omega no Kodomotachi Kurotsuki / Omegaverse; side Ω (Doujinshi)""}, {""id"": ""d311e89a-f3fb-49b8-a6ba-033b645a24c2"", ""relation"": ""doujinshi"", ""title"": ""Haikyu!! - Natsu no Kedamono (Doujinshi)""}, {""id"": ""d460dbf2-c328-4e13-a623-7463e98c67cd"", ""relation"": ""doujinshi"", ""title"": ""Haikyu!! - Hello! Are you there? (Doujinshi)""}, {""id"": ""d4d03e2c-33f5-4f8a-8f0d-8abc9321c798"", ""relation"": ""doujinshi"", ""title"": ""Haikyuu!! - Futago Kareshi (Doujinshi)""}, {""id"": ""d5991d0c-f837-418c-ab4a-9f7bdccc657d"", ""relation"": ""doujinshi"", ""title"": ""Haikyu!! - Moshimo Kimi ga (Doujinshi)""}, {""id"": ""d625f9b6-da85-4f85-a262-5b6adef7041c"", ""relation"": ""doujinshi"", ""title"": ""Haikyu!! - Shushoutachi no Naishogoto: Okawari (Doujinshi)""}, {""id"": ""d718ebba-f1a8-468c-a034-c3d431b7a6b9"", ""relation"": ""doujinshi"", ""title"": ""Haikyuu!! - Haru no Yukue (Doujinshi)""}, {""id"": ""d75c855d-5eeb-43e2-a680-01bee3134eeb"", ""relation"": ""doujinshi"", ""title"": ""Haikyuu!! - Nibun no Ichi (Doujinshi)""}, {""id"": ""d7b1899c-ec61-4fef-9617-baa50171221a"", ""relation"": ""doujinshi"", ""title"": ""Haikyuu!! - Get Along! (Doujinshi)""}, {""id"": ""d80d7c3d-33a2-403c-a50b-d58443768fa2"", ""relation"": ""doujinshi"", ""title"": ""Haikyu!! - Tokyo Jokyo Monogatari (Doujinshi)""}, {""id"": ""d838cde4-08a5-48a9-8928-835822cba1b4"", ""relation"": ""doujinshi"", ""title"": ""Haikyu!! - The Sight That I Saw With You That Day (Doujinshi)""}, {""id"": ""d8ae2c37-c46b-4436-a829-68b31f427a60"", ""relation"": ""doujinshi"", ""title"": ""Haikyu!! - Songs And Typhoons (Doujinshi)""}, {""id"": ""d8fa043c-3605-4f6e-bfec-6566da11b927"", ""relation"": ""doujinshi"", ""title"": ""Haikyuu!! - I Think I Love You (Doujinshi)""}, {""id"": ""dc2527ab-80fa-4b95-9050-93a9e54c6505"", ""relation"": ""doujinshi"", ""title"": ""Haikyu!! - Kei-kun, Gomennasai wa? (Doujinshi)""}, {""id"": ""dd1bf7b5-3bfb-4903-95ba-79d16bb18d3e"", ""relation"": ""doujinshi"", ""title"": ""Haikyuu!! - Ichi Byoukan no Rendezvous (Doujinshi)""}, {""id"": ""dd5966ca-ffe8-47f3-908c-805751d6d250"", ""relation"": ""doujinshi"", ""title"": ""Haikyu!! - Itoshii Hanpi (Doujinshi)""}, {""id"": ""dd6cf31c-5a46-421f-9e96-9093ef4208c9"", ""relation"": ""doujinshi"", ""title"": ""Haikyu!! - Koigokoro Eraa (Doujinshi)""}, {""id"": ""dea656c4-fd62-43c7-85ad-d072583bca5c"", ""relation"": ""doujinshi"", ""title"": ""Haikyuu!! - The Fourth Battle Deployment (Doujinshi)""}, {""id"": ""dec6147d-6766-4b6f-8579-2d4ea1adbd84"", ""relation"": ""doujinshi"", ""title"": ""Haikyuu! - Sweet Bath Time (Doujinshi)""}, {""id"": ""dedefb00-025d-4fee-a46d-b241077a1dca"", ""relation"": ""doujinshi"", ""title"": ""Haikyu!! - Call Me Honey (Doujinshi)""}, {""id"": ""dffc1c7f-d28a-4908-9da0-5f92001b6426"", ""relation"": ""doujinshi"", ""title"": ""Seifuku Zukan""}, {""id"": ""e1a721af-8818-406e-8c1c-d21af5e1b2e5"", ""relation"": ""doujinshi"", ""title"": ""Haikyu!! - Himitsu no Amayadori (Doujinshi)""}, {""id"": ""e21525a0-56da-4258-81fe-60759069b627"", ""relation"": ""doujinshi"", ""title"": ""Haikyu!! - Kokokara Dokonimo Ikenai (Doujinshi)""}, {""id"": ""e25b4023-bea0-4723-be5a-77285b02a229"", ""relation"": ""doujinshi"", ""title"": ""Haikyu!! - Mada Himitsu (Doujinshi)""}, {""id"": ""e2662d43-d690-4569-99fe-ffdfd95c6740"", ""relation"": ""doujinshi"", ""title"": ""Haikyuu!! - Jigsaw Puzzle no Ai to Yume (Doujinshi)""}, {""id"": ""e32fc105-66ae-4d5b-a225-c96b5abfcc95"", ""relation"": ""doujinshi"", ""title"": ""Haikyu!! - Kuro-Ken! (Doujinshi)""}, {""id"": ""e3c1ed9a-9624-4f2f-bf81-f2b1579d75ae"", ""relation"": ""doujinshi"", ""title"": ""Haikyu! - Baking Soda Boy (Doujinshi)""}, {""id"": ""e3c81bae-ee3d-4907-93b5-2c0357f672ff"", ""relation"": ""doujinshi"", ""title"": ""Haikyu!! - Tomodachi Jigoku Anchuu Mitsu Semeku (Doujinshi)""}, {""id"": ""e4453662-10c4-4f5c-9ff3-fbcd6f22574d"", ""relation"": ""doujinshi"", ""title"": ""Haikyuu!! - The Prequel of Quest (Doujinshi)""}, {""id"": ""e4e70a40-3158-47f7-aa55-272a23bb71e6"", ""relation"": ""doujinshi"", ""title"": ""Haikyuu!! - Hatsukoi Combat (Doujinshi)""}, {""id"": ""e5290b91-338d-4847-9342-8697b678e2f6"", ""relation"": ""doujinshi"", ""title"": ""Haikyu!! - Summer Zombies (Doujinshi)""}, {""id"": ""e5f7a7cb-023d-423d-9d56-c09be2762bdd"", ""relation"": ""doujinshi"", ""title"": ""Haikyuu!! - Cat Life (Doujinshi)""}, {""id"": ""e66fed4e-90a1-4d13-b119-65bb45829bf5"", ""relation"": ""doujinshi"", ""title"": ""Haikyu!! - Tanoshii Jigoku wo Irodoru Nara (Doujinshi)""}, {""id"": ""e8e0717b-e148-4953-8ee2-439eb9719a38"", ""relation"": ""doujinshi"", ""title"": ""Haikyuu!! - Insensible Fight (Doujinshi)""}, {""id"": ""e8e4a14e-3ecc-4dfd-86ae-8d1e7bb6ecdd"", ""relation"": ""doujinshi"", ""title"": ""Haikyuu!! - Kotowaru Riyuu wa Nai Daro? (Doujinshi)""}, {""id"": ""e982c2aa-6b13-45fa-8663-5d3722e45bc6"", ""relation"": ""doujinshi"", ""title"": ""Haikyuu! - Libra (Doujinshi)""}, {""id"": ""ea65f9cd-cede-42fb-974f-c39c9bb77bc6"", ""relation"": ""doujinshi"", ""title"": ""Haikyuu!! - Uramado Dogfight (Doujinshi)""}, {""id"": ""eca80838-1881-47be-8c34-4f5eb24e9938"", ""relation"": ""doujinshi"", ""title"": ""Haikyuu!! - Miya-kun to Miya-san Naka ga Warui (Doujinshi)""}, {""id"": ""ecc25994-bb80-4afb-b444-932f8118ed86"", ""relation"": ""doujinshi"", ""title"": ""Haikyuu!! - Kyou no Owari ni Arigatou wo. (Doujinshi)""}, {""id"": ""edee794a-24c7-44f8-a7c8-3458fc15e34e"", ""relation"": ""doujinshi"", ""title"": ""Haikyuu!! - Kiss x Kiss x Kiss (Doujinshi)""}, {""id"": ""ee5c8ba6-28ed-4e66-a089-8484a2f3b30a"", ""relation"": ""doujinshi"", ""title"": ""Haikyuu!! - Osaatsu no Hon (Doujinshi)""}, {""id"": ""efd5ef61-db9d-4b44-81b4-3c0183536ab1"", ""relation"": ""doujinshi"", ""title"": null}, {""id"": ""f165a88f-42cc-491d-b352-cfebe6670a35"", ""relation"": ""doujinshi"", ""title"": ""Haikyuu!! - KageHina (Doujinshi)""}, {""id"": ""f1a76efe-13ba-4521-9247-b9463a4bb695"", ""relation"": ""doujinshi"", ""title"": ""Haikyuu!! - Natsu no Hinemosu (Doujinshi)""}, {""id"": ""f1ae174c-d270-4f01-b03f-8f7ae96ce5af"", ""relation"": ""doujinshi"", ""title"": ""Haikyuu!! - At the Mercy of the Lilies (Doujinshi)""}, {""id"": ""f28ad174-aa95-4cc8-b247-1d018321cfa4"", ""relation"": ""doujinshi"", ""title"": ""Haikyu!! - Lazy Lazy Night (Doujinshi)""}, {""id"": ""f2943d93-5b6b-4f77-954d-533af9cf6b30"", ""relation"": ""doujinshi"", ""title"": ""Haikyuu!! - Ariamaru (Doujinshi)""}, {""id"": ""f3120ff9-0191-4627-a0c0-ef4875542f06"", ""relation"": ""doujinshi"", ""title"": ""Haikyu!! - 3:00pm tea party (Doujinshi)""}, {""id"": ""f49776b0-081f-43da-b042-2f939f1c4a0b"", ""relation"": ""doujinshi"", ""title"": ""Haikyu!! - Yamerarenai!! (Doujinshi)""}, {""id"": ""f4c53742-6af4-4a05-b807-3030480062c1"", ""relation"": ""doujinshi"", ""title"": ""Haikyuu!! - Magical Horror Knight ~ Tricky Kisses (Doujinshi)""}, {""id"": ""f6298f9f-7bf8-476f-b116-82ff1b7a4024"", ""relation"": ""doujinshi"", ""title"": ""Summer Vacation Day - Haikyuu dj""}, {""id"": ""f7a41cfa-5161-4f44-b269-2bd7c02425a1"", ""relation"": ""doujinshi"", ""title"": ""Haikyuu!! - 3P KageHina (Doujinshi)""}, {""id"": ""f7ab2aa7-5aa3-46eb-a164-5bce9fc4e9c7"", ""relation"": ""doujinshi"", ""title"": ""Haikyu!! - Mate, Sore wa Koumei no Wana da (Doujinshi)""}, {""id"": ""f8425139-6333-4904-9dbe-1550fb7f753e"", ""relation"": ""doujinshi"", ""title"": ""Haikyu!! - Even If You're Okay, I'm Not (Doujinshi)""}, {""id"": ""fac5c782-f0c7-4194-bf1a-5cd1720ccd6e"", ""relation"": ""doujinshi"", ""title"": ""Haikyuu!! - Hana to Mitsubachi (Doujinshi)""}, {""id"": ""fd76e5a8-2091-4f8c-9fac-327afc0f1c09"", ""relation"": ""doujinshi"", ""title"": ""Haikyu!! - Konwaku Trigger (Doujinshi)""}, {""id"": ""fd9dfd01-6c24-4d57-b68f-0d5c3af04071"", ""relation"": ""doujinshi"", ""title"": ""Haikyu!! - Nandemo Dekiru Mahou (Doujinshi)""}, {""id"": ""fda1c11e-2c86-4e93-a6b7-9c00af8b1987"", ""relation"": ""doujinshi"", ""title"": ""Haikyuu!! - Kokoro Control (Doujinshi)""}, {""id"": ""fe28167d-f857-4240-8512-8883888f4751"", ""relation"": ""doujinshi"", ""title"": ""Haikyuu!! - Night Friend (Doujinshi)""}, {""id"": ""ff31fc73-9348-45cc-9021-483e8546c282"", ""relation"": ""doujinshi"", ""title"": ""Haikyu!! - K-yama-kun's Boyfriend Power (Doujinshi)""}]"
70,62b74aa6-24df-4b91-b76d-39e7ab3c3ca5,REAL,REAL,Inoue Takehiko,Inoue Takehiko,Award Winning; Psychological; Sports; Philosophical; Drama; Slice of Life,seinen,ongoing,1999.0,suggestive,ja,20238,9.5325,9.430980782576274,40,0,[]
71,0c44cf39-3d6c-4472-815b-9e163613cfe9,Kimi ga Shinu made Koi o Shitai,My Wish Is to Fall in Love Until You Die,Aono Nachi,Aono Nachi,Award Winning; Action; Romance; Magic; Girls' Love; Drama; School Life; Fantasy; Tragedy,,ongoing,2018.0,safe,ja,46881,9.4585,9.429984479670843,108,2,"[{""id"": ""2140fb9a-122f-44c3-987c-38c384eea2c0"", ""relation"": ""side_story"", ""title"": ""Kimi ga Shinu made Koi wo Shitai Side Stories""}, {""id"": ""9ca887f0-b610-4903-938d-b643ca54aac2"", ""relation"": ""side_story"", ""title"": ""Kimi ga Shinu made Koi wo Shitai Official Comic Anthology""}]"
72,829fc3a7-d4f4-42e9-9032-0917083f9e0d,Nán Hào Shàng Fēng,Nanhao And Shangfeng,Brownie (布朗尼),Brownie (布朗尼),Award Winning; Long Strip; Comedy; School Life; Web Comic; Slice of Life; Full Color,,ongoing,2019.0,safe,zh,58899,9.4502,9.42949266950258,236,0,[]
73,af0527c1-8734-4498-b128-7090340bc10d,Dragon Ball (Official Colored),Dragon Ball (Official Colored),Toriyama Akira,Toriyama Akira,Award Winning; Sci-Fi; Official Colored; Action; Comedy; Martial Arts; Adventure; Gore; Drama; Fantasy; Aliens,shounen,completed,2013.0,suggestive,ja,7658,9.565,9.423365304622006,84,0,[]
74,dd8a907a-3850-4f95-ba03-ba201a8399e3,Fullmetal Alchemist,,Arakawa Hiromu,Arakawa Hiromu,Award Winning; Sci-Fi; Action; Comedy; Adventure; Military; Gore; Drama; Fantasy; Police; Tragedy,shounen,completed,2001.0,suggestive,ja,22198,9.4553,9.42176859615826,38,33,"[{""id"": ""03f4a9e1-351c-4a31-94f6-4c31b5671684"", ""relation"": ""doujinshi"", ""title"": ""Fullmetal Alchemist - The Ordinary Life of Childhood Friends Where Nothing Particular Happened (Doujinshi)""}, {""id"": ""09b11064-8dce-417f-a152-0143aaf23e79"", ""relation"": ""doujinshi"", ""title"": ""Fullmetal Alchemist - Living Will (Doujinshi)""}, {""id"": ""09cf9abe-8292-4230-aaa3-ee1f8c1c125a"", ""relation"": ""doujinshi"", ""title"": ""Fullmetal Alchemist - The Unchanging People (Doujinshi)""}, {""id"": ""0ace4ade-9f60-46bc-9110-9fa8ae1b7672"", ""relation"": ""doujinshi"", ""title"": ""Fullmetal Alchemist - Dólce (Doujinshi)""}, {""id"": ""0c197e2b-a688-40d7-918a-ef36335586a3"", ""relation"": ""doujinshi"", ""title"": ""Fullmetal Alchemist - Love Me Tender (Doujinshi)""}, {""id"": ""1a92ebbe-d254-445d-b8e9-3eef9b6a8987"", ""relation"": ""doujinshi"", ""title"": ""Fullmetal Alchemist - Gargoyle (Doujinshi)""}, {""id"": ""1c2d0d82-a113-4f2e-87cb-c53ab25b092d"", ""relation"": ""doujinshi"", ""title"": ""Fullmetal Alchemist - The Reason to Return (Doujinshi)""}, {""id"": ""2ff7f72a-ada5-42eb-94bb-46459cd06939"", ""relation"": ""doujinshi"", ""title"": ""Fullmetal Alchemist - Kanohi (Doujinshi)""}, {""id"": ""30506ea8-15a3-4c6a-8733-43ba0a01b848"", ""relation"": ""doujinshi"", ""title"": ""Fullmetal Alchemist - The Shape of Happiness  (Doujinshi)""}, {""id"": ""35c1dd32-3285-4def-8ade-08089c90d584"", ""relation"": ""doujinshi"", ""title"": ""Fullmetal Alchemist - You See, Actually I'm... (Doujinshi)""}, {""id"": ""45bee808-2f9d-47e8-bb34-bf4330d21b08"", ""relation"": ""doujinshi"", ""title"": ""Fullmetal Alchemist - Amaoto/Discord (Doujinshi)""}, {""id"": ""4fa2ba9b-6d47-4134-8afe-1489b198e26b"", ""relation"": ""doujinshi"", ""title"": ""Fullmetal Alchemist - Junction (Doujinshi)""}, {""id"": ""597357d5-3846-433c-8df7-dbcb0d218495"", ""relation"": ""doujinshi"", ""title"": ""Fullmetal Alchemist - Tears of Joy (Doujinshi)""}, {""id"": ""67869e7c-7312-4be2-8170-2dfded70be74"", ""relation"": ""doujinshi"", ""title"": ""Fullmetal Alchemist - Dadward Answers Some Difficult Questions from His Children (Doujinshi)""}, {""id"": ""67f3be7c-7c99-4cb4-87ea-38b3a15e6a61"", ""relation"": ""doujinshi"", ""title"": ""Fullmetal Alchemist - Kyoudai (Doujinshi)""}, {""id"": ""6fdbfc27-e543-43ec-b4ce-7f97f6776980"", ""relation"": ""doujinshi"", ""title"": ""Fullmetal Alchemist - Digital Steel Remake: Armstrong Muscle Siblings (Doujinshi)""}, {""id"": ""7c886fca-7d38-4260-a9f1-6881921fceeb"", ""relation"": ""doujinshi"", ""title"": ""Fullmetal Alchemist - Dadward Remembers Hohendad (Doujinshi)""}, {""id"": ""88a6610b-fb25-4473-b901-11023ba0d128"", ""relation"": ""doujinshi"", ""title"": ""Fullmetal Alchemist - In The Graceful, Savage Hand (Doujinshi)""}, {""id"": ""92a28b3a-99d2-4712-ac56-8f5731f7f362"", ""relation"": ""doujinshi"", ""title"": ""Fullmetal Alchemist - Gottsu Ee Kanji (Doujinshi)""}, {""id"": ""9ac67c30-24fc-4f2f-84dd-6a3741f16463"", ""relation"": ""doujinshi"", ""title"": ""Fullmetal Alchemist - Traumerei (Doujinshi)""}, {""id"": ""abbaffbb-95c2-4561-b8d5-c5c3ecc5ee0b"", ""relation"": ""doujinshi"", ""title"": ""Fullmetal Alchemist - imouto (Doujinshi)""}, {""id"": ""afb8bdd2-782c-4e65-81d6-c3a27537b5dd"", ""relation"": ""doujinshi"", ""title"": ""Fullmetal Alchemist – Kenja no Propeller (Doujinshi)""}, {""id"": ""b88be02c-058b-4ffd-a9b7-df1fb6bdfd59"", ""relation"": ""doujinshi"", ""title"": ""Full Metal Alchemist - The Origin of the Braids (Doujinshi)""}, {""id"": ""c2ad6aa5-b2d4-405c-9c15-bf9cc963e682"", ""relation"": ""doujinshi"", ""title"": ""Fullmetal Alchemist - Which One of You Is the Dense One? (Doujinshi)""}, {""id"": ""c2e6215c-d453-4e06-8a9d-c870ae99e783"", ""relation"": ""doujinshi"", ""title"": ""Fullmetal Alchemist - Night Flyer (Doujinshi)""}, {""id"": ""d6e148f2-4646-4883-8ff9-e5e2a562836d"", ""relation"": ""spin_off"", ""title"": ""Fullmetal Alchemist - Book in Figure""}, {""id"": ""edc759bd-6310-4aaf-84c6-1493ce4a4b8a"", ""relation"": ""doujinshi"", ""title"": ""Fullmetal Alchemist - A Father's Feeling (Doujinshi)""}, {""id"": ""f3bc96a5-8189-4793-a1bc-15630d7e4759"", ""relation"": ""doujinshi"", ""title"": ""Fullmetal Alchemist - Hello Crazy Master! (Doujinshi)""}, {""id"": ""f8baa71d-82d1-46dc-9a27-f07b65f5d6a4"", ""relation"": ""doujinshi"", ""title"": ""Fullmetal Alchemist - Lovely Cool Fake (Doujinshi)""}, {""id"": ""f9c9614d-0657-44c6-9c33-47fd58cd51b3"", ""relation"": ""doujinshi"", ""title"": ""Fullmetal Alchemist""}, {""id"": ""fa70239f-1c1d-4e1d-a513-83c418cfcea7"", ""relation"": ""doujinshi"", ""title"": ""Fullmetal Alchemist - MP (Doujinshi)""}, {""id"": ""fc3c633d-ce31-4f5c-abb6-10e8bdc2db27"", ""relation"": ""doujinshi"", ""title"": ""Fullmetal Alchemist - Deep Magenta (Doujinshi)""}, {""id"": ""fc70a169-7297-4f67-a056-4d0f0c379bf0"", ""relation"": ""doujinshi"", ""title"": ""Fullmetal Alchemist - A Conscious Ed (Doujinshi)""}]"
75,5209fe10-4a14-403f-8837-2ccf8cced253,The Fable,,Minami Katsuhisa,Minami Katsuhisa,Thriller; Award Winning; Action; Romance; Comedy; Crime; Mafia; Sexual Violence; Gore; Drama; Slice of Life,seinen,completed,2014.0,suggestive,ja,38739,9.4491,9.419112355470673,187,2,"[{""id"": ""0215c5f7-7a54-4072-be63-65ad053ce81a"", ""relation"": ""side_story"", ""title"": ""The Fable (Omakes)""}, {""id"": ""ab30c57c-ce2e-4c3b-b2a4-fea7b2f02ca1"", ""relation"": ""sequel"", ""title"": ""The Fable: The second contact""}]"
76,52ab10b8-d539-4839-9b31-7937fb08c813,Na neun Amy reul Saranghae,I Love Amy,Unun (언니),Unun (언니),Psychological; Long Strip; Romance; Girls' Love; School Life; Web Comic; Full Color,,completed,2022.0,safe,ko,36550,9.4332,9.418393818039677,73,0,[]
77,9e954c6b-7a02-4fd7-986d-6331c0ba95d4,Hikaru Ga Shinda Natsu,The Summer Hikaru Died,Mokumoku Ren,Mokumoku Ren,Award Winning; Boys' Love; School Life; Horror; Supernatural; Mystery; Tragedy,seinen,ongoing,2021.0,safe,ja,34507,9.4617,9.414915991155096,91,0,[]
78,2fec6641-beb1-4ae9-a32f-204dd06688ac,Otonari no Tenshi-sama ni Itsunomanika Dame Ningen ni Sareteita Ken,The Angel Next Door Spoils Me Rotten,Saeki-san,Wan Shibata,Romance; Comedy; School Life; Cooking; Adaptation,shounen,ongoing,2022.0,safe,ja,83727,9.4282,9.41086200805958,66,1,"[{""id"": ""8516915a-51a2-44e0-a915-aff325216a26"", ""relation"": ""side_story"", ""title"": ""Otonari no Tenshi-sama ni Itsunomanika Dame Ningen ni Sareteita Ken: after the rain""}]"
79,e05dd982-6d09-4f3d-8e8e-6c9ae65b5857,Usuzumi no Hate,The Color of the End: Mission in the Apocalypse,Iwamune Haruo,Iwamune Haruo,Sci-Fi; Adventure; Post-Apocalyptic; Mystery; Tragedy,seinen,ongoing,2022.0,safe,ja,31292,9.4603,9.409887474094358,36,0,[]
80,b700777b-b007-436a-8830-951cd5e1df97,Phantom Busters,Phantom Busters,Neo Shoco,Neo Shoco,Action; Ghosts; Comedy; School Life; Slice of Life; Supernatural,shounen,ongoing,2023.0,safe,ja,11726,9.5365,9.407676533283528,19,0,[]
81,f8e294c0-7c11-4c66-bdd7-4e25df52bf69,Blue Period,,Yamaguchi Tsubasa,Yamaguchi Tsubasa,Award Winning; Psychological; Crossdressing; Philosophical; Drama; School Life; Delinquents; Slice of Life,seinen,ongoing,2017.0,safe,ja,59859,9.4288,9.407562600838476,395,1,"[{""id"": ""00010753-b98c-4f53-b09e-d09a8a385f20"", ""relation"": ""spin_off"", ""title"": ""Burberry x Blue Period.""}]"
82,37f5cce0-8070-4ada-96e5-fa24b1bd4ff9,Kaguya-sama: Love Is War,Kaguya-sama: Love Is War,Akasaka Aka,Akasaka Aka,Award Winning; Romance; Comedy; Drama; School Life; Slice of Life,seinen,completed,2015.0,safe,ja,123870,9.4153,9.405728259809363,1619,49,"[{""id"": ""08495152-089a-45e6-b8b2-f66e62f36ebd"", ""relation"": ""doujinshi"", ""title"": ""Kaguya-sama wa Kokurasetai - Kaguyax (Doujinshi)""}, {""id"": ""0fd40dfe-3b9b-47c5-a3fd-6209309efedc"", ""relation"": ""doujinshi"", ""title"": ""Kaguya-sama wa Kokurasetai - Fujiwara-shoki o Haramasetai (Doujinshi)""}, {""id"": ""1d1fe24b-5d0e-4ef6-ae5a-26522f307f03"", ""relation"": ""doujinshi"", ""title"": ""Kaguya-sama wa Kokurasetai - ULTRA EROTIC (Doujinshi)""}, {""id"": ""1d7c44c5-f2cd-4969-9059-407696baab7b"", ""relation"": ""doujinshi"", ""title"": ""Kaguya-sama: Love is Destruction (Doujinshi)""}, {""id"": ""22f60c60-91f7-40a8-be34-f74c8007b716"", ""relation"": ""doujinshi"", ""title"": ""Kaguya-sama wa Kokurasetai - We Want to Make Yu Ishigami Gain Weight (Doujinshi)""}, {""id"": ""24a641b0-7ea2-4289-982c-5c5b26946607"", ""relation"": ""doujinshi"", ""title"": ""Kaguya-sama wa Kokurasetai - Ishigami Yuu wa Iyasaretai (Doujinshi)""}, {""id"": ""296cbc31-af1a-4b5b-a34b-fee2b4cad542"", ""relation"": ""shared_universe"", ""title"": ""【Oshi no Ko】""}, {""id"": ""296ee475-fa58-4991-92ea-38373b9da786"", ""relation"": ""doujinshi"", ""title"": ""Love is (Literally) War (Doujinshi)""}, {""id"": ""2e5d810f-cb9e-40da-ba4f-ed694cef64ab"", ""relation"": ""doujinshi"", ""title"": ""Kaguya-sama wa Kokurasetai - Gakuseikai-shoki ni Tokkun-shitai -Shijuuhatte Battle no Seijoui Oshiete ~Coach- (Doujinshi)""}, {""id"": ""35c599ba-3bfa-423c-85c1-264fed387b15"", ""relation"": ""doujinshi"", ""title"": ""Kaguya-sama wa Kokurasetai - Moto Daikirai na Koibito""}, {""id"": ""3e952b6e-80c9-4f7f-9ce2-ff82e3e00c4d"", ""relation"": ""doujinshi"", ""title"": ""Kaguya-sama wa Kokurasetai - Ishigami-kun and Iino-san Are Dating (Doujinshi)""}, {""id"": ""3f5df88d-bccf-4e2e-9745-ecbc0eee7a4f"", ""relation"": ""doujinshi"", ""title"": ""Kaguya-sama wa Kokurasetai - Sawanari's IshiMiko Shorts (Doujinshi)""}, {""id"": ""4bdfc81d-641a-4046-b962-e6b57e62a1ab"", ""relation"": ""doujinshi"", ""title"": null}, {""id"": ""4da09d11-28ac-4f26-aab6-daf37b5fd8df"", ""relation"": ""doujinshi"", ""title"": ""Kaguya-sama wa Kokurasetai - Sweet Melancholy (Doujinshi)""}, {""id"": ""4f83ee43-ce71-4477-a499-1dcf04c26c6d"", ""relation"": ""doujinshi"", ""title"": ""Kaguya-sama wa Kokurasetai - WISTERIA (Doujinshi)""}, {""id"": ""585840f3-d0db-4c98-b235-4cc19aef1872"", ""relation"": ""same_franchise"", ""title"": ""Shuchiin Academy’s Graduation Party ~Kaguya-sama Wants to be Celebrated~: Last Official Fanbook""}, {""id"": ""5c38b1cb-7994-4f1b-95f5-b84615cba614"", ""relation"": ""doujinshi"", ""title"": ""Kaguya-sama wa Kokurasetai - Hidden backstory - Iino Miko (Doujinshi)""}, {""id"": ""5ff9b5fb-371f-4521-8ab4-ead59421d1f7"", ""relation"": ""doujinshi"", ""title"": ""Kaguya-sama wa Kokurasetai - Nekomimi no Kaguya-sama (Doujinshi)""}, {""id"": ""6267ee31-ba7e-40f4-8dc1-c064f3c261b9"", ""relation"": ""doujinshi"", ""title"": ""Kaguya-sama wa Kokurasetai - ShiroKagu (Doujinshi)""}, {""id"": ""670f098c-f0ed-4f82-91c7-be5094e1787b"", ""relation"": ""doujinshi"", ""title"": ""Kaguya-sama wa Kokurasetai - Ponzu's IshiMiko Shorts (Doujinshi)""}, {""id"": ""67b4b6f3-ea59-4604-8809-0791fcacb3be"", ""relation"": ""doujinshi"", ""title"": ""Kaguya-sama wa Kokurasetai - Fujiwara Senpai wa Sukidarake (Doujinshi)""}, {""id"": ""6d22fc6b-a370-45f8-a36a-f34899f86cff"", ""relation"": ""doujinshi"", ""title"": ""Kaguya-sama wa Kokurasetai - ShiroKagu Telework (Doujinshi)""}, {""id"": ""6f65ec3b-a0f7-4f16-8019-207f517b3a76"", ""relation"": ""doujinshi"", ""title"": ""Kaguya-sama wa Kokurasetai - Demi's IshiMiko Shorts (Doujinshi)""}, {""id"": ""70a377d3-c449-415f-a72a-fb3ae4d6eba6"", ""relation"": ""doujinshi"", ""title"": ""Kaguya-sama wa Kokurasetai - Kaguya-sama Wants to Get Laid""}, {""id"": ""7c2de73b-532d-4f2c-8e44-216ae67f48d7"", ""relation"": ""doujinshi"", ""title"": ""Kaguya-sama wa Kokurasetai - Kaguya-sama Wants to Make Him Cum (Doujinshi)""}, {""id"": ""90517b2a-d9d8-4933-bb8c-d90488b3141f"", ""relation"": ""doujinshi"", ""title"": ""Kaguya-sama wa Kokurasetai - Shinomiya no Maid wa Tokojyouzu~ Professional Jintai Onahole (Doujinshi)""}, {""id"": ""997daea0-da85-401f-aefb-dc1f0643118c"", ""relation"": ""doujinshi"", ""title"": ""Yandere Miko-chan""}, {""id"": ""9c6d3e59-4d95-4e25-9ee2-4e7a9d113da0"", ""relation"": ""doujinshi"", ""title"": ""Kaguya-sama wa Kokurasetai - Kaguya-sama wa Ecchi Saretai (Doujinshi)""}, {""id"": ""9cfca27a-13c1-4356-b49c-a52d2ec9dc6f"", ""relation"": ""doujinshi"", ""title"": ""Kaguya-sama wa Kokurasetai - Secretary Fujiwara wants to Nurture""}, {""id"": ""9e4fc6cf-f03f-430e-8b00-96b36756d574"", ""relation"": ""doujinshi"", ""title"": ""Kaguya-sama wa Kokurasetai - Kaichou wa Oboetenai! (Doujinshi)""}, {""id"": ""a0be171a-9b39-4f60-82c9-daf19f7f24a3"", ""relation"": ""doujinshi"", ""title"": ""Kaguya-sama wa Kokurasetai - Iino Choco  (Doujinshi)""}, {""id"": ""a1f00ccd-e56b-4fde-b6b7-3ccebca61459"", ""relation"": ""doujinshi"", ""title"": ""Kaguya-sama wa Kokurasetai - IshiMiko’s Valentine’s (Doujinshi)""}, {""id"": ""a3211b23-a85a-4f1d-9b9e-54813ea7e746"", ""relation"": ""doujinshi"", ""title"": ""Kaguya-sama wa Kokurasetai - White Kagu (Doujinshi)""}, {""id"": ""a38409e4-0c81-4019-b42e-b653e00caa2a"", ""relation"": ""doujinshi"", ""title"": ""Kaguya-sama wa Kokurasetai - Ishigami Yuu wa Iyasaretai (Doujinshi) (Fan Colored)""}, {""id"": ""a84264f6-a979-4573-89b3-09dd5c050c2b"", ""relation"": ""spin_off"", ""title"": ""Kaguya-sama: Love is War Official Doujin""}, {""id"": ""aa73cb6d-7606-4f76-b0c9-b901d4a89afc"", ""relation"": ""doujinshi"", ""title"": ""Kaguya-sama wa Kokurasetai - Miyuki Shirogane Wants to Make Her Cum (Doujinshi)""}, {""id"": ""aeb7c9a7-1d5f-41cd-8b01-c3bf4b546c89"", ""relation"": ""doujinshi"", ""title"": ""Kaguya-sama wa Kokurasetai - Shinomiya Kaguya o Goukan Shitai (Doujinshi)""}, {""id"": ""ce9fc826-8e82-40f3-afa8-b831ef364dbc"", ""relation"": ""doujinshi"", ""title"": ""Kaguya-sama wa Kokurasetai - Hayasaka Ai is a Slutty Maid (Doujinshi)""}, {""id"": ""d49098bb-081b-41ca-b993-df00f7f44abd"", ""relation"": ""doujinshi"", ""title"": ""Kaguya-sama wa Kokurasetai - I Want to Ask of Kaguya-sama (Doujinshi)""}, {""id"": ""de4b3c43-5243-4399-9fc3-68a3c0747138"", ""relation"": ""spin_off"", ""title"": ""We Want to Talk About Kaguya-sama""}, {""id"": ""deee5924-21af-4382-be76-5e2191b54bbc"", ""relation"": ""doujinshi"", ""title"": ""Kaguya-sama wa Kokurasetai - Rogobo's IshiMiko Shorts (Doujinshi)""}, {""id"": ""e5283614-265e-448c-983e-ae624b74a8cd"", ""relation"": ""doujinshi"", ""title"": ""Kaguya-sama wa Kokurasetai - EROCHIKA! (Doujinshi)""}, {""id"": ""e925fb11-3a23-420d-993b-adf72da856cc"", ""relation"": ""doujinshi"", ""title"": ""Kaguya-sama wa Kokurasetai - KaguyaX""}, {""id"": ""ea3fc681-51fd-44d9-a83d-297c4c28e11b"", ""relation"": ""shared_universe"", ""title"": ""Renai Daikou""}, {""id"": ""ea62a1a3-84d8-4591-bd06-d281bc0fbd1d"", ""relation"": ""doujinshi"", ""title"": ""Kaguya-sama wa Kokurasetai - Close Quarters""}, {""id"": ""f5f29c28-91d6-4b4a-9ee6-a332a4d4bfaf"", ""relation"": ""doujinshi"", ""title"": ""Kaguya-sama wa Kokurasetai - Kaguya-sama’s Matchmaking Charm (Doujinshi)""}, {""id"": ""f690bf19-38de-46cb-a5ef-cc9500c9e7fa"", ""relation"": ""doujinshi"", ""title"": ""Kaguya-sama wa Kokurasetai - Fujiwara-shoki wa Kotowaritai (Doujinshi)""}, {""id"": ""fc6cf4a6-a25f-4560-be47-de485b1d15e6"", ""relation"": ""doujinshi"", ""title"": ""Kaguya-sama wa Kokurasetai - A Declaration of War""}, {""id"": ""fe2dfa0f-683c-4cef-acb9-24b08737f44f"", ""relation"": ""doujinshi"", ""title"": ""Kaguya-sama wa Kokurasetai - Shirogane Miyuki wa Mite mitai (Doujinshi)""}]"
83,0a4bdf95-dc11-4011-937e-7bdc4dd6e786,Mayonaka Heart Tune,Tune In to the Midnight Heart,Igarashi Masakuni,Igarashi Masakuni,Romance; Comedy; Harem; Drama; School Life; Slice of Life,shounen,ongoing,2023.0,suggestive,ja,51653,9.4443,9.40572275904635,71,0,[]
84,b8faa8ab-cb4e-416f-829d-d2a6042ba5ac,Ikoku Nikki,Foreign Country Diary,Yamashita Tomoko,Yamashita Tomoko,Psychological; Romance; Comedy; Drama; Slice of Life,josei,completed,2017.0,safe,ja,13474,9.4905,9.405520254039438,87,0,[]
85,fe18fe91-fa82-441c-9d87-66414d59a622,Exhibition Catalog INOUENO: Mangetsu Edition,Exhibition Catalog INOUENO: Mangetsu Edition,Inoue Takehiko,Inoue Takehiko,Historical; Action; Survival; Samurai; Adventure; Philosophical; Drama; Tragedy,seinen,completed,2008.0,safe,ja,3199,9.6203,9.405188977883832,10,7,"[{""id"": ""577469f9-fc50-4e3b-ba38-bccf4138c637"", ""relation"": ""prequel"", ""title"": ""Exhibition Catalog INOUENO: Mikazuki Edition""}, {""id"": ""88b6fcca-57dd-4df2-aac5-8935eaa6c34d"", ""relation"": ""alternate_story"", ""title"": ""Musashi""}, {""id"": ""9560d60b-bc1f-4a4f-9420-c8eae79f8104"", ""relation"": ""side_story"", ""title"": ""The Book of Five Rings (Variety Art Works)""}, {""id"": ""9843917a-1546-4672-b5ad-3ecc5f7020af"", ""relation"": ""alternate_story"", ""title"": ""Miyamoto Musashi (ISHInoMORI Shotaro)""}, {""id"": ""a2a9216f-6a8d-4b28-bb9f-8ee549245787"", ""relation"": ""alternate_story"", ""title"": ""Miyamoto Musashi""}, {""id"": ""a9bf14be-fcff-4eea-9c45-ba3e40d399fa"", ""relation"": ""alternate_story"", ""title"": ""Musashi (KAWASAKI Noboru)""}, {""id"": ""d1a9fdeb-f713-407f-960c-8326b586e6fd"", ""relation"": ""same_franchise"", ""title"": ""Vagabond""}]"
86,d773c8be-8e82-4ff1-a4e9-46171395319b,Youjo Senki,The Saga of Tanya the Evil,Carlo Zen,Toujou Chika,Reincarnation; Genderswap; Action; Psychological; Survival; Magic; Military; Isekai; Gore; Drama; Fantasy; Adaptation,shounen,ongoing,2016.0,safe,ja,67517,9.4293,9.404481896003517,328,12,"[{""id"": ""03ef2c56-b334-4317-9e01-bc070279442d"", ""relation"": ""doujinshi"", ""title"": ""Youjo Senki - Tanya-chan no Tai-Koumon Kunren + Omakebon (Doujinshi)""}, {""id"": ""0522ca8c-b516-43f2-a437-c130e92b43db"", ""relation"": ""doujinshi"", ""title"": ""Youjo Senki - Tiegenhoff Kikango ni + Omake bon (Doujinshi)""}, {""id"": ""0736a46a-1a34-4411-b665-a1e45ebf54a9"", ""relation"": ""doujinshi"", ""title"": ""The Devil's Show!""}, {""id"": ""119327ab-9b32-4841-9068-02264c15e118"", ""relation"": ""doujinshi"", ""title"": ""A Little Girl Takes Up Senshado - Youjo Senki x Girls und Panzer (Doujinshi)""}, {""id"": ""1e4deefe-9eb8-4183-837a-f24002adb318"", ""relation"": ""spin_off"", ""title"": ""Youjo Senki Shokudou""}, {""id"": ""2332e2e5-2d3d-46ff-9dd5-82bf309d6ef1"", ""relation"": ""doujinshi"", ""title"": ""C101 Kaijou Genteibon""}, {""id"": ""25e26436-7eb7-4505-8711-6e014bb16fd7"", ""relation"": ""doujinshi"", ""title"": ""Youjo Senki - Youjo Konki (Doujinshi)""}, {""id"": ""268221e6-0f45-4c9b-8dd0-57e9b1900ab6"", ""relation"": ""doujinshi"", ""title"": ""Youjo Senki - Sister Fuku na Tanya-chan no Hanashi""}, {""id"": ""27456a35-575c-4597-aa06-1fb7e1a02c7b"", ""relation"": ""doujinshi"", ""title"": ""Youjo Senki - General Staff Headquarters Record of a Crying Little Girl Incident (Doujinshi)""}, {""id"": ""409ece89-5b77-439b-a896-d7ce4882e001"", ""relation"": ""doujinshi"", ""title"": ""Youjo Senki - Teikoku Gokuhi Shiryou Shijuuhatte Shinansho (Doujinshi)""}, {""id"": ""76d1647f-9f57-45f8-872e-5b431fcbb477"", ""relation"": ""doujinshi"", ""title"": ""Youjo Senki - Gentei Omakebon (Doujinshi)""}, {""id"": ""7944cc53-86e6-4135-898f-47c5c8d0647c"", ""relation"": ""doujinshi"", ""title"": ""Youjo Senki - Youjo Doctrine!! (Doujinshi)""}]"
87,c4ca02fb-8378-433b-8049-fbbea5d25cba,Haimiya-senpai wa Kowakute Kawaii,Haimiya-Senpai is Scary But Cute,Kamiyama Sumu,Kamiyama Sumu,Romance; Comedy; Drama; School Life; Slice of Life,shounen,ongoing,2025.0,safe,ja,114482,9.4146,9.402274570769473,80,0,[]
88,4301d363-ee02-43f4-ae24-4cbf29a74830,Oyasumi Punpun,Goodnight Punpun,Asano Inio,Asano Inio,Psychological; Romance; Comedy; Sexual Violence; Philosophical; Gore; Drama; School Life; Delinquents; Slice of Life; Tragedy,seinen,completed,2007.0,safe,ja,79596,9.4137,9.400967678760273,254,0,[]
89,99af94f5-04c2-424b-8438-0c8386b0ec5f,Kimi wa Houkago Insomnia,Insomniacs After School,Ojiro Makoto,Ojiro Makoto,Psychological; Romance; Comedy; School Life; Slice of Life,seinen,completed,2019.0,safe,ja,55895,9.4243,9.40043348177985,269,1,"[{""id"": ""a85cd7c9-49f0-4bda-babe-51c71fff0ada"", ""relation"": ""shared_universe"", ""title"": ""Fujiyama-san wa Shishunki""}]"
90,82148d28-92b9-4f02-9996-07b4017d2be7,The Wind Spell,The Wind Spell,Rrrrrrice,Rrrrrrice,Historical; Monsters; Long Strip; Magic; Girls' Love; Drama; Horror; Fantasy; Monster Girls; Web Comic; Supernatural; Mystery; Full Color,,ongoing,2025.0,suggestive,zh,8460,9.545,9.394461462051375,35,0,[]
91,6e3553b9-ddb5-4d37-b7a3-99998044774e,ReLIFE,ReLIFE,Yayoi Sou,Yayoi Sou,Sci-Fi; Long Strip; Romance; Comedy; Drama; School Life; Web Comic; Full Color,,completed,2013.0,safe,ja,33979,9.4095,9.394309943815733,292,1,"[{""id"": ""996c9a3e-d116-4285-8fd0-54c82f0cb020"", ""relation"": ""alternate_version"", ""title"": ""ReLIFE (Book Version)""}]"
92,0ca1627e-95dd-4118-892a-f144adf02256,March Comes in Like a Lion,March Comes in Like a Lion,Umino Chica,Umino Chica,Award Winning; Traditional Games; Philosophical; Drama; Slice of Life,seinen,ongoing,2007.0,safe,ja,29495,9.4481,9.39428294053253,129,3,"[{""id"": ""305a0cd5-c2e2-4f47-b90e-acc0dd55fad2"", ""relation"": ""doujinshi"", ""title"": ""Sangatsu no Lion - Juunigatsu no Hirou (Doujinshi)""}, {""id"": ""cc8fbda6-edd5-4bda-80e5-16769236c00c"", ""relation"": ""doujinshi"", ""title"": ""Sangatsu no Lion - Rakugetsu no Lion (Doujinshi)""}, {""id"": ""e054f61f-edc3-41b4-a245-90dc2439f2ad"", ""relation"": ""spin_off"", ""title"": ""March Comes in Like a Lion Spinoff - The Scorching Times""}]"
93,9a414441-bbad-43f1-a3a7-dc262ca790a3,Jeonjijeok Dokja Sijeom,Omniscient Reader's Viewpoint,sing N song (싱숑); UMI,Sleepy-C (슬리피-C),Award Winning; Reincarnation; Monsters; Action; Long Strip; Survival; Adventure; Post-Apocalyptic; Magic; Fantasy; Web Comic; Supernatural; Adaptation; Full Color,,ongoing,2020.0,safe,ko,131754,9.4051,9.393839964095244,939,5,"[{""id"": ""14b81959-13ed-46eb-a277-da66f672acb5"", ""relation"": ""shared_universe"", ""title"": ""Myeolmang Ihu ui Segye""}, {""id"": ""46392cb3-a0f8-42e4-b2ac-b89637df56d9"", ""relation"": ""alternate_version"", ""title"": ""Omniscient Reader's Viewpoint (Book Version)""}, {""id"": ""64beeb43-c3fd-4392-a45d-e688ba5e0ade"", ""relation"": ""doujinshi"", ""title"": ""Omniscient Reader's Viewpoint - Another Stories (Doujinshi)""}, {""id"": ""aa0df6ce-a7dd-45d2-af0e-780b9d29a011"", ""relation"": ""doujinshi"", ""title"": ""Omniscient Reader's Viewpoint - One Way to Get Out of a Room You Can't Get Out of (Doujinshi)""}, {""id"": ""e8067480-6c51-4c61-a365-50f36461644e"", ""relation"": ""doujinshi"", ""title"": ""Omniscient Reader's Viewpoint  - Maid, Make, Mine (Doujinshi)""}]"
94,a460ab18-22c1-47eb-a08a-9ee85fe37ec8,Bleach (Official Colored),Bleach (Official Colored),Kubo Tite,Kubo Tite,Award Winning; Official Colored; Action; Ghosts; Comedy; Martial Arts; Adventure; Gore; Drama; Supernatural,shounen,completed,2012.0,suggestive,ja,18016,9.4576,9.392447548599437,30,1,"[{""id"": ""3334c53b-69ae-4cfa-9a3b-2b76c17d57b3"", ""relation"": ""sequel"", ""title"": ""Bleach: Special One-Shot (Official Colored)""}]"
95,df2734ee-df2e-453f-966a-4bca48bd922a,Anata no Yami Tracen Gakuen,Your Shadow Tracen,Bacius,Bacius,Action; Comedy; Doujinshi; Supernatural,,ongoing,2023.0,safe,ja,4191,9.6408,9.3916610734843,2,1,"[{""id"": ""50d011bb-09a6-46c7-8078-7ba96558a864"", ""relation"": ""based_on"", ""title"": ""Uma Musume (Franchise)""}]"
96,f7b62193-bdfb-4953-a6c6-0bd1b9a872f9,Sensou Kyoushitsu,The Bugle Call: Song of War,Sora Mozuku,Toumori Higoro,Action; Psychological; Military; Fantasy; Mystery; Music; Tragedy,shounen,ongoing,2022.0,safe,ja,23967,9.4656,9.391461444463506,54,0,[]
97,80422e14-b9ad-4fda-970f-de370d5fa4e5,Made in Abyss,,Tsukushi Akihito,Tsukushi Akihito,Award Winning; Sci-Fi; Loli; Monsters; Animals; Survival; Adventure; Gore; Drama; Fantasy; Shota; Mystery,seinen,ongoing,2012.0,suggestive,ja,75708,9.4108,9.390974183239996,292,23,"[{""id"": ""0aa5c0b6-1576-4eb9-8bc7-d47b95e4ecf5"", ""relation"": ""doujinshi"", ""title"": ""Made in Abyss - Seeker Camp de Omotenashi (Doujinshi)""}, {""id"": ""0e2e5cfd-1374-4b78-a026-25b831065cf6"", ""relation"": ""doujinshi"", ""title"": ""Made in Abyss - Otonanachi wa Doshigatai! (Doujinshi)""}, {""id"": ""110e8b76-aced-4026-82c4-8558b62f8298"", ""relation"": ""doujinshi"", ""title"": ""Made in Abyss 47.X: Assault""}, {""id"": ""174bec89-e870-47f1-8e0a-ea7ea935d432"", ""relation"": ""alternate_story"", ""title"": null}, {""id"": ""18c41d02-408a-4a84-9aba-713eb3269376"", ""relation"": ""doujinshi"", ""title"": ""bou (Doujinshi)""}, {""id"": ""223a5ab8-a8c9-4dcf-b4c8-c3f1be72e414"", ""relation"": ""doujinshi"", ""title"": ""Made in Abyss - Hime no Sosusosu (Doujinshi)""}, {""id"": ""23b7b748-f209-4ed6-bdec-584402fa65ee"", ""relation"": ""doujinshi"", ""title"": ""Made in Abyss - S Size (Doujinshi)""}, {""id"": ""2d6d44aa-5be2-43d1-8531-f01e23e63f00"", ""relation"": ""doujinshi"", ""title"": ""Story of a world where Riko and Bondrewd's positions have been swapped""}, {""id"": ""34b84cfe-4cc8-422e-846d-768c94a51a4f"", ""relation"": ""doujinshi"", ""title"": ""Made in Abyss - Aubade in Nanachi (Doujinshi)""}, {""id"": ""35567ec8-416d-470f-9d78-1fac436c004f"", ""relation"": ""doujinshi"", ""title"": ""Doorbeetle""}, {""id"": ""3a80d6dc-623b-43b2-a61d-1cb1c3d59bc2"", ""relation"": ""doujinshi"", ""title"": ""Made in Abyss 47.X: Welcome Back""}, {""id"": ""4348dddd-bf14-4aac-a78f-3a9fd1e36c21"", ""relation"": ""doujinshi"", ""title"": ""Made in Abyss - Shutchou Myakuutsu Benki Hon (Doujinshi)""}, {""id"": ""45fc2dd9-ef52-4d6a-8eac-4f487601425b"", ""relation"": ""doujinshi"", ""title"": ""Made in Abyss - Shukufuku no Mura (Doujinshi)""}, {""id"": ""4a651fa9-4309-48cf-9203-86b7ddf3d24b"", ""relation"": ""spin_off"", ""title"": ""Made in Abyss Official Anthology""}, {""id"": ""6eabddc9-5ec9-461d-ab59-d73bda32a468"", ""relation"": ""doujinshi"", ""title"": ""Made in Abyss - Doshigatai Shitei (Doujinshi)""}, {""id"": ""8375e8cf-5b84-407b-b446-8ba6b8b151a1"", ""relation"": ""doujinshi"", ""title"": ""Abysston Private School - Class of the Hollows""}, {""id"": ""99d8ae06-b8d8-48ca-bfcd-dc8bf333d547"", ""relation"": ""doujinshi"", ""title"": ""Made in Abyss - Ganpekigai no Nat (Doujinshi)""}, {""id"": ""a59a9074-98ab-4e0f-a008-bfc5758cd1f5"", ""relation"": ""doujinshi"", ""title"": ""Made in Abyss - Tankyuu-sha Honnou (Doujinshi)""}, {""id"": ""ba90b6ec-35a5-4bff-8347-0b5387bad51b"", ""relation"": ""doujinshi"", ""title"": ""Made in Abyss - Fudou Kyou to Marulk no Abyss (Doujinshi)""}, {""id"": ""c34e716e-4255-4e2f-855a-2e5bdcd4bb21"", ""relation"": ""doujinshi"", ""title"": ""Made in Abyss - Toppatsu Regu Hon (Doujinshi)""}, {""id"": ""c8ee7b8d-bb53-4aed-b006-ad5cc5d6951e"", ""relation"": ""doujinshi"", ""title"": ""Made in Abyss - Chiyu no Ibutsu (Doujinshi)""}, {""id"": ""fcf2fc52-1d2d-46fc-937c-1c45564140e1"", ""relation"": ""doujinshi"", ""title"": ""Life Is Vivid Dream (Made in Abyss)""}, {""id"": ""fe1c6cb0-bfc5-4809-b261-1238876d97b6"", ""relation"": ""doujinshi"", ""title"": ""Made in Abyss: Made from Fortunes""}]"
98,68112dc1-2b80-4f20-beb8-2f2a8716a430,Dandadan,Dandadan,Tatsu Yukinobu,Tatsu Yukinobu,Thriller; Sci-Fi; Monsters; Action; Ghosts; Romance; Comedy; Gore; Aliens; Supernatural,shounen,ongoing,2021.0,suggestive,ja,111935,9.4047,9.390654179742873,45,0,[]
99,b129c748-5fb9-4fce-aa3d-f6a016a4fe6b,Chiikawa: Nanka Chiisakute Kawaii Yatsu,"Chiikawa, Something Small and Cute",Nagano,Nagano,Animals; Comedy; Web Comic; Slice of Life; Full Color,seinen,ongoing,2020.0,safe,ja,4192,9.6906,9.389648074212024,7,0,[]
100,11bfa371-f53f-42b7-8213-94b1323b02b6,Yubisaki to Renren,A Sign of Affection,Morishita Suu,Morishita Suu,Award Winning; Romance; Drama; School Life; Slice of Life,shoujo,ongoing,2019.0,suggestive,ja,36031,9.4392,9.388476474854858,110,0,[]
101,5896e05d-3900-4947-baf8-403a9d8fa5ec,Nick & Lever,Nick & Lever,Miyata Kyougorou,Miyata Kyougorou,Comedy; Crime; Adventure; Drama; Slice of Life,seinen,completed,2020.0,safe,ja,8265,9.4929,9.388169510939928,44,1,"[{""id"": ""6158138d-0996-4e55-9cd9-36de555cec25"", ""relation"": ""sequel"", ""title"": ""Nick & Lever SG""}]"
102,f5bf9cc3-d003-47fe-bc76-99774b2a0562,Nichijou,Nichijou,Arawi Keiichi,Arawi Keiichi,Comedy; Drama; School Life; Slice of Life,shounen,hiatus,2006.0,safe,ja,12789,9.5225,9.38646585490266,25,3,"[{""id"": ""043a0843-49ec-43e8-a72b-bf6c2bb083a9"", ""relation"": ""side_story"", ""title"": ""Helvetica Standard""}, {""id"": ""68dc5900-184f-4d58-9af8-81e425d79fa0"", ""relation"": ""doujinshi"", ""title"": ""Nichijou - Hinichijou (Doujinshi)""}, {""id"": ""b74b14e2-7713-4172-8420-1f7d853f0745"", ""relation"": ""shared_universe"", ""title"": ""CITY""}]"
103,87ebd557-8394-4f16-8afe-a8644e555ddc,Hirayasumi,Hirayasumi,Shinzou Keigo,Shinzou Keigo,Comedy; Drama; Slice of Life,seinen,ongoing,2021.0,safe,ja,16238,9.4763,9.386433430604317,31,0,[]
104,e939aa14-37e7-4fd1-9923-ddad014c5c1e,Kentaro Miura Memorial Manga,Kentaro Miura Memorial Manga,Mori Kouji,Mori Kouji,Oneshot; Tragedy,seinen,completed,2021.0,safe,ja,2598,9.6233,9.37826790607156,0,0,[]
105,f4ad14b4-64d9-470f-9b4c-0fab84f0d507,Moriagaranai Date,Unexciting Date,Suzuyuki,Suzuyuki,Romance; Comedy; Slice of Life,josei,ongoing,2024.0,safe,ja,18497,9.4586,9.378186362319987,34,0,[]
106,9b96ec17-deb7-402b-b822-ae40e03533db,Gakuen Babysitters,Gakuen Babysitters,Tokeino Hari,Tokeino Hari,Psychological; Romance; Comedy; Drama; School Life; Slice of Life; Tragedy,shoujo,ongoing,2009.0,safe,ja,17164,9.4884,9.378103615891154,99,0,[]
107,f65444dc-3694-4e31-a166-8afb2938ed55,Gintama,Silver Soul,Sorachi Hideaki,Sorachi Hideaki,Award Winning; Sci-Fi; Historical; Action; Comedy; Martial Arts; Samurai; Adventure; Gore; Drama; Slice of Life; Aliens,shounen,completed,2003.0,suggestive,ja,16798,9.4481,9.378054659384333,132,51,"[{""id"": ""05be49ee-ab0a-4fb9-a351-8a83407d3e07"", ""relation"": ""side_story"", ""title"": ""Gintama Sorachi Hideaki Selections""}, {""id"": ""095df76c-6bfc-43fc-9904-d4f582edb009"", ""relation"": ""doujinshi"", ""title"": ""Gintama - Where Is Your Switch? (Doujinshi)""}, {""id"": ""0beaf5e3-27b1-4476-888c-3c4eee220677"", ""relation"": ""doujinshi"", ""title"": ""Gintama - Himitsu to Kanchigai""}, {""id"": ""0c019f87-240e-4209-8fed-d67668551c80"", ""relation"": ""doujinshi"", ""title"": ""Gintama - Apricot Fizz (Doujinshi)""}, {""id"": ""115d341e-c08f-49b4-999c-d50cda235459"", ""relation"": ""doujinshi"", ""title"": ""Gintama - Monochrome/Colors (Doujinshi)""}, {""id"": ""12d68ae4-d3cb-4587-bb03-f3e899ece08c"", ""relation"": ""doujinshi"", ""title"": ""Gintama - Ochiru (Doujinshi)""}, {""id"": ""166993ef-7d8e-4f20-9794-50096671cdc4"", ""relation"": ""doujinshi"", ""title"": ""Gintama - Red Bed (Doujinshi)""}, {""id"": ""177e8c50-e0d7-4960-af18-470ec925f356"", ""relation"": ""doujinshi"", ""title"": ""Gintama & One Piece - Ore Parco (Doujinshi)""}, {""id"": ""189619a8-b1d7-48b4-b502-7e9a87028de0"", ""relation"": ""doujinshi"", ""title"": ""Gintama - Give Love (Doujinshi)""}, {""id"": ""20a70722-c9b5-4c75-ac05-c3437913008a"", ""relation"": ""doujinshi"", ""title"": ""Gintama - Like Cat and Dog (Doujinshi)""}, {""id"": ""2751aed3-dd09-47c5-8eed-de8ea88c132b"", ""relation"": ""doujinshi"", ""title"": ""Gintama - Hanbunko (Doujinshi)""}, {""id"": ""28c87f3b-58ab-4508-b2f8-b29927c52788"", ""relation"": ""doujinshi"", ""title"": ""Gintama - Invisible Chain (Doujinshi)""}, {""id"": ""2bc31b73-ce53-49f2-a80d-d53ccc7d711b"", ""relation"": ""doujinshi"", ""title"": ""Gintama - Ride On (Doujinshi)""}, {""id"": ""35322888-ab40-4170-bd76-0c879affd231"", ""relation"": ""doujinshi"", ""title"": ""Gintama - Iroha Uta (Doujinshi)""}, {""id"": ""3be47f2c-d403-402d-ba11-23fce85a803c"", ""relation"": ""doujinshi"", ""title"": ""Gintama - Hallo! Mr.Stupid (Doujinshi)""}, {""id"": ""3cb479e4-a3e9-4958-a8e1-0b3eb4e7f37e"", ""relation"": ""doujinshi"", ""title"": ""Honshin wa Shirareta Hou ga Make de Aru.""}, {""id"": ""3f4a7dfc-1097-4139-846a-fed730cf222a"", ""relation"": ""doujinshi"", ""title"": ""Gintama - Black Onix (Doujinshi)""}, {""id"": ""429775c9-783c-46a1-a6ca-49d223f17485"", ""relation"": ""doujinshi"", ""title"": ""Gintama - A Daily Life of Cheerful Imprisonment (Doujinshi)""}, {""id"": ""45d74caa-2407-4639-81ac-03a56fcfb31c"", ""relation"": ""doujinshi"", ""title"": ""Gintama - Clever Dog (Doujinshi)""}, {""id"": ""4f5edfa1-a474-406b-a45e-24508b21ce85"", ""relation"": ""doujinshi"", ""title"": ""Gintama - Bipolar 2 Cat Ears Mode (Doujinshi)""}, {""id"": ""507873fa-8886-430b-b4bf-92ef853ffe0d"", ""relation"": ""doujinshi"", ""title"": ""Gintama - Volcano (Doujinshi)""}, {""id"": ""5a38bd34-8734-41fd-8bd5-94c19fad2724"", ""relation"": ""doujinshi"", ""title"": ""Gintama - But Now Uncontrol (Doujinshi)""}, {""id"": ""6515d729-d38f-4052-8abd-f7422c4d1dfd"", ""relation"": ""doujinshi"", ""title"": ""Gintama - World Edge (Doujinshi)""}, {""id"": ""71362753-5c5f-495e-aee7-6bdaddd93575"", ""relation"": ""doujinshi"", ""title"": ""Gintama - I'm Here Saying Nothing (Doujinshi)""}, {""id"": ""72c08b7c-fd41-4622-950b-fd1241cae480"", ""relation"": ""side_story"", ""title"": ""Gintama ~Whatever You're Doing, Starting Off on the Right Foot is Essential So It's Better to Overreach a Bit~ Anime Comic""}, {""id"": ""7e5cd02d-bdac-4fdc-94d6-4f6bd1277f8b"", ""relation"": ""doujinshi"", ""title"": ""Gintama - There's Not Enough Eroticism (Doujinshi)""}, {""id"": ""8b82e4b4-9bf9-49b7-a32c-3925fbfdf72e"", ""relation"": ""doujinshi"", ""title"": ""Gintama - Me Yami Otoko (Doujinshi)""}, {""id"": ""8f8c4f0e-93f5-433e-ba13-017746b485ec"", ""relation"": ""doujinshi"", ""title"": ""Jump All Stars Battle (Doujinshi)""}, {""id"": ""9aba202b-5226-4fdb-8829-c398dbc286a7"", ""relation"": ""doujinshi"", ""title"": ""Gintama - Kizumono Tsuki (Doujinshi)""}, {""id"": ""9cfe1489-fb01-49eb-9120-d63640ff1d82"", ""relation"": ""doujinshi"", ""title"": ""Gintama - IceCandy×HardCandy (Doujinshi)""}, {""id"": ""9ee12336-6eff-4f23-8207-67c848e6f3c8"", ""relation"": ""doujinshi"", ""title"": ""Gintama - Black Color (Doujinshi)""}, {""id"": ""a145ecf1-124f-433e-856f-722b252cbce2"", ""relation"": ""doujinshi"", ""title"": ""Gintama - No Talking Man (Doujinshi)""}, {""id"": ""a7113062-6d55-498a-8bd3-e84c2c07d515"", ""relation"": ""doujinshi"", ""title"": ""Gintama - Amayadori (Doujinshi)""}, {""id"": ""b8702af0-fcda-4f14-b0f2-c3ab08a1840b"", ""relation"": ""doujinshi"", ""title"": ""Gintama - Cherry Star (Doujinshi)""}, {""id"": ""bc174587-bed5-4fa5-b064-6071e00787ab"", ""relation"": ""doujinshi"", ""title"": ""Gintama - Past Present (Doujinshi)""}, {""id"": ""bcb7a50d-d0e7-4485-9e86-2a4979751df8"", ""relation"": ""doujinshi"", ""title"": ""Gintama - One and Only (Doujinshi)""}, {""id"": ""c31a1f5c-29fc-43d0-ba1f-6adf280c71e0"", ""relation"": ""based_on"", ""title"": ""OkiKagu - Looking at Photos""}, {""id"": ""c59cb24f-c791-4c71-815b-52ecc3f9bb69"", ""relation"": ""spin_off"", ""title"": ""Gintama: 3-nen Z-gumi Ginpachi-sensei Tuuuunnn!!""}, {""id"": ""c8edeebe-45f3-49fb-996a-867a71618229"", ""relation"": ""doujinshi"", ""title"": ""Gintama - -89.2°C (Doujinshi)""}, {""id"": ""cd5c2ca9-6919-4f4f-b29b-7582d1e020b4"", ""relation"": ""side_story"", ""title"": ""Gintama the Movie: Benizakura Arc - A New Translation Anime Comic""}, {""id"": ""d3ba5bbe-8e40-4437-adc4-82064fb1052d"", ""relation"": ""doujinshi"", ""title"": ""Gintama - Incomplete Us (Doujinshi)""}, {""id"": ""d4db6c60-c30f-411c-8a99-6ae99bc19b4a"", ""relation"": ""doujinshi"", ""title"": ""Gintama - Fake (Doujinshi)""}, {""id"": ""da352077-e295-4e21-a39e-d30c008ad012"", ""relation"": ""doujinshi"", ""title"": ""Kurikaesu""}, {""id"": ""ddcd3d80-676f-4588-baa0-aef03b699921"", ""relation"": ""doujinshi"", ""title"": ""Gintama - Kagirinaku Toumei ni Chikai Gin (Doujinshi)""}, {""id"": ""defab174-6222-4bb6-813a-18d70d06cd45"", ""relation"": ""doujinshi"", ""title"": ""Gintama - Thinking Out Loud (Doujinshi)""}, {""id"": ""ebfd8aeb-b451-43a4-976d-c77d0f4f8037"", ""relation"": ""doujinshi"", ""title"": ""Gintama - When You Drink, Don't Let Them Drink You (Doujinshi)""}, {""id"": ""f0600194-5833-4ed8-aef4-aff0c5f394b2"", ""relation"": ""doujinshi"", ""title"": ""Gintama - Black Box (Doujinshi)""}, {""id"": ""f40235f4-3057-4e1b-ace2-77bf815fd0a4"", ""relation"": ""doujinshi"", ""title"": ""Gintama - Transistor Train (Doujinshi)""}, {""id"": ""f7d2a02d-82ae-4b8a-8c16-5e53930a51b5"", ""relation"": ""doujinshi"", ""title"": ""Gintama - New!! Guratan wo Meshiagare (Doujinshi)""}, {""id"": ""f91bc009-c432-4204-ac2e-8bce44df5d49"", ""relation"": ""doujinshi"", ""title"": ""Gintama - Doujinshi Selection (Doujinshi)""}, {""id"": ""fd9c1d8e-a6ae-4c5b-827b-062f98223025"", ""relation"": ""doujinshi"", ""title"": ""Gintama - Nemuri Hime Hen (Doujinshi)""}]"
108,2a6d6ea2-18a5-4a31-9777-f4bb5bd32726,Xiǎo Mógū,Little Mushroom,Yishisi Zhou (一十四洲); Jinjiang Literature City (晋江文学城),Yu Chi Jin Ze (尉迟金泽),Award Winning; Sci-Fi; Monsters; Long Strip; Romance; Boys' Love; Survival; Post-Apocalyptic; Military; Adaptation; Full Color; Tragedy,,ongoing,2022.0,safe,zh,6034,9.5391,9.376956769626434,12,0,[]
109,e896c48c-3150-437d-ba57-d8567eb399ae,Chainsaw Man (Official Colored),Chainsaw Man (Official Colored),Fujimoto Tatsuki,Fujimoto Tatsuki,Award Winning; Official Colored; Monsters; Action; Demons; Psychological; Comedy; Philosophical; Gore; Drama; Horror; Supernatural; Mystery; Tragedy,shounen,ongoing,2021.0,suggestive,ja,18465,9.4463,9.372937727048532,13,4,"[{""id"": ""65cfafb6-2f7e-4f9e-9c19-db6915b3165b"", ""relation"": ""doujinshi"", ""title"": ""Makima Jikan Teishi Haiboku""}, {""id"": ""7ce2efff-b549-4726-beb8-b8423c5bd55c"", ""relation"": ""doujinshi"", ""title"": ""Chainsaw Man - Kusarinoko Katsurei (doujinshi)""}, {""id"": ""de0e6822-cc50-47de-9efa-d25fb0d1d687"", ""relation"": ""doujinshi"", ""title"": ""Chainaw Man - Wanrūmu, besshō tengoku (doujinshi)""}, {""id"": ""f5470021-1f40-4246-94ce-7b68681c2d36"", ""relation"": ""doujinshi"", ""title"": ""Chainsaw Man - Kimi wa eien no Enoshima (doujinshi)""}]"
110,4bde51e5-e420-45a4-98e9-7405bf2d59ff,Koe no Katachi,A Silent Voice,Ooima Yoshitoki,Ooima Yoshitoki,Award Winning; Romance; Drama; School Life; Slice of Life,shounen,completed,2013.0,safe,ja,21927,9.3995,9.372129624798692,70,2,"[{""id"": ""7cb01d3b-3633-4286-b357-1d7691313a07"", ""relation"": ""side_story"", ""title"": ""A Silent Voice Special Movie Book""}, {""id"": ""de9b1d03-27fb-4b1a-86dd-5b8877f602e4"", ""relation"": ""doujinshi"", ""title"": ""Koe no Katachi - Nishimiya-san's Family Circumstances""}]"
111,ed5dddc0-999d-4fd2-a702-9fef1ec2c955,Ao no Hako,Blue Box,Miura Kouji,Miura Kouji,Award Winning; Romance; Comedy; Sports; Drama; School Life; Slice of Life,shounen,completed,2021.0,safe,ja,46004,9.401,9.372050073003546,32,0,[]
112,569963c5-6b0b-4f92-b561-e1304b78b0dc,Bungou Stray Dogs: Wan!,Bungo Stray Dogs: Wan!,Asagiri Kafka,Kanai Neko,Action; Comedy; Supernatural; Mystery,seinen,ongoing,2015.0,safe,ja,3807,9.6906,9.36955963538877,2,7,"[{""id"": ""3fba42cf-2ad6-4c30-a7ab-46cb8149208a"", ""relation"": ""adapted_from"", ""title"": ""Bungou Stray Dogs""}, {""id"": ""3fba42cf-2ad6-4c30-a7ab-46cb8149208a"", ""relation"": ""main_story"", ""title"": ""Bungou Stray Dogs""}, {""id"": ""56261e00-c2e5-48b5-b003-f28a58eb80f7"", ""relation"": ""alternate_story"", ""title"": ""Bungou Stray Dogs Beast""}, {""id"": ""5b67448e-ddf3-49d2-9701-c1edd8f0e7ee"", ""relation"": ""alternate_story"", ""title"": ""Bungou Stray Dogs: Dead Apple""}, {""id"": ""aa7f61df-54ec-438e-b194-31b4e18010e0"", ""relation"": ""adapted_from"", ""title"": ""Bungou Stray Dogs - Tantei-sha Setsuritsu Hiwa?""}, {""id"": ""b397efc4-e5e0-40e3-99b9-65b2838650ed"", ""relation"": ""shared_universe"", ""title"": ""Bungo Stray Dogs Gaiden - Ayatsuji Yukito VS. Kyougoku Natsuhiko""}, {""id"": ""d8dcbff1-a8b6-4fcf-88de-3977aa5cef33"", ""relation"": ""prequel"", ""title"": ""Bungou Stray Dogs: Dazai, Chuuya, Juugosai""}]"
113,28b5d037-175d-4119-96f8-e860e408ebe9,Shimeji Simulation,,Tsukumizu,Tsukumizu,Sci-Fi; Comedy; Girls' Love; 4-Koma; Philosophical; School Life; Slice of Life,seinen,completed,2019.0,safe,ja,20334,9.4206,9.365921899821982,89,2,"[{""id"": ""48e6df08-9117-4000-a2d9-4a950e9eb4eb"", ""relation"": ""prequel"", ""title"": null}, {""id"": ""a9fd87e2-dedc-42ca-a6dd-3093db9c6f53"", ""relation"": ""shared_universe"", ""title"": ""Mina to Yocchan""}]"
114,736a2bf0-f875-4b52-a7b4-e8c40505b68a,Mob Psycho 100,Mob Psycho 100,ONE,ONE,Award Winning; Action; Ghosts; Comedy; Superhero; Philosophical; School Life; Web Comic; Supernatural,shounen,completed,2012.0,safe,ja,25753,9.3996,9.363173066490063,55,16,"[{""id"": ""15331b78-1801-4a45-8678-c48a9161c92e"", ""relation"": ""side_story"", ""title"": ""Mob Psycho 100×Hito Kui""}, {""id"": ""4855120e-2e22-4d8a-a721-14f4be239b7c"", ""relation"": ""spin_off"", ""title"": ""Ura Sunday Doujinshi 1: Mob Psycho 100 × Sekai Oni""}, {""id"": ""5848a730-b0b4-497e-9e16-6c56461aa837"", ""relation"": ""doujinshi"", ""title"": ""Mob Psycho 100 – GOOD FEELING (Doujinshi)""}, {""id"": ""5d608fc7-a270-47db-a992-9407251054e8"", ""relation"": ""doujinshi"", ""title"": ""Mob Psycho 100 – Nihaku Mikka (Doujinshi)""}, {""id"": ""5ea5f435-49ae-4328-9062-fec7affbe879"", ""relation"": ""side_story"", ""title"": ""OPM x MP100 x Arakawa Under the Bridge x Saint☆Oniisan x Black Knight Parade""}, {""id"": ""6e2d91b9-81b4-448c-8ace-fb17d4a99d44"", ""relation"": ""side_story"", ""title"": ""Mob Psycho 100 Official Fanbook.""}, {""id"": ""7716f1e0-00b7-4f25-a5ce-6ca03f6e4f1b"", ""relation"": ""doujinshi"", ""title"": ""Mob Psycho 100 – BE MY MASTER (Doujinshi)""}, {""id"": ""7e2f6397-be42-4999-94bf-31e9372230af"", ""relation"": ""doujinshi"", ""title"": ""Mob Psycho 100 – Mobu Sai Hyakumonogatari (Doujinshi)""}, {""id"": ""8fe7aa9e-eeb9-45e2-9d33-75d004eb1cb0"", ""relation"": ""doujinshi"", ""title"": ""Mob Psycho 100 – Strawberry Placebo (Doujinshi)""}, {""id"": ""bca28a10-29a0-4935-b729-6501fbf1345d"", ""relation"": ""doujinshi"", ""title"": ""Mob Psycho 100 - Drawn to Your Innocence (Doujinshi)""}, {""id"": ""c3a4f78b-a2c1-490a-9ec0-cdffe21f8f70"", ""relation"": ""sequel"", ""title"": ""REIGEN: The Man With Level 131 Max Spirit Power!""}, {""id"": ""c3a4f78b-a2c1-490a-9ec0-cdffe21f8f70"", ""relation"": ""spin_off"", ""title"": ""REIGEN: The Man With Level 131 Max Spirit Power!""}, {""id"": ""cf8e0d1d-f37d-4419-832b-69252c844ea9"", ""relation"": ""side_story"", ""title"": ""Mob Psycho 100 Anthology""}, {""id"": ""d1da78ef-e6f7-4d13-a8b9-872156470720"", ""relation"": ""spin_off"", ""title"": ""Mob Psycho 100 - Nurenu Saki Koso Tsuyu o Mo Itoe (Doujinshi)""}, {""id"": ""ec0c3270-4dff-43a7-a545-02f9af2c87f4"", ""relation"": ""spin_off"", ""title"": ""Ura Sunday Doujinshi 4: Sekai Oni × Mob Psycho 100""}, {""id"": ""f7e415d4-fddc-47bf-ab33-d89a34f88afc"", ""relation"": ""doujinshi"", ""title"": ""Mob Psycho 100 – Futsuu no tomodachi (Doujinshi)""}]"
115,b667c34c-358b-4252-b932-b5b935d6cc82,Convict Colosseum,Convict Colosseum,Pinakanaka,Pinakanaka,Action; Martial Arts; Self-Published; Web Comic; Mystery,,ongoing,2024.0,safe,en,1861,9.6392,9.359731897310825,26,0,[]
116,b7d069cb-4ab9-4c21-a20b-38f7c269be4e,One Punch-Man (Webcomic),One-Punch Man (Webcomic),ONE,ONE,Award Winning; Sci-Fi; Monsters; Action; Comedy; Superhero; Martial Arts; Web Comic; Supernatural,,ongoing,2009.0,safe,ja,46378,9.3935,9.359639337939527,267,2,"[{""id"": ""6431a544-f126-449d-ac00-64df39f549a7"", ""relation"": ""doujinshi"", ""title"": ""One-Punch Man - The Fight of Gods (Doujinshi)""}, {""id"": ""cec6d978-cd5f-462c-97cb-45dabf10bba5"", ""relation"": ""doujinshi"", ""title"": ""One-Punch Man - Because I'm a Monster (Doujinshi)""}]"
117,6cc85df7-e44b-4fa1-97f2-be04430cc570,Hakanai Kimi wa Moukou wo Hajimeru,The Fairytale-like You Goes on the Assault,Kazutake Hazano,Kazutake Hazano,Romance; Comedy; Web Comic; Slice of Life,,ongoing,2021.0,safe,ja,57827,9.3866,9.359312104926724,56,0,[]
118,fb09a201-eaec-4acb-bdff-2f010e8482db,"Mata, Onaji Yume wo Miteita","Mata, Onaji Yume wo Miteita",Sumino Yoru,Kirihara Idumi,Drama; Slice of Life; Supernatural; Adaptation,seinen,completed,2017.0,safe,ja,9594,9.411,9.357813805742444,105,0,[]
119,6a8a10f6-b56e-47b4-8a36-951bec3900f0,My New Girlfriend Is Not Human?,My New Girlfriend Is Not Human?,NeitheYAGI,NeitheYAGI,Action; Romance; Comedy; Self-Published; Drama; Monster Girls; Web Comic; Slice of Life; Supernatural,,ongoing,2024.0,suggestive,en,106193,9.3682,9.35730021076953,214,3,"[{""id"": ""256cfa77-3698-4f5b-8ff0-5eb39cd6bd6c"", ""relation"": ""shared_universe"", ""title"": ""Life of Pyonko""}, {""id"": ""ba374563-1fff-49dd-80b3-24904d1922ce"", ""relation"": ""shared_universe"", ""title"": ""The Unseen World""}, {""id"": ""d7e6e960-35aa-4748-9d0a-249c552ed505"", ""relation"": ""sequel"", ""title"": ""This Bug Won't Leave Me Alone!""}]"
120,baa95345-24fb-47a9-83e9-434ff671f968,Suupaa no Ura de Yani Suu Futari,Smoking Behind the Supermarket with You,Jinushi,Jinushi,Award Winning; Romance; Comedy; Office Workers; Web Comic; Slice of Life,seinen,ongoing,2022.0,safe,ja,100319,9.3697,9.354790863230441,70,0,[]
121,334019e1-18bb-4ac0-b35c-0e8efb1e481c,JoJo no Kimyou na Bouken Dai-9-bu: The JOJOLands Color-ban,"JoJo’s Bizarre Adventure, Part 9: The JoJoLands - Digital Colored Comics",Araki Hirohiko,Araki Hirohiko,Official Colored; Action; Crime; Mafia; Adventure; Sexual Violence; Gore; Drama; Delinquents; Supernatural; Mystery,seinen,ongoing,2023.0,suggestive,ja,8675,9.5567,9.354274223513897,12,1,"[{""id"": ""7a9d76c3-42b9-4bcf-81d7-ad307d2ea971"", ""relation"": ""prequel"", ""title"": ""JoJo no Kimyou na Bouken: Part 8 - JoJolion Color-ban""}]"
122,c5bd7460-644e-40c6-aa66-40d1efaddb58,Zatch Bell! 2,Zatch Bell! 2,Raiku Makoto,Raiku Makoto,Action; Demons; Comedy; Survival; Magic; Gore; Drama; Fantasy; Supernatural; Mystery,shounen,ongoing,2022.0,safe,ja,11135,9.513,9.354124432403761,25,3,"[{""id"": ""5a4c2f26-6750-4e46-b620-6feeb9a57ac2"", ""relation"": ""same_franchise"", ""title"": ""Zatch Bell!! The Full Course Guide Book (WIP)""}, {""id"": ""63e54dfd-f7a9-473e-a591-28558e229c5b"", ""relation"": ""prequel"", ""title"": ""Zatch Bell!!""}, {""id"": ""a3cfc240-e347-47d3-9741-bd820895a0b0"", ""relation"": ""doujinshi"", ""title"": ""Konjiki no Gash!! 2 - BuraSheri (Doujinshi)""}]"
123,3df1a9a3-a1be-47a3-9e90-9b3e55b1d0ac,Boku no Kokoro no Yabai Yatsu,The Dangers in My Heart,Sakurai Norio,Sakurai Norio,Award Winning; Romance; Comedy; School Life; Slice of Life,shounen,ongoing,2018.0,suggestive,ja,134917,9.3617,9.352540308331799,1083,6,"[{""id"": ""0e28c3fe-f349-4269-a9e0-fe492995888a"", ""relation"": ""doujinshi"", ""title"": ""Boku no Kokoro no Yabai Yatsu - Twitter comics by Fountain's Square (Doujinshi)""}, {""id"": ""3b49cfa6-06d3-4be5-bfa5-c8cee7b9b355"", ""relation"": ""prequel"", ""title"": ""With Her Eyes Half Open""}, {""id"": ""474c8a0b-b112-488f-a18a-eca14a9799cf"", ""relation"": ""side_story"", ""title"": ""Boku no Kokoro no Yabai Yatsu: Twi-Yaba""}, {""id"": ""6274fcab-df09-4ac5-b516-14152bd031c7"", ""relation"": ""spin_off"", ""title"": ""Boku no Kokoro no Yabai Yatsu: Love Comedy ga Hajimaranai""}, {""id"": ""9fa9f5eb-3ced-40be-95c7-3b42701e6937"", ""relation"": ""doujinshi"", ""title"": ""Boku no Kokoro no Yabai Yatsu - Karada ni mo Yabai Yatsu datta... (Doujinshi)""}, {""id"": ""e65e8dcb-abcf-4161-897e-af79ed9cea9a"", ""relation"": ""doujinshi"", ""title"": ""The Dangers in My Heart - Our Hearts Have Irregular Meters (Doujinshi)""}]"
124,9203cc8e-91c0-49ff-96f6-d39994115c0d,I'm Gonna Fix that Girl (Emergence Alternate Ending),I'm Gonna Fix that Girl (Emergence Alternate Ending),questicles-2199,ShindoL; Araki Hirohiko,Oneshot; Comedy; Doujinshi; Drama; Delinquents; Web Comic; Supernatural; Tragedy; Gyaru,,completed,2018.0,suggestive,en,972,9.5975,9.352005517307528,9,2,"[{""id"": ""47405d03-0aa8-4cd2-b414-7c4bb46d8789"", ""relation"": ""based_on"", ""title"": ""Henshin: EMERGENCE""}, {""id"": ""5ed1f8fc-a119-4cbc-aeae-26ce2bd3f838"", ""relation"": ""based_on"", ""title"": ""JoJo no Kimyou na Bouken: Part 4 - Diamond wa Kudakenai""}]"
125,4141c5dc-c525-4df5-afd7-cc7d192a832f,Blue Lock,Blue Lock,Kaneshiro Muneyuki,Nomura Yuusuke,Thriller; Award Winning; Psychological; Sports; Drama,shounen,ongoing,2018.0,safe,ja,109262,9.3624,9.35176747461017,336,11,"[{""id"": ""21169fe3-4d36-4f9e-935e-524cd03ac4df"", ""relation"": ""doujinshi"", ""title"": ""Blue Lock - Lock (Doujinshi)""}, {""id"": ""3561c328-fcb3-46d2-b244-7c8ad071aa48"", ""relation"": ""doujinshi"", ""title"": ""Blue Lock - Lǐ Suǒ Dāng Rán""}, {""id"": ""39ddc540-a76c-496f-a4b3-95089ea92bcf"", ""relation"": ""doujinshi"", ""title"": ""Blue Lock - Sushi Nui Reo (Doujinshi)""}, {""id"": ""3ce9d095-ab42-4d7c-ad9e-3c6972de31b9"", ""relation"": ""adapted_from"", ""title"": ""Another Blue Lock: Episode Harajuku""}, {""id"": ""6ce1d936-12a8-4c50-9f9e-0b239e3c4a85"", ""relation"": ""doujinshi"", ""title"": ""Blue Lock -  Zuìzhōng Jiěshì Quán (Doujinshi)""}, {""id"": ""911f1591-b577-48da-b0a2-638b82d54114"", ""relation"": ""doujinshi"", ""title"": ""Blue Lock - Schrödinger's Genius (Doujinshi)""}, {""id"": ""a170b569-34c9-4bbf-8491-90122f6079af"", ""relation"": ""doujinshi"", ""title"": ""Blue Lock - 0812 & 0506""}, {""id"": ""b4668276-4b3e-49e0-98e7-fcc6841f7680"", ""relation"": ""spin_off"", ""title"": ""Blue Lock - Episode Nagi""}, {""id"": ""bc42b9f9-a502-4678-8278-70c2fcebdba5"", ""relation"": ""adapted_from"", ""title"": ""Another Blue Lock: Episode Omotesando""}, {""id"": ""d4786ab5-d3b1-4d5b-947e-4ee9a7168008"", ""relation"": ""doujinshi"", ""title"": ""Onbu ni Dakko! Bye-Bye Icarus Mata Kondo""}, {""id"": ""e2f88804-6111-45c2-b2b2-24a9e6c18c45"", ""relation"": ""adapted_from"", ""title"": ""Blue Lock Legions""}]"
126,1e84acd4-6e94-4b24-81a4-db236840d578,Kimi no Suizou wo Tabetai,I Want to Eat Your Pancreas,Sumino Yoru,Kirihara Idumi,Award Winning; Psychological; Romance; Comedy; Crime; Philosophical; Drama; School Life; Slice of Life; Tragedy,,completed,2016.0,safe,ja,13933,9.3842,9.351119022373847,111,0,[]
127,9e07e15f-4c60-4a45-86ab-45cae8c38b64,Machida-kun's World,Machida-kun's World,Andou Yuki,Andou Yuki,Award Winning; Romance; Comedy; Drama; School Life; Slice of Life,shoujo,completed,2013.0,safe,ja,20964,9.3671,9.34873449398119,289,0,[]
128,34f45c13-2b78-4900-8af2-d0bb551101f4,Dorohedoro,Dorohedoro,Hayashida Q,Hayashida Q,Sci-Fi; Action; Demons; Psychological; Comedy; Zombies; Post-Apocalyptic; Magic; Philosophical; Gore; Drama; Horror; Fantasy; Mystery,seinen,completed,2000.0,suggestive,ja,50656,9.3687,9.348605818788082,127,1,"[{""id"": ""a289003f-5462-46ad-8d34-ae278aba8e35"", ""relation"": ""side_story"", ""title"": ""Dorohedoro All Star Directory Complete Edition""}]"
129,05e7e729-2403-4bdd-965a-bde4de9e8484,Sideun Kkot e Nunmureul,Tears on a Withered Flower,Gae (개),Gae (개),Psychological; Long Strip; Romance; Mafia; Office Workers; Sexual Violence; Drama; Slice of Life; Full Color,,ongoing,2024.0,erotica,ko,21419,9.3965,9.346859575170578,22,0,[]
130,936f0ba5-ca65-4de4-99b1-528c02a4454d,Hunter x Hunter (Official Colored),Hunter x Hunter (Official Colored),Togashi Yoshihiro,Togashi Yoshihiro,Award Winning; Official Colored; Action; Psychological; Animals; Martial Arts; Adventure; Philosophical; Gore; Drama; Horror; Fantasy; Mystery; Tragedy,shounen,ongoing,2013.0,suggestive,ja,8596,9.5291,9.345599190525212,41,0,[]
131,f89ed57a-e4c0-48f5-b664-8ef88aa87fd9,Ibeon Saengeun Gajuga Doegetseumnida,I Shall Master This Family,Ant Studio (앤트스튜디오); Kim Roah (김로아),Gammon (몬),Reincarnation; Long Strip; Romance; Isekai; Drama; Fantasy; Adaptation; Full Color,,ongoing,2021.0,safe,ko,66257,9.3706,9.343139084569954,346,0,[]
132,a3f91d0b-02f5-4a3d-a2d0-f0bde7152370,1-nichigo ni Shinu Gorilla,This Gorilla Will Die In 1 Day,Ishida Sui,Ishida Sui,Animals; 4-Koma; Drama; Slice of Life; Full Color; Tragedy,seinen,completed,2021.0,safe,ja,6207,9.3604,9.342972204053593,747,0,[]
133,bc634b22-0c05-4a55-9b7e-3f55438a1ad3,Gekkan Shoujo Nozaki-kun,Monthly Girls’ Nozaki-kun,Tsubaki Izumi,Tsubaki Izumi,Romance; Comedy; Office Workers; 4-Koma; School Life; Web Comic; Slice of Life,shounen,ongoing,2011.0,safe,ja,40298,9.3921,9.342378337204481,118,6,"[{""id"": ""169bdb40-7eb2-4c4e-ad82-0dc5aca0d1ab"", ""relation"": ""doujinshi"", ""title"": ""Gekkan Shoujo Nozaki-kun - Kikan Shoujo Sakura-san (Doujinshi)""}, {""id"": ""1ad96d4a-33fe-4c80-8478-0a84b9bae93d"", ""relation"": ""doujinshi"", ""title"": ""Gekkan Shoujo Nozaki-kun - Rainy Sweet Baby (Doujinshi)""}, {""id"": ""33d3cf4d-2a1f-4b75-b2b8-1a0c549037cd"", ""relation"": ""doujinshi"", ""title"": ""Gekkan Shoujo Nozaki-kun - Chotto Iikagen Hanashite Kudasai Seo-senpai! (Doujinshi)""}, {""id"": ""4edaaece-5b66-4fd5-a7e2-01f7a017ccdb"", ""relation"": ""spin_off"", ""title"": ""Gekkan Shoujo Nozaki-san""}, {""id"": ""6020c476-a084-4f99-9fee-7188d109b560"", ""relation"": ""doujinshi"", ""title"": ""Gekkan Shoujo Nozaki-kun - Zoukan Seinen Sakura-san (Doujinshi)""}, {""id"": ""9e848d52-04e5-442e-a13e-3d09575be489"", ""relation"": ""side_story"", ""title"": ""Gekkan Shoujo Nozaki-kun Anthology""}]"
134,02860cdf-1020-40f1-a23f-2025d80f6290,GTO: Great Teacher Onizuka,GTO: Great Teacher Onizuka,Fujisawa Tohru,Fujisawa Tohru,Award Winning; Action; Comedy; Office Workers; Drama; School Life; Delinquents; Slice of Life,shounen,completed,1997.0,suggestive,ja,21897,9.3932,9.34035852281137,59,8,"[{""id"": ""04a2b91d-1aa8-4db6-85a7-6bbc99919670"", ""relation"": ""side_story"", ""title"": ""GT-R""}, {""id"": ""3d7e59b3-38a5-4d8c-b94d-5dcf56abfea4"", ""relation"": ""side_story"", ""title"": ""GTO: Paradise Lost Kai""}, {""id"": ""857a4d6b-7228-42e1-b49c-bbb50a8befdd"", ""relation"": ""prequel"", ""title"": ""Shonan Junai-gumi!""}, {""id"": ""98c5868e-c2bd-4a6b-af3b-206c59436f62"", ""relation"": ""side_story"", ""title"": ""Ino-Head Gargoyle""}, {""id"": ""a9a71cf3-f412-4a04-8a2c-fe03ed70e35b"", ""relation"": ""sequel"", ""title"": ""GTO Paradise Lost""}, {""id"": ""ca799261-dbbb-4a27-a34f-34bc607751cd"", ""relation"": ""sequel"", ""title"": ""GTO Shonan 14Days""}, {""id"": ""e44068f9-879f-4af4-81ca-93d82ccc1bf4"", ""relation"": ""side_story"", ""title"": ""Goblin Mad Dog""}, {""id"": ""ee9c06f4-a805-45e3-84c5-5e6c5a96c45a"", ""relation"": ""side_story"", ""title"": ""Shonan Seven""}]"
135,d104c1c3-5d20-484d-9f36-24f149a6c889,Chiikawa: Nanka Chiisakute Kawaii Yatsu (Webcomic Pages),Something small and cute,Nagano,Nagano,Animals; Comedy; Adventure; Web Comic; Slice of Life; Full Color,seinen,ongoing,2020.0,safe,ja,2718,9.7063,9.340128850184342,12,0,[]
136,9356fa3f-9ecd-4ff7-a7fe-241884680079,Skip Beat!,Skip Beat,Nakamura Yoshiki,Nakamura Yoshiki,Romance; Comedy; Drama; Slice of Life,shoujo,ongoing,2002.0,safe,ja,21502,9.4041,9.339739779262235,253,1,"[{""id"": ""befa50f1-2ac1-4f8a-b859-cffe0a783115"", ""relation"": ""spin_off"", ""title"": ""Skip Beat! Tribute - Yes, We Love!""}]"
137,6d6d9fda-5cd3-40ac-948b-776b1a1a0eb1,Suki na Ko ga Megane wo Wasureta,The Girl I Like Forgot Her Glasses,Fujichika Koume,Fujichika Koume,Romance; Comedy; School Life; Slice of Life,shounen,completed,2018.0,safe,ja,80534,9.3523,9.339154219529483,379,2,"[{""id"": ""43541d36-7996-472b-aefb-72f640c29eda"", ""relation"": ""side_story"", ""title"": ""The Girl I Like Forgot Her Glasses - Twitter Side Stories""}, {""id"": ""dc3bce3d-f31f-4380-aa90-415d5a950757"", ""relation"": ""side_story"", ""title"": ""The Girl I Like Forgot Her Glasses - pixiv Side Stories""}]"
138,a812160f-9242-48cb-b0b9-0119841e646b,Geunyeo ui Simcheong,Her Tale of Shim Chong,Seri (세리),Biwan (비완),Historical; Long Strip; Romance; Girls' Love; Drama; Full Color,,completed,2017.0,safe,ko,14969,9.393,9.338779117058571,119,0,[]
139,d9f7540f-4934-446a-923c-81619b5d3b53,Oh! Dangun,Oh! Dangun,Lee Gyuntak (이경탁),Ooyama Takumi (노미영),Action; Ghosts; Animals; Long Strip; Romance; Comedy; School Life; Fantasy; Web Comic; Supernatural; Full Color,,hiatus,2024.0,safe,ko,12061,9.4476,9.338720019210815,21,0,[]
140,9ed16bc9-f570-4e71-8dda-aebc098b683b,The Legend of the Northern Blade,The Legend of the Northern Blade,Ugak (우각),Haemin (해민),Action; Long Strip; Martial Arts; Adventure; Fantasy; Adaptation; Full Color,,completed,2019.0,safe,ko,22365,9.3966,9.337679937690515,65,0,[]
141,733fc3ac-deca-444e-bb79-14186e00ccf1,Shadows House (Official Colored),Shadows House (Official Colored),Soumatou,Soumatou,Official Colored; Monsters; Psychological; Comedy; Drama; Fantasy; Slice of Life; Supernatural; Mystery,seinen,ongoing,2019.0,safe,ja,31595,9.3851,9.33755156475996,348,3,"[{""id"": ""3924f8d0-dc26-43ff-ac9e-6573d33181ec"", ""relation"": ""doujinshi"", ""title"": ""Shadows House - Shaun and Emilyko (Doujinshi)""}, {""id"": ""74c21a60-ac49-42ce-8441-f4ed9d7b380a"", ""relation"": ""side_story"", ""title"": ""Shadows House: barbie and barbara""}, {""id"": ""e9e7af1c-6b46-43f1-957a-890040d207c9"", ""relation"": ""side_story"", ""title"": ""Shadows House × Kuro""}]"
142,bc1d5980-e4bc-454d-be44-8ce4f2072f04,1-nen de 1-page dake Susumu Manga no Sekai,A Manga World That Gets One Page Once a Year,Kido Jirou,Kido Jirou,Comedy; Fantasy; Web Comic,,ongoing,2019.0,safe,ja,28284,9.3788,9.336740682252573,331,0,[]
143,50df75f2-22c5-46c3-9212-8f5997940c99,Fight Class 3 (Webtoon Version),Fight Class 3 (Webtoon Version),2hakkk,2hakkk,Thriller; Action; Psychological; Long Strip; Comedy; Sports; Martial Arts; Philosophical; Drama; School Life; Web Comic; Slice of Life; Full Color; Tragedy,,hiatus,2017.0,safe,ko,5116,9.5292,9.33488911960487,6,1,"[{""id"": ""55af61ae-3a3c-408f-acf9-ab5c285726e8"", ""relation"": ""shared_universe"", ""title"": ""Jjang""}]"
144,dee582b2-2633-4287-86c5-e7a9e51e8bba,Yuusha Goikkou no Kaerimichi,The Hero's Party on their Way Back Home,Hirano Ryouji,Hirano Ryouji,Oneshot; Adventure; Drama; Fantasy; Tragedy,shounen,completed,2018.0,safe,ja,16106,9.3521,9.334030005962447,191,0,[]
145,a4304d3b-191d-471f-8c78-353d403a35d0,Sengoku Komachi Kuroutan,A Tale of a Small Town Hardship in the Sengoku Era,Kyouchikutou,Sawada Hajime,Sci-Fi; Time Travel; Historical; Action; Ghosts; Comedy; Survival; Samurai; Military; Philosophical; Gore; Fantasy; Cooking; Supernatural; Adaptation,seinen,ongoing,2017.0,safe,ja,39439,9.3641,9.333859668338501,371,0,[]
146,5ca26e13-c7d4-46de-a035-90c9bc52e06d,Byeorisamsyap,Star Ginseng Store,Hyuno (혀노),Hyuno (혀노),Long Strip; Romance; Comedy; Drama; School Life; Web Comic; Slice of Life; Full Color,,hiatus,2019.0,safe,ko,7292,9.4683,9.332643826353806,34,0,[]
147,2e2a0b88-32f9-4f59-a46c-f71066e4bcbd,Aoi no Heya ni Mata Haru ga Kita,Spring Returns to Aoi's Room,Ishikawa Ireishi,Ishikawa Ireishi,Oneshot; Reincarnation; Romance; Web Comic; Slice of Life; Tragedy,shounen,completed,2025.0,safe,ja,5143,9.3997,9.32999633457275,24,0,[]
148,a2c1d849-af05-4bbc-b2a7-866ebb10331f,One Piece (Official Colored),One Piece (Official Colored),Oda Eiichirou (尾田栄一郎),Oda Eiichirou (尾田栄一郎),Award Winning; Sci-Fi; Official Colored; Monsters; Action; Animals; Comedy; Adventure; Gore; Drama; Fantasy,shounen,ongoing,2012.0,suggestive,ja,20117,9.3835,9.329851926129066,37,2,"[{""id"": ""77b55397-d621-462f-8c04-1f450b83fc0d"", ""relation"": ""doujinshi"", ""title"": null}, {""id"": ""799ca99d-9820-49e5-ac88-bfe31e2803f5"", ""relation"": ""side_story"", ""title"": null}]"
149,32d76d19-8a05-4db0-9fc2-e0b0648fe9d0,Na Honjaman Level-Up,Solo Leveling,h-goon (현군); Chugong (추공); Gi So-Ryeong (기소령),REDICE Studio (레드아이스 스튜디오); Jang Sung-Rak (장성락),Award Winning; Monsters; Action; Long Strip; Adventure; Magic; Drama; Fantasy; Web Comic; Supernatural; Adaptation; Full Color,,completed,2018.0,safe,ko,319916,9.3312,9.328670816929055,5046,7,"[{""id"": ""0e88ed2f-5a70-454c-b189-a115700e7a4f"", ""relation"": ""doujinshi"", ""title"": ""Solo Leveling - Solo Leveling: Chae Hae-In (Doujinshi)""}, {""id"": ""685383ff-58e1-4739-873e-dfddaa87a7dd"", ""relation"": ""doujinshi"", ""title"": ""Solo Leveling - The revenge of sung jin-woo (Doujinshi)""}, {""id"": ""83ff1ad8-7ec5-4134-a8a1-40f1b37a4cc7"", ""relation"": ""side_story"", ""title"": ""Solo Leveling: Arise""}, {""id"": ""ade0306c-f4b6-4890-9edb-1ddf04df2039"", ""relation"": ""sequel"", ""title"": ""Na Honjaman Level Up: Ragnarok""}, {""id"": ""c3ea5ce6-f659-4fe9-95b6-520cec9fcb13"", ""relation"": ""sequel"", ""title"": ""Solo Leveling: Ragnarok (Pre-serialization)""}, {""id"": ""d6c1f26b-095a-411e-ae8f-faca5c39538a"", ""relation"": ""alternate_version"", ""title"": ""Solo Leveling (Book Version)""}, {""id"": ""f2c9a1fa-790d-4582-b141-3fabac41485a"", ""relation"": ""doujinshi"", ""title"": ""Solo Leveling - sung jin-woo!   Linear (Doujinshi)""}]"
150,d58abdf4-9268-41d8-9920-f8fe8858a173,Shiori Experience: Jimi na Watashi to Hen na Ojisan,Shiori Experience: My Plain Self and an Odd Old Man,Machida Kazuya,Osada Yu-Ko,Comedy; Drama; School Life; Supernatural; Music,seinen,ongoing,2013.0,safe,ja,16601,9.4269,9.328114725565628,157,0,[]
151,778b8438-af3a-4534-841c-adf923b55ee1,Uma Musume - Pretty Derby: Star Blossom,Uma Musume - Pretty Derby: Star Blossom,Monjūsaki ; Cygames,Hotani Shin,Action; Sports; Drama; School Life; Slice of Life; Adaptation,shounen,ongoing,2023.0,safe,ja,8376,9.5151,9.327174055753206,13,10,"[{""id"": ""19e83dd3-083b-47a2-a308-8eb56c53df1f"", ""relation"": ""same_franchise"", ""title"": ""Uma Musume: Pretty Derby—Anthology Comic STAR""}, {""id"": ""50d011bb-09a6-46c7-8078-7ba96558a864"", ""relation"": ""same_franchise"", ""title"": ""Uma Musume (Franchise)""}, {""id"": ""899a6cee-3f2a-42d5-85a1-1388afa0e232"", ""relation"": ""same_franchise"", ""title"": ""UmaYon""}, {""id"": ""9a5e32cc-c88c-48ad-8685-5de136ad6202"", ""relation"": ""same_franchise"", ""title"": ""Uma Musume Pretty Derby: Haru Urara Ganbaru!""}, {""id"": ""a9dd451c-3c45-4d66-a818-4e1b78855838"", ""relation"": ""same_franchise"", ""title"": ""Uma Musume - Cinderella Gray""}, {""id"": ""c83006f3-e650-46fd-b6de-a88df6b59fab"", ""relation"": ""same_franchise"", ""title"": ""Umamusume - Pretty Derby PisuPisu☆SupiSupi - Golshi-chan""}, {""id"": ""d142610d-bc2d-4746-8a79-539b13b4b497"", ""relation"": ""same_franchise"", ""title"": ""Uma Musume: Cinderella Gray Gaiden ~Lingering ashes~""}, {""id"": ""db90d832-59a6-4f1a-97cc-84226bdd5d12"", ""relation"": ""same_franchise"", ""title"": ""Uma Musume - Pretty Derby - Uma Musumeshi""}, {""id"": ""e4344acc-3425-42ea-8830-6e59db32781b"", ""relation"": ""same_franchise"", ""title"": ""Starting Gate! Uma Musume Pretty Derby""}, {""id"": ""fd149943-ab40-46bc-863e-f9ed9c137189"", ""relation"": ""same_franchise"", ""title"": ""Uma Musume: Cinderella Gray Gaiden ~The mermaid left behind~""}]"
152,7f30dfc3-0b80-4dcc-a3b9-0cd746fac005,Meitantei Conan,Detective Conan,Gosho Aoyama,Gosho Aoyama,Award Winning; Action; Psychological; Romance; Comedy; Crime; Adventure; Drama; School Life; Police; Mystery,shounen,ongoing,1994.0,safe,ja,23100,9.3834,9.326886065728074,146,29,"[{""id"": ""0799e0bb-bac4-4a68-9591-183b1412cd3d"", ""relation"": ""doujinshi"", ""title"": ""Detective Conan - Utsukushii Ao wa Ima mo Koko de Kagayaite Iru (Doujinshi)""}, {""id"": ""09eb95d0-43ab-43d6-b045-96c1ea22d9ba"", ""relation"": ""spin_off"", ""title"": ""Meitantei Conan: Zero no Tea Time""}, {""id"": ""13ff3256-6d12-4e8c-be06-d900bab67623"", ""relation"": ""doujinshi"", ""title"": ""Detective Conan - Kyou, Banmeshi Tabe ni Kita (Doujinshi)""}, {""id"": ""247fe684-e74b-42f9-ae63-0c410a663408"", ""relation"": ""shared_universe"", ""title"": ""Magic Kaito""}, {""id"": ""38a2df90-2881-4890-a6d7-9167ebde36cb"", ""relation"": ""side_story"", ""title"": ""Detective Conan: Chianti's Last Supper""}, {""id"": ""3c36f9f9-8f43-41d6-a1a1-eae1e1e24b27"", ""relation"": ""alternate_version"", ""title"": ""Meitantei Conan: Terebi Anime-ban""}, {""id"": ""4520744f-9a29-4575-8856-67b53eb06131"", ""relation"": ""side_story"", ""title"": ""Meitantei Conan vs. Kuro-zukume no Otokotachi""}, {""id"": ""46add2f8-655a-485e-ae17-12bf273d6c20"", ""relation"": ""doujinshi"", ""title"": ""Detective Conan - Triple Three (Doujinshi)""}, {""id"": ""490d3a5a-bc49-4c1c-9d6a-4c882d4ba431"", ""relation"": ""spin_off"", ""title"": ""Wild Police Story""}, {""id"": ""53ef0bb0-7620-40be-b282-177b71021222"", ""relation"": ""side_story"", ""title"": ""Detective Conan Special""}, {""id"": ""53ef0bb0-7620-40be-b282-177b71021222"", ""relation"": ""spin_off"", ""title"": ""Detective Conan Special""}, {""id"": ""571d2666-8267-40e7-bbbf-d8bea5c4d195"", ""relation"": ""doujinshi"", ""title"": ""Detective Conan - Kouri no Ue de Kimi ga Kuru no wo Matteita (Doujinshi)""}, {""id"": ""5dec8fe1-cb16-4661-9568-cc2d6c9b262f"", ""relation"": ""doujinshi"", ""title"": ""Detective Conan - Ame wa Furanaide Kure (Doujinshi)""}, {""id"": ""748bfde6-36dd-4c29-9098-957b6a84b109"", ""relation"": ""doujinshi"", ""title"": ""Lose Heart""}, {""id"": ""92a848ac-bf6b-49d8-9c98-41ac4cc8d840"", ""relation"": ""shared_universe"", ""title"": ""3rd Base 4th""}, {""id"": ""96205140-358f-4924-9ee1-23151a9a6062"", ""relation"": ""side_story"", ""title"": ""Detective Conan: The Time-Bombed Skyscraper""}, {""id"": ""affbeb9e-8d7c-48ab-a271-c01c9dbd6c70"", ""relation"": ""spin_off"", ""title"": ""Japanese History Detective Conan""}, {""id"": ""b40b4e80-9e26-4f59-bfa1-d6ab5b03c734"", ""relation"": ""doujinshi"", ""title"": ""Detective Conan - Angel Pop (Doujinshi)""}, {""id"": ""b9de2d3c-cedf-49cc-a1c1-514dd345da9e"", ""relation"": ""doujinshi"", ""title"": ""Yoake no Uta""}, {""id"": ""bdb64c74-cfc5-4a78-98ee-4dfcfd3f3343"", ""relation"": ""spin_off"", ""title"": ""Detective Conan: The Culprit Hanzawa""}, {""id"": ""c467c17f-7195-4cbb-aa5b-77bebc9fea74"", ""relation"": ""doujinshi"", ""title"": ""Detective Conan - Ashita, Banmeshi Tabe ni Kuru ka? (Doujinshi)""}, {""id"": ""d82c15b0-2a81-45bf-add2-1a79905ac419"", ""relation"": ""spin_off"", ""title"": ""Detective Conan - Zero the Enforcer""}, {""id"": ""e47ddb9c-1b10-4751-9305-488739f85a4e"", ""relation"": ""shared_universe"", ""title"": ""Gosho Aoyama's Collection of Short Stories""}, {""id"": ""ee21cd7b-8c98-4be4-b1ca-d8f8186b2713"", ""relation"": ""doujinshi"", ""title"": ""Detective Conan - What If...? (Doujinshi)""}, {""id"": ""eed80cef-3852-4130-8cc7-cd8f2789b7db"", ""relation"": ""doujinshi"", ""title"": ""Detective Conan - I'm Not A Kid (Doujinshi)""}, {""id"": ""f4cc7c21-8753-448c-9542-cecb6bb0634c"", ""relation"": ""main_story"", ""title"": ""Detective Conan: Magician of the Silver Sky""}, {""id"": ""f6140d33-ec88-4072-b844-fcdb73ec972d"", ""relation"": ""doujinshi"", ""title"": ""Detective Conan - Fuiuchi (Doujinshi)""}, {""id"": ""f95c97c4-f37a-4799-9fbc-6fb8811ddf61"", ""relation"": ""doujinshi"", ""title"": ""Detective Conan - Fu Shin. Won't You Get Married (Doujinshi)""}, {""id"": ""ff58b0da-a97f-4a4a-a261-8ccf224d2de7"", ""relation"": ""doujinshi"", ""title"": ""Detective Conan - Kimi wa Uso ga Tsukenai (Doujinshi)""}]"
153,efb4278c-a761-406b-9d69-19603c5e4c8b,Kimi no Koto ga Dai Dai Dai Dai Daisuki na 100-nin no Kanojo,"The 100 Girlfriends Who Really, Really, Really, Really, Really Love You",Nakamura Rikito,Nozawa Yukiko,Romance; Comedy; Harem; School Life; Slice of Life; Supernatural,seinen,ongoing,2019.0,suggestive,ja,111786,9.3382,9.326212315040523,733,8,"[{""id"": ""082efa11-e401-4360-823c-7e83df10100d"", ""relation"": ""spin_off"", ""title"": null}, {""id"": ""14c3f01e-c8d3-4a34-935b-148cff022daa"", ""relation"": ""doujinshi"", ""title"": ""Kimi no Koto ga Daidaidaidaidaisuki na 100-nin no Kanojo - Hahari mama to ichababu H suru hon.""}, {""id"": ""405aa2ee-c94b-487f-a082-4148aef34b56"", ""relation"": ""doujinshi"", ""title"": ""Kimi no Koto ga Daidaidaidaidaisuki na 100-nin no Kanojo - Hakari to Karane to IchaLove H suru HON (Doujinshi)""}, {""id"": ""543ee8e7-d5f7-4473-8c3b-259fafc9c08b"", ""relation"": ""doujinshi"", ""title"": ""Ahkarane/Hakarane manga""}, {""id"": ""acc6d2e1-84b7-4146-a2ce-f1305445062d"", ""relation"": ""doujinshi"", ""title"": null}, {""id"": ""c0f300e7-cb7b-4d3f-b1e6-788258d54112"", ""relation"": ""doujinshi"", ""title"": ""The 100 Girlfriends Who Really, Really, Really, Really, Really Love You - Ahko x Karane (Doujinshi)""}, {""id"": ""c15f8a35-67ae-47a2-8fef-1f7cfa07959b"", ""relation"": ""doujinshi"", ""title"": ""Kimi no Koto ga Daidaidaidaidaisuki na 100-nin no Kanojo - Kimi no Koto ga Daidaidaidaidaisuki na Goudoushi R-18 (Doujinshi)""}, {""id"": ""efdc568c-d685-4f53-92c2-f4cd1b841e2b"", ""relation"": ""doujinshi"", ""title"": ""The 100 Girlfriends Who Really, Really, Really, Really, Really Love You - Rentarou vs NTR Boss (Doujinshi)""}]"
154,8b34f37a-0181-4f0b-8ce3-01217e9a602c,"Qǐng Qīfu Wǒ ba, Èyì Xiǎojiě!","Please Bully Me, Miss Villainess!",Chise; Ciweimao (刺猬猫),断s; Fairy Club (魔仙社),Reincarnation; Long Strip; Romance; Magic; Girls' Love; Isekai; School Life; Fantasy; Villainess; Monster Girls; Adaptation; Full Color,,ongoing,2021.0,suggestive,zh,63642,9.3394,9.325761885900912,110,0,[]
155,d8f7ffd5-8ad8-4d17-a40c-12fe7e032674,Kamisama Hajimemashita,Divine Nanami,Suzuki Julietta,Suzuki Julietta,Animals; Romance; Comedy; Reverse Harem; School Life; Fantasy; Supernatural,shoujo,completed,2008.0,safe,ja,11532,9.4184,9.325014607143421,27,0,[]
156,df3f7834-a65b-4d2c-9388-045c9ec03a35,Lord of Mysteries (Remake),Lord of Mysteries (Remake),Cuttlefish That Loves Diving (爱潜水的乌贼),sevenballoon,Historical; Action; Long Strip; Isekai; Fantasy; Web Comic; Mystery; Adaptation; Full Color,,ongoing,2025.0,safe,zh,6003,9.591,9.322625576501128,26,1,"[{""id"": ""4452195d-58ab-4b76-85d5-297add0e9b06"", ""relation"": ""alternate_version"", ""title"": ""Lord of the Mysteries""}]"
157,d8a959f7-648e-4c8d-8f23-f1f3f8e129f3,One Punch-Man,One-Punch Man,ONE,Murata Yuusuke,Award Winning; Sci-Fi; Monsters; Action; Comedy; Superhero; Martial Arts; Gore; Supernatural,seinen,ongoing,2012.0,suggestive,ja,181918,9.3304,9.32211686099263,1074,14,"[{""id"": ""0cad2d89-a02d-455f-a027-74f52f81eb7f"", ""relation"": ""doujinshi"", ""title"": ""One-Punch Man - My Student Won't Go Back Home (Doujinshi)""}, {""id"": ""0ea2f16b-8fbf-48bf-97c4-7649bb3c4044"", ""relation"": ""doujinshi"", ""title"": ""One-Punch Man - ONE PORNCH MAN Tatsumaki Shimai (Doujinshi)""}, {""id"": ""5ea5f435-49ae-4328-9062-fec7affbe879"", ""relation"": ""side_story"", ""title"": ""OPM x MP100 x Arakawa Under the Bridge x Saint☆Oniisan x Black Knight Parade""}, {""id"": ""636c607c-44b0-4c1a-8592-d0a602de95d9"", ""relation"": ""doujinshi"", ""title"": ""One-Punch Man - Natural Junkie (Doujinshi)""}, {""id"": ""6431a544-f126-449d-ac00-64df39f549a7"", ""relation"": ""doujinshi"", ""title"": ""One-Punch Man - The Fight of Gods (Doujinshi)""}, {""id"": ""7a2438d6-67d4-40db-8a53-879354b894d1"", ""relation"": ""doujinshi"", ""title"": ""One-Punch Man - ONE-HURRICANE (Doujinshi)""}, {""id"": ""7e52445d-ea1e-4fc9-90ec-1120c49fddcd"", ""relation"": ""doujinshi"", ""title"": ""DB X Saitama""}, {""id"": ""8f8c4f0e-93f5-433e-ba13-017746b485ec"", ""relation"": ""doujinshi"", ""title"": ""Jump All Stars Battle (Doujinshi)""}, {""id"": ""8f8c4f0e-93f5-433e-ba13-017746b485ec"", ""relation"": ""spin_off"", ""title"": ""Jump All Stars Battle (Doujinshi)""}, {""id"": ""9147871d-eb19-4acf-8530-233b88e4fe91"", ""relation"": ""doujinshi"", ""title"": ""One-Punch Man - Shikin Kyori (Doujinshi)""}, {""id"": ""ed9d3980-a9f4-465e-a299-aa4e7197ea28"", ""relation"": ""doujinshi"", ""title"": ""One-Punch Man - Wash Yourself Before Entering The Bath (Doujinshi)""}, {""id"": ""f004b6bd-4961-40c3-b40c-1648e1b70273"", ""relation"": ""doujinshi"", ""title"": ""One-Punch Man - Dekoboko Love Sister (Doujinshi)""}, {""id"": ""f0af90c5-05ea-411b-8cc6-8070765898df"", ""relation"": ""doujinshi"", ""title"": ""One-Punch Man, Gurren Lagann - One punch man x Anti-spiral (Doujinshi)""}, {""id"": ""fc102424-d94b-4a1b-98bc-d5062cd768d6"", ""relation"": ""doujinshi"", ""title"": ""One-Punch Man - Gaiden: Tatsumaki no Koto (Doujinshi)""}]"
158,418be4a0-a376-4a7e-aa34-51576b2e6fa7,Nigoru Hitomi de Nani wo Negau - Highserk Senki,What Do You Wish For With Those Murky Eyes: Record of Highserk War,Torutonen,Saitou Yanomi,Reincarnation; Action; Psychological; Survival; Magic; Military; Isekai; Gore; Drama; Fantasy; Adaptation; Tragedy,shounen,ongoing,2022.0,safe,ja,43535,9.3505,9.320139997436415,114,0,[]
159,af96ad04-08d2-4aff-ba50-6794e06c8404,Norigam,Plaything,Q-Boy,Q-Boy,Psychological; Long Strip; Crime; Drama; School Life; Delinquents; Police; Web Comic; Full Color; Tragedy,,ongoing,2024.0,safe,ko,19903,9.3715,9.318879004066357,64,0,[]
160,50eda248-d8a6-4a49-9af2-f4feab4b082c,Daisuki na Tsuma Datta,My Wife Whom I Loved Dearly,Takeda Toryumon,Takeda Toryumon,Oneshot; Romance; Drama; Web Comic; Slice of Life; Tragedy,,completed,2021.0,safe,ja,10903,9.3505,9.316430120544153,31,1,"[{""id"": ""3c958b3f-9074-4350-99c7-340094e7e837"", ""relation"": ""alternate_version"", ""title"": ""One More Step, Come Stand by My Side""}]"
161,56901ae8-aece-4983-96c3-94751c96a8bb,Bocchi the Rock! Gaiden - Hiroi Kikuri no Fukazake Nikki,Bocchi the Rock! Side Story: Hiroi Kikuri's Heavy Drinking Diary,Kumichou,Kumichou,Comedy; Survival; Slice of Life; Music,seinen,ongoing,2023.0,safe,ja,11076,9.4704,9.315628438434064,30,1,"[{""id"": ""2e0fdb3b-632c-4f8f-a311-5b56952db647"", ""relation"": ""main_story"", ""title"": ""Bocchi the Rock!""}]"
162,a3d681d7-a239-45a9-8446-5bfc61ca48fa,"Wake Up, Sleeping Beauty","Wake Up, Sleeping Beauty",Megumi Morino,Megumi Morino,Psychological; Romance; Comedy; Drama; Slice of Life; Supernatural,shoujo,completed,2014.0,safe,ja,9748,9.4158,9.314593866949757,73,0,[]
163,66f311b9-96e8-4645-9e20-cdf72a4c7df9,Love by Mistake,Love by Mistake,Qiao Yao (翘摇),Super Duper Green Sauce (绿绿绿酱),Long Strip; Romance; Comedy; Office Workers; Drama; Web Comic; Slice of Life; Adaptation; Full Color,,ongoing,2024.0,suggestive,zh,4508,9.5404,9.314524956523142,4,0,[]
164,2c2a45bc-42c8-4d62-995c-bd5523642ba8,Shimanami Tasogare,Shimanami Tasogare,Kamatani Yuuki	,Kamatani Yuuki	,Psychological; Romance; Boys' Love; Crossdressing; Girls' Love; Drama; Slice of Life,seinen,completed,2015.0,safe,ja,14238,9.3471,9.314171152222558,114,0,[]
165,5b2c7a03-ca53-43f0-abc8-031c0c136ae6,Wonder Cat Kyuu-chan,Wonder Cat Kyuu-chan,Nitori Sasami,Nitori Sasami,Animals; Comedy; Office Workers; 4-Koma; Web Comic; Slice of Life; Full Color,,completed,,safe,ja,17454,9.3772,9.312254550374396,194,1,"[{""id"": ""551e8ba8-4d24-422b-887b-33f36d391d57"", ""relation"": ""doujinshi"", ""title"": ""Hungry Cat Kyuu-chan (Fan Comic)""}]"
166,322f11ba-7a9d-4a57-83f5-924b8f6319d6,Tiānguān Cìfú,Heaven Official's Blessing,Mo Fei (墨妃); Mo Xiang Tong Xiu,White Dream Society (白梦社); STARember,Historical; Action; Demons; Ghosts; Long Strip; Romance; Comedy; Boys' Love; Martial Arts; Wuxia; Drama; Supernatural; Mystery; Full Color,shoujo,hiatus,2019.0,safe,zh,20234,9.3687,9.312175189998847,88,1,"[{""id"": ""6702b8fd-2b11-466c-9fd7-1d96361b874d"", ""relation"": ""alternate_story"", ""title"": ""Heaven Official's Blessing (old version)""}]"
167,a71e9594-6269-447f-99fa-3d4c8e1fff6f,Hakumei to Mikochi,Hakumei & Mikochi: Tiny Little Life in the Woods,Kashiki Takuto,Kashiki Takuto,Animals; Comedy; Adventure; Magic; Fantasy; Slice of Life; Cooking,seinen,ongoing,2011.0,safe,ja,10975,9.4778,9.31191887932384,75,0,[]
168,4ada20eb-085a-491a-8c49-477ab42014d7,The Beginning After the End,The Beginning After the End,TurtleMe,YOYO; Wudijiurenwang; Fuyuki23; 333335; Eginhardt,Reincarnation; Monsters; Action; Demons; Long Strip; Adventure; Magic; Isekai; Gore; School Life; Fantasy; Web Comic; Adaptation; Full Color; Tragedy,,ongoing,2018.0,safe,en,92839,9.3277,9.310843628066557,351,2,"[{""id"": ""f30a1d56-f3a4-4848-8cf2-b4369e784dcb"", ""relation"": ""alternate_version"", ""title"": ""The Beginning After the End (Book Version)""}, {""id"": ""f705dea9-2d3a-47ed-8337-12b6a08249f7"", ""relation"": ""side_story"", ""title"": ""The Beginning After the End: Side Story - Jasmine: Wind-Borne""}]"
169,6670ee28-f26d-4b61-b49c-d71149cd5a6e,Mieruko-chan,Mieruko-chan,Izumi Tomoki,Izumi Tomoki,Thriller; Monsters; Psychological; Ghosts; Comedy; Magic; Drama; School Life; Horror; Slice of Life; Supernatural; Mystery; Tragedy,seinen,ongoing,2018.0,safe,ja,145571,9.3208,9.310820736728783,737,5,"[{""id"": ""42950e4b-db4e-4a52-a261-26bc2117f78f"", ""relation"": ""doujinshi"", ""title"": ""Mieruko-chan - Miseruko-chan (Doujinshi)""}, {""id"": ""80d82c48-4895-43b3-b28f-5ed2b0362067"", ""relation"": ""doujinshi"", ""title"": ""Mieruko-chan to Ju-on (Doujinshi)""}, {""id"": ""94084da7-bbc3-4549-a21c-9305016d1295"", ""relation"": ""doujinshi"", ""title"": ""Mieruko-chan - Good night (Doujinshi)""}, {""id"": ""c8888fcc-de86-4af5-aec8-0c1a71223495"", ""relation"": ""doujinshi"", ""title"": ""Mieruko-chan - Mi(eru)teko-chan (Doujinshi)""}, {""id"": ""db35d742-8540-4f2f-bc6b-29623c6bbb61"", ""relation"": ""spin_off"", ""title"": ""Mieruko-chan Koushiki Anthology Comic""}]"
170,59ef045c-0712-4f15-bb54-52bffd87481b,hitoner,Hitoner,Yagi Tomohiro,Yagi Tomohiro,Sci-Fi; Animals; Comedy; Drama; Aliens,shounen,ongoing,2026.0,safe,ja,24379,9.3768,9.309975422540987,71,1,"[{""id"": ""c4269649-f782-4bd8-acbd-e4a1b54c64b5"", ""relation"": ""doujinshi"", ""title"": ""hitoner - SECRET REPORT (Doujinshi)""}]"
171,224b28bf-4763-4430-a4c1-ec124d283836,#Gyaru to Gyaru no Yuri,#Gal x Gal Yuri,Inoue (イノウエ),Inoue (イノウエ),Romance; Comedy; Girls' Love; School Life; Slice of Life; Gyaru,shounen,ongoing,2025.0,suggestive,ja,28809,9.3388,9.30877754488191,34,0,[]
172,7bb7e5ae-a784-4009-98b2-8ad4a7541548,Diamond no Ace: Act II,Ace of the Diamond: Act II,Terajima Yuuji,Terajima Yuuji,Comedy; Sports; Drama; School Life; Slice of Life,shounen,completed,2015.0,safe,ja,10938,9.3966,9.306033240621758,73,6,"[{""id"": ""00e3d40d-02c2-4bdb-bf79-18f6743058f0"", ""relation"": ""spin_off"", ""title"": ""Daiya no C""}, {""id"": ""5f69014d-a891-4d6c-84cb-78cefcf4154d"", ""relation"": ""side_story"", ""title"": ""Daiya no A act II Gaiden: Teitou VS Ugumori""}, {""id"": ""60879eb7-3845-4dff-b86d-5a612108053b"", ""relation"": ""prequel"", ""title"": ""Diamond no Ace""}, {""id"": ""9eaf0db5-b3d9-4c04-b98d-2f64fb178dd6"", ""relation"": ""doujinshi"", ""title"": ""Daiya no A - Pro Misawa (Doujinshi)""}, {""id"": ""af4ddae5-38d6-4a2c-a909-c17655109938"", ""relation"": ""spin_off"", ""title"": ""Brass of Diamond!! Seido High School Brass Band Club Act II""}, {""id"": ""eec7f9c5-4ce3-4094-8a50-898e2811b9fc"", ""relation"": ""doujinshi"", ""title"": ""Ace of Diamond - Seido High School (Doujinshi)""}]"
173,b982aa9c-17eb-415d-bcf8-a92f7daf0ae4,Delicious in Dungeon World Guide: The Adventurer's Bible,Delicious in Dungeon World Guide: The Adventurer's Bible,Kui Ryouko,Kui Ryouko,Monsters; Comedy; Survival; Adventure; Drama; Fantasy; Cooking,seinen,completed,2021.0,safe,ja,8971,9.4891,9.304455204593438,12,1,"[{""id"": ""d90ea6cb-7bc3-4d80-8af0-28557e6c4e17"", ""relation"": ""adapted_from"", ""title"": ""Dungeon Meshi""}]"
174,1fc3d326-c037-43fa-8953-ed52a56caa18,Osoraku Kanojo wa Ore no Aniki o Neratteru,She's Likely Aiming for My Older Brother,Ise Maruno,Ise Maruno,Romance; Comedy; School Life; Slice of Life,shoujo,ongoing,2025.0,safe,ja,132206,9.3143,9.302668543054125,143,0,[]
175,e1b7fb5c-dc71-4727-8086-5d89e144091f,Angel Densetsu,,Yagi Norihiro,Yagi Norihiro,Action; Romance; Comedy; Martial Arts; School Life; Delinquents; Slice of Life,shounen,completed,1992.0,suggestive,ja,12957,9.3392,9.299481682793155,97,0,[]
176,2c3cd370-04bd-4994-87dc-e54a4d80c4ec,Natsume Yuujinchou,Natsume's Book of Friends,Midorikawa Yuki,Midorikawa Yuki,Monsters; Demons; Comedy; Drama; School Life; Slice of Life; Supernatural; Mystery,shoujo,ongoing,2005.0,safe,ja,9945,9.4499,9.299074923606824,37,7,"[{""id"": ""32196e45-792b-4598-b31b-2201caebe582"", ""relation"": ""doujinshi"", ""title"": ""Natsume Yuujinchou - Tanuma x Natsume (Doujinshi)""}, {""id"": ""67b2c907-5085-4e6a-80fc-c15d29c9af41"", ""relation"": ""doujinshi"", ""title"": ""Natsume Yuujinchou Visual Fan Book""}, {""id"": ""87c86216-2967-4df4-a459-325eda37ae4a"", ""relation"": ""doujinshi"", ""title"": ""Natsume Yuujinchou - Watashi no Dato Itteiru (Doujinshi)""}, {""id"": ""a85eafd5-1033-46cd-8c9c-14b4171a3b93"", ""relation"": ""based_on"", ""title"": ""Natsume Yuujinchou - What If... (Doujinshi)""}, {""id"": ""a94edd17-d238-4386-bdf5-84c83eb236d3"", ""relation"": ""doujinshi"", ""title"": ""Natsume Yuujinchou - See You On The Other Side (Doujinshi)""}, {""id"": ""c12666d1-b489-49c0-af7e-6086d36e4a3a"", ""relation"": ""spin_off"", ""title"": ""Nyanko Sensei ga Iku!""}, {""id"": ""e27350e3-3a46-429b-9363-71d275e5bf4a"", ""relation"": ""doujinshi"", ""title"": ""Natsume Yuujinchou - Ese Nyanko (Doujinshi)""}]"
177,e78a489b-6632-4d61-b00b-5206f5b8b22b,Tensei Shitara Slime datta Ken,That Time I Got Reincarnated as a Slime,Fuse,Kawakami Taiki,Reincarnation; Monsters; Action; Demons; Comedy; Samurai; Isekai; Fantasy; Adaptation,shounen,ongoing,2015.0,safe,ja,214322,9.3054,9.298829920905229,1557,23,"[{""id"": ""0e620699-0033-4b54-beb6-1bd82e6ee02e"", ""relation"": ""side_story"", ""title"": ""Tensei Shitara Slime Datta Ken: Guren no Kizuna-hen""}, {""id"": ""1180743d-8e38-4c00-b767-c53169fadc6a"", ""relation"": ""spin_off"", ""title"": ""Tensura Nikki: Tensei Shitara Slime Datta Ken""}, {""id"": ""1f284c6f-73f2-48db-a43b-2c35c40b1021"", ""relation"": ""spin_off"", ""title"": ""Tensei Shitara Shima Kosaku Datta Ken""}, {""id"": ""40633ae0-794a-4dc7-b318-30774ef9908d"", ""relation"": ""doujinshi"", ""title"": ""Tensei Shitara Slime datta Ken - Fun Interactions with Mob Adventurers (Doujinshi)""}, {""id"": ""4c0f5ac2-37e9-421e-934f-b1351f9ee6b3"", ""relation"": ""doujinshi"", ""title"": ""Tensei Shitara Slime datta Ken - Tensei Shitara Usui Hon ni Natta Kudan: \""Arafoo no Ossan na no ni Onnanoko Mitai ni Ika Sareru nante…\"" (Doujinshi)""}, {""id"": ""4fd9e91c-696f-468a-bf0c-a4d26468851c"", ""relation"": ""side_story"", ""title"": ""That Time I Got Reincarnated as a Slime - Tensura Short Stories""}, {""id"": ""536dc0ce-6954-490c-829b-ddfd7990bbb2"", ""relation"": ""side_story"", ""title"": ""Tensei Shitara Slime Datta Ken: Mabutsu no Kuni no Arukikata (Vertical Colored Version)""}, {""id"": ""58703998-d847-42a2-9ff4-9c671d36772f"", ""relation"": ""doujinshi"", ""title"": ""Tensei Shitara Slime Datta Ken: Koiwazurai Electronica""}, {""id"": ""5ede3032-6278-439f-a06b-c3f6d1493554"", ""relation"": ""spin_off"", ""title"": ""Tenchura! Tensei Shitara Slime Datta Ken""}, {""id"": ""615a8f24-4289-437d-b0b7-c32e5b9d09b0"", ""relation"": ""doujinshi"", ""title"": ""Tensei Shitara Slime datta Ken - Especially Dense Tempest Magicules! (Doujinshi)""}, {""id"": ""61d81be6-2759-4cc4-9815-7952a3449149"", ""relation"": ""spin_off"", ""title"": ""Tensei Shitara Slime Datta Ken - Clayman Revenge""}, {""id"": ""7afb9330-261e-4717-8042-8d41b2b3deba"", ""relation"": ""doujinshi"", ""title"": ""Tensei Shitara Slime Datta Ken - TenSli R18 CG Shuu 2nd (Doujinshi) (CG)""}, {""id"": ""7b650718-55d6-4094-afe6-95f59e8d0c4c"", ""relation"": ""doujinshi"", ""title"": ""Tensei Shitara Slime Datta Ken - Seitenkan Shitara Mesu Ochi Shita Ken (Doujinshi)""}, {""id"": ""7d580248-cf9c-4fb6-925e-343ffb3dcc7e"", ""relation"": ""doujinshi"", ""title"": ""Tensei Shitara Slime datta Ken - TenSli Inwai Nikki (Doujinshi)""}, {""id"": ""a1343483-8779-4b6f-b919-9025a89d98c3"", ""relation"": ""spin_off"", ""title"": ""Tensei Shitara Slime Datta Ken: Mamono no Kuni no Arukikata""}, {""id"": ""b956fd7d-f50a-4e2b-94d7-84bd9aa125e1"", ""relation"": ""doujinshi"", ""title"": ""Tensei Shitara Slime Datta Ken - Sei no Gitai (Doujinshi)""}, {""id"": ""bd76862b-640c-4448-b721-5a22b6691774"", ""relation"": ""doujinshi"", ""title"": ""Tensei Shitara Slime Datta Ken - Oi!, Milim, Nanka Wasuretenai? (Doujinshi)""}, {""id"": ""c2972668-1107-4c2f-a06b-aaa2252906fb"", ""relation"": ""spin_off"", ""title"": ""Tensei Shitara Slime Datta Ken - Bishokuden: Peko to Rimuru no Ryori Techo""}, {""id"": ""c8e83aab-43e8-425c-bd55-e7fa7fd666f7"", ""relation"": ""spin_off"", ""title"": ""Tensei Shitara Slime Datta Ken: Ibun - Makoku Kurashi no Trinity""}, {""id"": ""cab847c6-2748-4259-b9f4-c62bffd51311"", ""relation"": ""spin_off"", ""title"": ""Tensei Shite mo Shachiku Datta Ken""}, {""id"": ""e2d738e5-340f-4b24-aef3-e624623154a0"", ""relation"": ""doujinshi"", ""title"": ""Tensei Shitara Slime Datta Ken - Shuna wa Rimuru-sama no Kodomo ga Hoshi no desu! (Doujinshi)""}, {""id"": ""f0e05005-4ac8-4f5b-aca9-8762ede16daa"", ""relation"": ""doujinshi"", ""title"": ""Tensei Shitara Slime Datta Ken: SatoruCie (Doujinshi)""}, {""id"": ""f1c79d23-d306-40e5-8b47-17cab7408f1a"", ""relation"": ""spin_off"", ""title"": ""Tensei Shitara Slime Datta Ken: Bangaihen - Toaru Kyuuka no Sugoshikata""}]"
178,1a69d1cc-b060-4f35-8778-4621424fe5f4,Yokohama Kaidashi Kikou,Yokohama Shopping Log,Ashinano Hitoshi,Ashinano Hitoshi,Award Winning; Sci-Fi; Post-Apocalyptic; Philosophical; Drama; Slice of Life,seinen,completed,1994.0,safe,ja,10945,9.3944,9.298508780362152,47,0,[]
179,62608082-d81d-4513-af7d-ae3ffe2423d2,Maiko-san Chi no Makanai-san,Kiyo in Kyoto: From the Maiko House,Koyama Aiko,Koyama Aiko,Award Winning; Slice of Life; Cooking,shounen,completed,2016.0,safe,ja,15912,9.3905,9.298020650507555,200,0,[]
180,29ab6984-7c1d-4d45-b925-25aa082b492e,"Shangri-La Frontier ~Kusoge Hunter, Kami-gee ni Idoman to su~",Shangri-La Frontier: From Trash-Game Hunter to God-Tier Game Master!,katarina,Fuji Ryousuke,Award Winning; Sci-Fi; Monsters; Action; Animals; Zombies; Adventure; Virtual Reality; Video Games; Magic; Drama; Fantasy; Adaptation,shounen,ongoing,2020.0,safe,ja,44937,9.3342,9.297922467431349,102,0,[]
181,4738c7aa-257f-48df-b06d-520f27b3ec9b,Devil May Cry 5 – Visions of V –,Devil May Cry 5 – Visions of V –,Capcom; Ogata Tomio,Ogata Tomio,Thriller; Monsters; Action; Demons; Comedy; Survival; Adventure; Video Games; Post-Apocalyptic; Drama; Horror; Slice of Life; Supernatural; Adaptation; Tragedy,seinen,completed,2019.0,safe,ja,7783,9.4436,9.296236953819664,61,1,"[{""id"": ""a6e9ca4f-69cf-4911-bf9a-2bce657c8820"", ""relation"": ""same_franchise"", ""title"": ""Devil May Cry 3""}]"
182,8cc979c5-9c2d-4c16-9e83-e0a30dbcc6c7,A Man and His Cat,A Man and His Cat,Sakurai Umi,Sakurai Umi,Award Winning; Animals; Slice of Life,shounen,ongoing,2017.0,safe,ja,14416,9.4023,9.295436818688378,136,0,[]
183,3e7a601b-1040-4473-b590-ca27ed8cff8c,Hunter neun Joyonghi Salgo Sipda,The Hunter's Gonna Lay Low,Magma; Baek Sam,Lee Gong,Time Travel; Monsters; Action; Long Strip; Romance; Boys' Love; Survival; Superhero; Drama; Fantasy; Full Color,,ongoing,2024.0,safe,ko,11836,9.3728,9.294958931365587,16,0,[]
184,ad06790a-01e3-400c-a449-0ec152d6756a,20th Century Boys,,Urasawa Naoki,Urasawa Naoki,Thriller; Award Winning; Sci-Fi; Historical; Psychological; Philosophical; Gore; Drama; Delinquents; Mystery; Music; Tragedy,seinen,completed,1999.0,suggestive,ja,41921,9.3313,9.294460156788887,46,3,"[{""id"": ""1010ebf3-2859-4101-badc-034bd08132ff"", ""relation"": ""sequel"", ""title"": ""21st Century Boys""}, {""id"": ""15ca7abd-2718-4ffc-abdb-efbe228353f3"", ""relation"": ""same_franchise"", ""title"": ""20th Century Boys Club Book""}, {""id"": ""9650e956-0302-41a8-89a3-33dc6622a02c"", ""relation"": ""side_story"", ""title"": ""20th Century Boys Supporting Characters - Ujiko Ujio Anthology""}]"
185,a5d3c8e2-70dc-4108-afb5-08be57803a60,Maou no Musume wa Yasashi Sugiru!!,The Daughter of the Demon Lord is Too Kind!,Sakamoto Yuuya,Sakamoto Yuuya,Monsters; Demons; Animals; Comedy; Adventure; Magic; Fantasy; Villainess; Monster Girls; Slice of Life; Supernatural,seinen,completed,2018.0,safe,ja,45731,9.3132,9.292015671066755,319,0,[]
186,8280b28c-aeff-4f89-ac99-a4c783e14782,"Tensei Shite High Elf ni Narimashitaga, Slow Life wa 120-nen de Akimashita - Highelf with a Long Life","I was Reborn and Became a High Elf, but I Got Tired of My Slow Life after 120 Years",Rarutori,Narita Kou,Reincarnation; Adventure; Magic; Isekai; Gore; Drama; Fantasy; Slice of Life; Adaptation; Tragedy,shounen,ongoing,2021.0,suggestive,ja,61971,9.3103,9.290951982841758,112,0,[]
187,c6284a2f-3378-4948-b368-02053fb3c942,Hokuo Kizoku to Moukinzuma no Yukiguni Karigurashi,The Snow Country Hunting Life of the Northern Nobleman and the Eagle-like Wife,Emoto Mashimesa,Shirakaba Shikayo,Animals; Romance; Comedy; Survival; Slice of Life; Cooking; Adaptation,,completed,2018.0,safe,ja,28582,9.3327,9.2877770117641,237,0,[]
188,95543d8f-05ba-4345-8800-bc75f4a3ed78,Chichi to Hige-Gorilla to Watashi,"Dad, the Beard Gorilla, and I",Koike Sadaji,Koike Sadaji,Romance; Comedy; 4-Koma; Drama; Slice of Life,seinen,completed,2011.0,safe,ja,7650,9.3646,9.287511814568457,122,0,[]
189,7f15e45c-b7fd-4164-8d8e-ede14a817f0d,Academy eseo Saranamgi,The Extra's Academy Survival Guide,Korita (코리타) ,Green Kyrin (기린그린),Reincarnation; Time Travel; Action; Long Strip; Romance; Adventure; Magic; Harem; Isekai; Drama; School Life; Fantasy; Adaptation; Full Color,,ongoing,2023.0,safe,ko,24741,9.3478,9.286985593418805,39,0,[]
190,efebd0bc-eb88-477c-bcc3-90413395a2a3,Roxana,Roxana,Kin,Baek Jiyeon; Summer Light,Reincarnation; Monsters; Psychological; Long Strip; Romance; Reverse Harem; Magic; Isekai; Gore; Drama; Fantasy; Villainess; Web Comic; Adaptation; Full Color,,hiatus,2021.0,safe,ko,65886,9.3097,9.285960892871353,732,0,[]
191,c086153a-0162-412a-9914-a7b2633d0cd3,JoJo no Kimyou na Bouken: Part 8 - JoJolion,JoJo's Bizarre Adventure Part 8 - JoJolion,Araki Hirohiko,Araki Hirohiko,Thriller; Award Winning; Reincarnation; Action; Comedy; Adventure; Sexual Violence; Gore; Drama; Supernatural; Mystery,seinen,completed,2011.0,suggestive,ja,45015,9.3052,9.284999265465842,1144,3,"[{""id"": ""848a5814-6f15-4917-9487-ca5ec3da371f"", ""relation"": ""doujinshi"", ""title"": ""JoJo's Bizarre Adventures: Stehe Stolz""}, {""id"": ""ab8cbb82-d0ed-45a7-8ffe-4bfa6d43d79c"", ""relation"": ""sequel"", ""title"": ""JoJo no Kimyou na Bouken Dai-9-bu: The JOJOLands""}, {""id"": ""b30dfee3-9d1d-4e8d-bfbe-8fcabc3c96f6"", ""relation"": ""prequel"", ""title"": ""JoJo no Kimyou na Bouken: Part 7 - Steel Ball Run""}]"
192,4a044644-902f-482b-9737-f018c6f6c1a7,Belladonna no Koibito,Belladonna's Lover,Ruuwanmm (るぅ1mm),Ruuwanmm (るぅ1mm),Oneshot; Girls' Love; Fantasy; Supernatural,shoujo,completed,2024.0,safe,ja,5921,9.3479,9.284285478719317,11,0,[]
193,d1a3a8a0-a2e8-484a-9f06-dbe146b53e26,"Watashi-tachi ga Watanare Doujinshi Tsukuru Wakenai jan, Murimuri!! (※Muri ja Nakatta!?)",There's No Way We'd Make a Watanare Doujinshi! (Unless...),Mikami Teren,Takeshima Eku,Oneshot; Romance; Comedy; Girls' Love; Doujinshi,,completed,2025.0,safe,ja,2756,9.451,9.284063747823618,2,1,"[{""id"": ""e160a8e3-304f-4dca-838b-ee1821c490d8"", ""relation"": ""main_story"", ""title"": ""Watashi ga Koibito ni Nareru Wakenai jan, Murimuri! (※Muri ja Nakatta!?)""}]"
194,14569f2f-f66a-4c67-ac7f-a37823a0fa23,Agyeogui Ending Jugeumppun,Villains Are Destined to Die,Gwon Gyeoeul (권겨을),SUOL (수월),Reincarnation; Long Strip; Romance; Reverse Harem; Video Games; Magic; Isekai; Drama; Fantasy; Villainess; Adaptation; Full Color,,ongoing,2020.0,safe,ko,101950,9.299,9.283673921549328,1331,1,"[{""id"": ""73fe02d8-e892-4373-8179-15c79f426083"", ""relation"": ""alternate_version"", ""title"": ""Agyeogui Ending Jugeumppun (Book Version)""}]"
195,1f40b922-6abb-418e-a7e9-cc4d25b21439,Saihate no Paladin,The Faraway Paladin,Yanagino Kanata,Okubashi Mutsumi,Reincarnation; Action; Adventure; Magic; Isekai; Drama; Fantasy; Adaptation,shounen,ongoing,2017.0,safe,ja,100012,9.2987,9.283400400492745,658,0,[]
196,48863213-086b-4dfb-8103-8e279b8e5f5d,"Watashi wo Tabetai, Hitodenashi",This Monster Wants to Eat Me,Naekawa Sai,Naekawa Sai,Award Winning; Monsters; Romance; Girls' Love; Gore; Drama; Horror; Monster Girls; Slice of Life; Supernatural; Mystery; Tragedy,seinen,ongoing,2020.0,safe,ja,42560,9.3126,9.283320498555016,91,1,"[{""id"": ""a892b499-5f92-481e-a9ac-a79272f85cd3"", ""relation"": ""doujinshi"", ""title"": ""White""}]"
197,039d717e-9690-47fd-944d-93161b97fbac,Given,Given,Kizu Natsuki,Kizu Natsuki,Romance; Boys' Love; Drama; School Life; Music; Tragedy,,completed,2013.0,suggestive,ja,21351,9.3309,9.281853733733064,83,1,"[{""id"": ""37cfa7cf-2724-438d-aaf5-499bb42389a6"", ""relation"": ""sequel"", ""title"": ""Given: 10th Mix""}]"
198,c1c408f6-3dec-4d62-b6b3-b57e615d933c,Wind Breaker,Wind Breaker,Jo Yongseok (조용석),Jo Yongseok (조용석),Action; Long Strip; Romance; Comedy; Sports; Adventure; Drama; School Life; Delinquents; Web Comic; Slice of Life; Full Color,,cancelled,2013.0,safe,ko,10772,9.4212,9.28180625317874,14,1,"[{""id"": ""c2d879b4-5fc3-48bb-a041-f9001a1a27df"", ""relation"": ""spin_off"", ""title"": ""Stone Breaker""}]"
199,3c0dddc9-d6da-4aa5-8ed2-12d26a6b08d4,Gokugoku Futsuu no Fuufu no Hanashi,A Story of an Utterly Ordinary Couple,Tokixwa,Tokixwa,Romance; Web Comic; Slice of Life,,ongoing,2020.0,suggestive,ja,47472,9.3182,9.281230339597307,26,3,"[{""id"": ""53f0d175-18bc-4d7b-80fa-7b078daa887f"", ""relation"": ""side_story"", ""title"": ""Gokugoku Futsuu no Fuufu no Hanashi - FANBOX""}, {""id"": ""75312249-6319-427b-bf1d-5a5dc32e4460"", ""relation"": ""side_story"", ""title"": ""Iccha Icha Suru to Okane ga Wai Cchau Danjo no Hanashi Bangaihen""}, {""id"": ""8eaaec7d-7aa7-490e-8d52-5a3d0a28e78b"", ""relation"": ""prequel"", ""title"": ""Ichaicha Suru to Okane ga Waichau 2-ri no Hanashi""}]"
200,6d20e6a3-b68b-4615-a67e-9dca97ac8acd,Heretic Slayer Series,Heretic Slayer Series,Zurikishi,Zurikishi,Romance; Sexual Violence; Fantasy; Web Comic,,completed,2023.0,erotica,ja,14953,9.3277,9.28118805267822,71,2,"[{""id"": ""2b8b6966-6e1e-43c3-a709-02f0e41ad483"", ""relation"": ""adapted_from"", ""title"": ""Kishi Nikki""}, {""id"": ""39c1c90e-81e4-49f2-834c-faeadd408bfd"", ""relation"": ""side_story"", ""title"": null}]"
201,f7f430ab-2c24-49d3-b698-c9ff4787805b,Flying Witch,,Ishizuka Chihiro,Ishizuka Chihiro,Animals; Comedy; Adventure; Magic; School Life; Fantasy; Monster Girls; Slice of Life; Supernatural,shounen,ongoing,2012.0,safe,ja,22631,9.357,9.281091692863328,103,0,[]
202,661a792b-6729-4f54-af20-4108db55ccf4,Ouran High School Host Club,Ouran High School Host Club,Hatori Bisco,Hatori Bisco,Romance; Comedy; Reverse Harem; Crossdressing; Drama; School Life; Slice of Life,shoujo,completed,2003.0,safe,ja,13695,9.3623,9.27821816014529,22,1,"[{""id"": ""5b1348cf-7555-47bd-a509-dbf895b08952"", ""relation"": ""doujinshi"", ""title"": ""Ouran High School Host Club - Virtual Apocalypse (Doujinshi)""}]"
203,61830b36-1712-4b7b-9421-f671e9ced6d3,Tonari no Neko to Koi Shirazu,Learning to Love My Cat-like Classmate,Akinoko,Akinoko,Animals; Romance; Comedy; School Life; Slice of Life,seinen,ongoing,2023.0,safe,ja,87661,9.2943,9.277443553458049,71,0,[]
204,6e52262f-bcd5-49c4-b93a-f4652d189844,Módào Zǔshī,The Founder Of Diabolism,Mo Xiang Tong Xiu,Luo Di Cheng Qiu,Historical; Long Strip; Comedy; Boys' Love; Martial Arts; Adventure; Wuxia; Horror; Fantasy; Supernatural; Mystery; Adaptation; Full Color,,completed,2017.0,safe,zh,22601,9.3189,9.277436006918872,177,3,"[{""id"": ""29aa68fc-7ee3-4b04-80fb-d2fe7c433fcb"", ""relation"": ""alternate_version"", ""title"": ""Ma Dou So Shi""}, {""id"": ""c7a41332-2795-4525-946b-955575a1b93a"", ""relation"": ""doujinshi"", ""title"": ""The Grandmaster of Demonic Cultivation - Bathtub Scene""}, {""id"": ""ed87afe2-9350-422f-9af1-53a998e3b5a7"", ""relation"": ""doujinshi"", ""title"": ""The Grandmaster of Demonic Cultivation - Incense Burner""}]"
205,8a3d319d-2d10-4364-928c-0f30fd367c24,Hinamatsuri,Hinamatsuri,Ohtake Masao,Ohtake Masao,Comedy; Mafia; Slice of Life; Supernatural,seinen,completed,2010.0,safe,ja,29149,9.3102,9.275464004214841,251,0,[]
206,d09c8abd-24ec-41de-ac8b-b6381a2f3a63,Telework Yotabanashi,Home Office Romance,Yamada Kintetsu,Yamada Kintetsu,Romance; Comedy; Office Workers; Slice of Life,seinen,completed,2022.0,safe,ja,40641,9.2915,9.274374107673735,56,0,[]
207,3e11f43e-3d91-47c8-a2ad-e2f23d36ad4c,Mimi,Mimi,Nhim,Nhim,Psychological; Romance; Comedy; Self-Published; Web Comic; Slice of Life,,ongoing,2024.0,suggestive,en,28097,9.3138,9.273512178323337,82,0,[]
208,1d9fad4e-b81a-4498-8cce-e5ddfb1e4f03,Moriarty the Patriot,Moriarty the Patriot,Takeuchi Ryousuke,Miyoshi Hikaru,Historical; Psychological; Crime; Drama; Mystery,shounen,ongoing,2016.0,safe,ja,15634,9.3779,9.272841617148424,110,1,"[{""id"": ""2443c0cf-e3e1-4305-bf57-b5c7f370781b"", ""relation"": ""side_story"", ""title"": ""Yuukoku no Moriarty: The Remains""}]"
209,0a580438-bc72-4503-940b-12a5da881b56,Kimi wa Yotsuba no Clover,You Are a Four-Leaf Clover,Koushi,Koushi,Time Travel; Psychological; Romance; Gore; Drama; School Life; Mystery; Tragedy,shounen,ongoing,2024.0,safe,ja,65855,9.2931,9.272787734646933,225,0,[]
210,0f4e9922-e84f-46f2-958b-e34a4e27a4a8,Uruwashi no Yoi no Tsuki,In the Clear Moonlit Dusk,Yamamori Mika,Yamamori Mika,Romance; School Life; Slice of Life,shoujo,ongoing,2020.0,safe,ja,33442,9.3138,9.27213462536213,108,0,[]
211,0976963e-c0b4-4bdc-abde-831e9cb29cc2,Damedol to Sekai ni 1-nin dake no Fan,Damedol and the Only Fan in the World,Kishirimo,Kishirimo,Romance; Comedy; Music,seinen,ongoing,2023.0,safe,ja,77756,9.292,9.271196919413628,63,0,[]
212,4cf9b503-439a-48f7-9fc5-21831087a421,BECK,BECK,Harold Sakuishi,Harold Sakuishi,Award Winning; Romance; Comedy; Drama; Slice of Life; Music,shounen,completed,1999.0,safe,ja,10887,9.3655,9.270790812488213,31,0,[]
213,c9926df8-a200-40ba-8c05-0f5b375180c9,Sayonara Eri,"Goodbye, Eri",Fujimoto Tatsuki,Fujimoto Tatsuki,Oneshot; Philosophical; Drama; School Life; Vampires; Web Comic; Slice of Life; Supernatural; Mystery,,completed,2022.0,safe,ja,17304,9.3024,9.269852372056423,28,0,[]
214,65edff57-699d-4ce2-a068-7d3ad0398855,Oneul ui Hanyoil eun Yeojada,Who's That Girl?,Song Geukjang (송극장),Song Geukjang (송극장),Genderswap; Long Strip; Romance; Drama; Web Comic; Full Color,,ongoing,2025.0,safe,ko,11502,9.3565,9.268714861079895,103,0,[]
215,fb1d3464-4160-4339-8a80-dafd86eae398,D-Frag!,D-Frag!,Haruno Tomoya,Haruno Tomoya,Traditional Games; Action; Romance; Comedy; Adventure; Virtual Reality; Video Games; Harem; School Life; Delinquents; Slice of Life; Supernatural; Mystery,seinen,ongoing,2008.0,safe,ja,31493,9.3256,9.266380114241727,178,0,[]
216,d4ff7502-b5d4-4fd2-845f-c8754b14dd8d,Machikado Mazoku,The Demon Girl Next Door,Itou Izumo,Itou Izumo,Demons; Comedy; Magical Girls; Magic; Girls' Love; 4-Koma; Monster Girls; Slice of Life,,ongoing,2014.0,safe,ja,26353,9.3252,9.263000207135377,345,23,"[{""id"": ""02a1ed32-1bf4-402d-b2a3-1b1b2246956a"", ""relation"": ""doujinshi"", ""title"": ""The Night Before Christmazoku""}, {""id"": ""18c41d02-408a-4a84-9aba-713eb3269376"", ""relation"": ""doujinshi"", ""title"": ""bou (Doujinshi)""}, {""id"": ""242d5582-e7c9-480b-bff8-8bdde0aee269"", ""relation"": ""doujinshi"", ""title"": null}, {""id"": ""2b68a26e-1c67-4a5b-9975-c8db1c08df27"", ""relation"": ""doujinshi"", ""title"": null}, {""id"": ""2f15076c-8eb5-412e-aadf-13f16d78bfe6"", ""relation"": ""doujinshi"", ""title"": null}, {""id"": ""3c99fd03-7675-4d1f-a203-c835026c4ac6"", ""relation"": ""doujinshi"", ""title"": ""Machikado Mazoku - Machikado Mazoku Matome (Doujinshi)""}, {""id"": ""4b2fd7ad-d0fe-4c9e-86e8-c96d983252f7"", ""relation"": ""side_story"", ""title"": ""Machikado Mazoku Anthology Comic""}, {""id"": ""4ca59d08-859e-46dc-a350-38736597f91a"", ""relation"": ""doujinshi"", ""title"": ""Machikado Mazoku - Marugoto Shinkon Mazoku (Doujinshi)""}, {""id"": ""5df289b3-1072-4cfe-b296-614b7da3e956"", ""relation"": ""doujinshi"", ""title"": ""Colorful Mazoku XXX (Doujinshi)""}, {""id"": ""5fb3e098-dbe2-48f8-9f1d-8271c8bfe105"", ""relation"": ""doujinshi"", ""title"": ""Machikado Mazoku - Kayoizumazoku (Doujinshi)""}, {""id"": ""640c3460-ba50-4872-bf92-75be71471b2a"", ""relation"": ""doujinshi"", ""title"": ""Machikado Mazoku - Shamiko ga Warui (Doujinshi)""}, {""id"": ""6b8cbd98-7bd6-4f19-911c-9ae5dd30dfc5"", ""relation"": ""doujinshi"", ""title"": ""Machikado Mazoku - Mazoku no Usui Sho (Doujinshi)""}, {""id"": ""7c4286ee-9512-46fe-8781-3281afb78db3"", ""relation"": ""doujinshi"", ""title"": null}, {""id"": ""8b671370-821e-4ff8-9870-581871f806d4"", ""relation"": ""doujinshi"", ""title"": ""Machikado Mazoku - Momo-chan Yamiochi Shita!? (Doujinshi)""}, {""id"": ""90d7d452-6215-4571-a183-2c76c249465c"", ""relation"": ""doujinshi"", ""title"": ""Machikado Mazoku - Shinkon Mazoku Honeymoon (Doujinshi)""}, {""id"": ""a3564beb-8d72-49bf-9be9-8e86b1c8f896"", ""relation"": ""doujinshi"", ""title"": ""100 Days Until Momo Loses""}, {""id"": ""ab97289b-33fa-49d7-8228-1614f67861fb"", ""relation"": ""doujinshi"", ""title"": ""Machikado Mazoku - Kore wa Shamiko ga Warui yo ne (Doujinshi)""}, {""id"": ""ba4c1c9d-1a64-403a-b32a-1cd64e6b91d6"", ""relation"": ""doujinshi"", ""title"": ""Machikado Mazoku - Shamiko ga Momo no Ouchi ni Otomari Suru Ohanashi (Doujinshi)""}, {""id"": ""bf764a6d-5d84-4c3f-8701-8cb6b4d132cd"", ""relation"": ""doujinshi"", ""title"": ""Machikado Mazoku - The Day After (Doujinshi)""}, {""id"": ""e07ea799-edab-4beb-ab56-2b8b1fb30534"", ""relation"": ""doujinshi"", ""title"": null}, {""id"": ""e3abbd60-bc42-4a97-968c-0a2ef7b23d11"", ""relation"": ""doujinshi"", ""title"": ""Machikado Mazoku - Shamiko wa Yokoshima Mazoku dattan da ne (Doujinshi)""}, {""id"": ""f66301c6-b231-4af8-b01d-6b736e292d6f"", ""relation"": ""doujinshi"", ""title"": ""Wareme Mienai Shashin Senshuken""}, {""id"": ""fca51562-b3d9-4793-a943-7369169ac03f"", ""relation"": ""doujinshi"", ""title"": ""Machikado Mazoku - Tamuhei's Machikado Mazoku Twitter Manga (Doujinshi)""}]"
217,4902975b-ddec-4c34-880c-2ecd3434c94b,Dekai Hachi no Hanashi,The Big Bees,Yu-hachi,Yu-hachi,Comedy; Web Comic; Slice of Life,,ongoing,2023.0,safe,ja,4993,9.4741,9.262680222713644,30,0,[]
218,de900fd3-c94c-4148-bbcb-ca56eaeb57a4,Ookami to Koushinryou,Spice and Wolf,Hasekura Isuna,Koume Keito,Monsters; Animals; Romance; Adventure; Fantasy; Slice of Life; Supernatural; Adaptation,seinen,completed,2007.0,safe,ja,16248,9.3685,9.262201377859116,71,6,"[{""id"": ""48ea29fc-5544-4f7a-b2ed-04c4dbb21bb1"", ""relation"": ""spin_off"", ""title"": ""Spice & Wolf Restaurant: Gourmet Exploration""}, {""id"": ""7546ff2d-2310-47a4-b1f3-1a2561f20ce7"", ""relation"": ""doujinshi"", ""title"": ""Spice and Wolf - Harvest (Doujinshi)""}, {""id"": ""8eda5dcd-ae4a-4b58-ab08-abe39767cf33"", ""relation"": ""doujinshi"", ""title"": ""Spice & Wolf: Merchants Meet City Life (Doujinshi)""}, {""id"": ""937f65e9-4f1a-49de-a733-b62e267f397d"", ""relation"": ""doujinshi"", ""title"": ""Petite Empire Soushuuhen (Doujinshi)""}, {""id"": ""a5d7f06b-740e-4901-a3a5-700104c7972f"", ""relation"": ""sequel"", ""title"": ""Shinsetsu Ookami to Koushinryou: Ookami to Youhishi""}, {""id"": ""e0f1a296-0f2d-469c-bc35-859e9df68101"", ""relation"": ""spin_off"", ""title"": ""Ookami to Koushinryou: Spring Log""}]"
219,e1b08943-1195-4eab-85a4-a7bfc0766eed,Kataude no Amy,One-Armed Amy,Akagi Shun,Akagi Shun,Oneshot; Drama; Slice of Life; Supernatural; Tragedy,shounen,completed,2020.0,safe,ja,5765,9.3192,9.261717013001915,59,0,[]
220,af66b380-623e-4dfc-9fbb-8ca093b9d5a9,Asumi-chan wa Les Fuuzoku ni Kyoumi ga Arimasu!,Asumi-chan is Interested in Lesbian Brothels!,Itsuki Kuro,Itsuki Kuro,Romance; Comedy; Office Workers; Girls' Love; Harem,,ongoing,2020.0,erotica,ja,80792,9.2751,9.259108766127646,146,1,"[{""id"": ""684e0f36-4333-4a6d-8b74-6979174b6336"", ""relation"": ""side_story"", ""title"": ""Asumi-chan wa Les Fuuzoku ni Kyoumi ga Arimasu! ASMR""}]"
221,63e54dfd-f7a9-473e-a591-28558e229c5b,Zatch Bell!!,Zatch Bell!!,Raiku Makoto,Raiku Makoto,Award Winning; Action; Demons; Comedy; Survival; Drama; School Life; Fantasy; Supernatural; Mystery,shounen,completed,2001.0,safe,ja,9872,9.3517,9.255578049736107,26,11,"[{""id"": ""54de0d7e-6c25-47de-9153-a2d6dd173981"", ""relation"": ""sequel"", ""title"": null}, {""id"": ""5a4c2f26-6750-4e46-b620-6feeb9a57ac2"", ""relation"": ""same_franchise"", ""title"": ""Zatch Bell!! The Full Course Guide Book (WIP)""}, {""id"": ""760e3b61-5cfe-45d0-a841-d81fd65cf0c9"", ""relation"": ""doujinshi"", ""title"": ""Konjiki no Gash!! - Kagiri Naku Kuro ni Chikai Shiro (Doujinshi)""}, {""id"": ""7c7732f7-5ee9-495d-90b1-82473b752304"", ""relation"": ""doujinshi"", ""title"": ""Konjiki no Gash!! - Kono Kokoro o Somenuita Shion wa Aishi Aisare Mebuite Waraite (Doujinshi)""}, {""id"": ""b57d8543-8aae-45f3-abb3-9f8355681011"", ""relation"": ""doujinshi"", ""title"": ""Konjiki no Gash!! - DILEMMA (Doujinshi)""}, {""id"": ""ba0f744d-a973-4af7-94ad-167b6aeeb61e"", ""relation"": ""doujinshi"", ""title"": ""Konjiki no Gash!! - The Door (Doujinshi)""}, {""id"": ""bb6b4792-efb7-4f6a-abe0-6b57cf244de1"", ""relation"": ""side_story"", ""title"": ""Zatch Bell!! - 4Koma Special""}, {""id"": ""c5bd7460-644e-40c6-aa66-40d1efaddb58"", ""relation"": ""sequel"", ""title"": ""Zatch Bell! 2""}, {""id"": ""c8cc6550-d3f0-456c-a7d1-b72fa81d8bdd"", ""relation"": ""doujinshi"", ""title"": ""Zatch Bell! - Tia's New Spell (Doujinshi)""}, {""id"": ""f1652fc3-5774-4f7a-90ef-a35a182f09ac"", ""relation"": ""sequel"", ""title"": ""Zatch Bell!! Gaiden: Friend""}, {""id"": ""faea4519-68b5-4d09-95a0-794060a738c0"", ""relation"": ""spin_off"", ""title"": ""Konjiki no Gash Bell!! (YADAKA Suzuo)""}]"
222,ba7908db-5c9e-4f78-9fc1-3b3581f752e9,Look Back,Look Back,Fujimoto Tatsuki,Fujimoto Tatsuki,Oneshot; Thriller; Psychological; Comedy; Crime; Philosophical; Gore; Drama; School Life; Horror; Slice of Life; Tragedy,shounen,completed,2021.0,safe,ja,12834,9.3019,9.25553978764119,23,0,[]
223,1bad66ee-4857-433e-a075-704d93672341,Boku dake ga Shitterun daze,Only I Know,Taamo,Taamo,Romance; Comedy; Drama; School Life; Slice of Life,seinen,ongoing,2024.0,safe,ja,20231,9.3311,9.254747023480256,32,0,[]
224,6b958848-c885-4735-9201-12ee77abcb3c,SPY×FAMILY,SPY×FAMILY,Endou Tatsuya,Endou Tatsuya,Award Winning; Action; Animals; Romance; Comedy; Martial Arts; Adventure; Drama; School Life; Police; Slice of Life; Supernatural,shounen,ongoing,2019.0,safe,ja,137936,9.2669,9.253781607320716,296,11,"[{""id"": ""004ae1de-8a05-494b-b8ff-2f3e0ef4ea89"", ""relation"": ""doujinshi"", ""title"": ""Spy x Family — trick or treat!! (Doujinshi)""}, {""id"": ""0eaaecb5-8a8f-46f5-b7b3-293b7aeb9b49"", ""relation"": ""doujinshi"", ""title"": ""Spy x Family - Spy x Sex (Doujinshi)""}, {""id"": ""0ffc192d-fa0e-414e-a3c4-bc3eb9dd2d15"", ""relation"": ""doujinshi"", ""title"": ""Sweet Peanuts""}, {""id"": ""20879317-6acd-480a-8e54-86f160ef32c5"", ""relation"": ""doujinshi"", ""title"": ""Spy x Family - Spy x Sex (Doujinshi) (Fan Colored)""}, {""id"": ""326a6ed7-383b-44f7-ac76-5a607bdee11e"", ""relation"": ""doujinshi"", ""title"": ""SPY x FAMILY - Sex Hypnosis Plan (Doujinshi)""}, {""id"": ""41a0cb7f-3c25-4b40-89b9-ca68447c2ad3"", ""relation"": ""doujinshi"", ""title"": ""SPY×FAMILY - Damian's and Anya's Teenage Glow-up and the Forger Couple (Doujinshi)""}, {""id"": ""6feb755d-34a4-4bd4-a642-652977db4552"", ""relation"": ""doujinshi"", ""title"": ""Spy x Family - Anya and Damian (Doujinshi)""}, {""id"": ""9c414cc0-9e4e-412c-872c-eb8fe00b3e41"", ""relation"": ""doujinshi"", ""title"": ""SPY×FAMILY - Whether Asleep or Awake""}, {""id"": ""af0d84bf-9751-4412-9ae5-3d9e76691163"", ""relation"": ""doujinshi"", ""title"": ""Inu mo Family""}, {""id"": ""e45950fb-5e0f-4fd2-b1af-7380c7f8b735"", ""relation"": ""side_story"", ""title"": ""SPY×FAMILY: The Official Guide—Eyes Only""}, {""id"": ""f76a2f73-6f9c-4c23-85f1-4a59505615f4"", ""relation"": ""doujinshi"", ""title"": ""Spy x Family — Utatane Loid-san (Doujinshi)""}]"
225,ccc174c5-715c-446e-b115-41ae79e1f268,Tourigakari ni Wanpointo Adobaisu Shite Iku Taipu no Yankii,A Delinquent's Life Hacks,Otsuji,Otsuji,Romance; Comedy; Office Workers; School Life; Delinquents; Slice of Life,seinen,completed,2018.0,safe,ja,42884,9.2796,9.252445103981344,241,0,[]
226,127d4af7-4062-45ec-afb7-b8cf33deb3db,Welcome to the Ballroom,Welcome to the Ballroom,Takeuchi Tomo,Takeuchi Tomo,Comedy; Sports; Drama; School Life; Slice of Life,shounen,hiatus,2011.0,safe,ja,18968,9.3504,9.25228982374561,74,0,[]
227,1ee97895-4796-4bcf-bcd1-5ef99c011f8b,Yuru Camp△,Laid-Back Camp,Afro,Afro,Comedy; Adventure; School Life; Slice of Life; Cooking,seinen,ongoing,2015.0,safe,ja,15874,9.3722,9.250901434763202,60,9,"[{""id"": ""05ef1fa9-ae22-4a7a-9b9b-3538ea67fd0d"", ""relation"": ""doujinshi"", ""title"": ""Yuru Camp - Rin to Nadeshiko ~Camp no Yoru wa Hen~""}, {""id"": ""0c314411-6431-4c5e-89cb-f69b8a993545"", ""relation"": ""doujinshi"", ""title"": ""Yurucamp △ - Ecchi na Inuyama Senpai (Doujinshi)""}, {""id"": ""22f86931-c9fc-49a8-91b0-f55d618c584a"", ""relation"": ""shared_universe"", ""title"": ""mono""}, {""id"": ""486441e9-e0d8-4ece-ae5a-a35c813620b2"", ""relation"": ""spin_off"", ""title"": ""Yuru Camp △ Anthology Comic""}, {""id"": ""4b54e80c-a282-48f4-959f-182c3c90031d"", ""relation"": ""doujinshi"", ""title"": ""One Day""}, {""id"": ""695841f4-6087-4333-8f1c-d45a6bc677f7"", ""relation"": ""doujinshi"", ""title"": ""Yurucamp △ - Yuri Manga - Secret (Doujinshi)""}, {""id"": ""7e5a2e51-7170-4f14-8223-47a7be84818f"", ""relation"": ""doujinshi"", ""title"": ""Yuru Camp - Nade Rin ga Onsen de (Doujinshi)""}, {""id"": ""9eb755bb-de4c-432b-aa87-38bae5311258"", ""relation"": ""doujinshi"", ""title"": ""Yuru Camp - Rin to Nadeshiko ~Machi Date de Natsu Camp Junbi!~""}, {""id"": ""a59e6ab0-0769-4aa5-8a20-c54d4184da65"", ""relation"": ""doujinshi"", ""title"": ""Yurucamp △ - Icha Camp (Doujinshi)""}]"
228,ef96c21c-6838-43d1-9b6e-cb30546bba8c,Spirit Circle,Spirit Circle,Mizukami Satoshi,Mizukami Satoshi,Reincarnation; Sci-Fi; Historical; Psychological; Ghosts; Romance; Comedy; Adventure; Drama; Supernatural,seinen,completed,2012.0,safe,ja,14118,9.2836,9.249819401299382,126,0,[]
229,0d63b6f1-03b2-4f04-827c-8b2995026cf8,Namju ui Ibyangttal i Doeeotseumnida,The Male Lead's Little Lion Daughter,Latine (라티네),Ttona (또나),Reincarnation; Monsters; Action; Psychological; Long Strip; Comedy; Survival; Magic; Isekai; Drama; Fantasy; Slice of Life; Adaptation; Full Color,,ongoing,2021.0,safe,ko,25348,9.3034,9.249361198811766,28,0,[]
230,eb211cad-7fdf-4215-8ea1-5c37a188ce35,Childhood Friend Complex,Childhood Friend Complex,Eunhi (은하이),Eunhi (은하이),Long Strip; Romance; Comedy; Drama; Web Comic; Full Color,,ongoing,2024.0,erotica,ko,20728,9.3065,9.249230283693644,40,0,[]
231,a25e46ec-30f7-4db6-89df-cacbc1d9a900,Horimiya,Horimiya,HERO,Hagiwara Daisuke,Romance; Comedy; School Life; Slice of Life; Adaptation,shounen,completed,2011.0,safe,ja,133990,9.2554,9.246846482375094,597,1,"[{""id"": ""4ec3e6b3-18bf-4964-9c87-1f287d3398f4"", ""relation"": ""adapted_from"", ""title"": ""Hori-san to Miyamura-kun""}]"
232,25e1d17b-6a4d-4698-a4f6-bf53460c10af,Futari Bus,Bus For Two,Toyobayashi Sakane,Toyobayashi Sakane,Romance; Comedy; School Life; Slice of Life,shounen,ongoing,2025.0,safe,ja,41194,9.2866,9.24636865371149,58,0,[]
233,b2ca4e0e-a7d7-4c98-bfa3-c771c643bb68,"Doukyonin wa Hiza, Tokidoki, Atama no Ue.",My Roommate Is a Cat,Tsunami Minatsuki,Futatsuyu As,Animals; Comedy; Drama; Slice of Life,shoujo,ongoing,2014.0,safe,ja,10250,9.413,9.244896720787205,62,0,[]
234,192aa767-2479-42c1-9780-8d65a2efd36a,Gachiakuta,Gachiakuta,Urana Kei,Urana Kei,Monsters; Action; Comedy; Survival; Drama; Fantasy; Delinquents; Supernatural; Tragedy,shounen,ongoing,2022.0,suggestive,ja,82523,9.2627,9.243387365575034,50,0,[]
235,832a84fc-5644-40d3-94db-d9b23bda1173,Stargazing Dog,Stargazing Dog,Murakami Takashi,Murakami Takashi,Animals; Drama; Slice of Life; Tragedy,seinen,completed,2008.0,safe,ja,4046,9.3344,9.243110144914642,64,0,[]
236,a3e48f50-d3d1-4d08-b54a-a3b7ad4b0801,Yaiteru Futari,How to Grill Our Love,Hanatsuka Shiori,Hanatsuka Shiori,Romance; Office Workers; Slice of Life; Cooking,seinen,completed,2020.0,safe,ja,60349,9.2734,9.241999498709509,221,0,[]
237,21f54bc1-aefd-4be1-8284-5858b1df0e55,Initial D,Initial D,Shigeno Shuuichi,Shigeno Shuuichi,Action; Sports; Drama; Slice of Life,seinen,completed,1995.0,safe,ja,8798,9.4088,9.24189902129302,28,7,"[{""id"": ""5f7b46a4-c807-4a92-9a3e-c6055c373b67"", ""relation"": ""sequel"", ""title"": ""Subaru to Subaru""}, {""id"": ""73558022-0a2b-416f-99eb-cf13882fdb59"", ""relation"": ""doujinshi"", ""title"": ""Initial D - Densha de D (Doujinshi)""}, {""id"": ""8196a94f-e491-40ce-929f-ea13aaadb930"", ""relation"": ""side_story"", ""title"": ""Initial D - Sentimental White""}, {""id"": ""aee0e62e-ec0e-4d81-9a98-6dbddf16b1f7"", ""relation"": ""side_story"", ""title"": ""Initial D - Green Departure""}, {""id"": ""c96f1bf8-a100-40bb-98ef-c240b9b7cf96"", ""relation"": ""shared_universe"", ""title"": ""MF Ghost""}, {""id"": ""cddfcc26-b5e7-4500-8bc8-74eeef5f372c"", ""relation"": ""doujinshi"", ""title"": null}, {""id"": ""f24d960c-f4db-42a7-83c4-7d1a3cb0ae58"", ""relation"": ""doujinshi"", ""title"": null}]"
238,1090afe3-3b91-4325-a9b4-d92875aa815e,BLUE GIANT,Blue Giant,Ishizuka Shinichi,Ishizuka Shinichi,Award Winning; Psychological; Romance; Comedy; Drama; School Life; Slice of Life; Music,seinen,completed,2013.0,safe,ja,8653,9.4427,9.241051648615224,57,1,"[{""id"": ""a2b2d55a-4ce8-44fe-9232-d07aad412f63"", ""relation"": ""sequel"", ""title"": ""BLUE GIANT SUPREME""}]"
239,4e7a7758-40a9-47e6-9b0c-2acb2804900c,Bring the Love,Bring the Love,제스트쿄 (zestkyō),제스트쿄 (zestkyō),Historical; Long Strip; Romance; Comedy; Drama; Web Comic; Full Color,josei,completed,2019.0,safe,ko,26091,9.2819,9.237946993689615,875,0,[]
240,9f73124c-ecfa-49f7-b4e4-0c699cc65957,Jishou Akuyaku Reijou na Tsuma no Kansatsu Kiroku,An Observation Log of My Wife Who Calls Herself a Villainess,Shiki (しき) (Author),Hasumi Natsume,Reincarnation; Romance; Comedy; Isekai; Fantasy; Villainess; Slice of Life; Adaptation,shoujo,ongoing,2022.0,safe,ja,17329,9.3464,9.235977187020536,24,1,"[{""id"": ""60e6eb5e-6798-4614-928f-064e65aabe16"", ""relation"": ""prequel"", ""title"": ""Jishou Akuyaku Reijou na Kon'yakusha no Kansatsu Kiroku.""}]"
241,ce6ae4bc-aab9-43b6-a11a-f79aeb4bf548,Night Patrol Teacher,Night Patrol Teacher,Mizutani Osamu,Tsuchida Seiki,Philosophical; Drama; School Life; Slice of Life; Adaptation; Tragedy,seinen,completed,2004.0,safe,ja,5574,9.4663,9.235967256676332,53,2,"[{""id"": ""0bf88c35-148d-415b-9aad-9e698fad55f6"", ""relation"": ""sequel"", ""title"": ""Night Patrol Teacher Special Arc: I Can't Say Goodbye""}, {""id"": ""2de76582-2bea-423f-97f9-770918177033"", ""relation"": ""sequel"", ""title"": ""Night Patrol Teacher Hope Arc""}]"
242,4a973243-952e-44d7-a50f-883b4b7c9cc2,SSS-geup Jugeoya Saneun Hunter,SSS-Class Revival Hunter,Neida (네이다); Shin Noah (신노아),Bill K,Time Travel; Monsters; Action; Psychological; Long Strip; Romance; Comedy; Martial Arts; Adventure; Magic; Isekai; Drama; Fantasy; Web Comic; Supernatural; Adaptation; Full Color; Tragedy,,ongoing,2020.0,safe,ko,84350,9.25,9.232814576472022,504,0,[]
243,1bc97ccd-1e56-4570-a399-162d08414f66,UmaYome Uma X Tore♂ Kekkon Seikatsu Goudou,UmaYome ~Horse & Trainer Wedded Bliss~,Konoshige; Shibasaki Shouji; Yawaraka Yusen; Negahami; Himiya Jouzu; Ponjiyuusu; Sakura Nitohei; Odawara Hakone; Aosa; Siseki Hirame; Tenroku Kagekidan; Komizumiko; Yukihoshi Kokoro; Kosuke Haruhito; Yamoge; Sukeponge; Okitsugu; Ido; Taroumaru; soramuko; inu (著); Ono Misao; Momonosuke; Hitode; Kuguri Oimo; Nanahamu; Totonemigi,Konoshige; Shibasaki Shouji; Yawaraka Yusen; Negahami; Himiya Jouzu; Ponjiyuusu; Sakura Nitohei; Odawara Hakone; Aosa; Siseki Hirame; Tenroku Kagekidan; Komizumiko; Yukihoshi Kokoro; Kosuke Haruhito; Yamoge; Sukeponge; Okitsugu; Ido; Taroumaru; soramuko; inu (著); Ono Misao; Momonosuke; Hitode; Kuguri Oimo; Nanahamu; Totonemigi,Romance; Anthology; Doujinshi; Slice of Life,,completed,2022.0,safe,ja,6559,9.4115,9.231834813788097,44,1,"[{""id"": ""50d011bb-09a6-46c7-8078-7ba96558a864"", ""relation"": ""based_on"", ""title"": ""Uma Musume (Franchise)""}]"
244,ffd3aad0-7dcc-47ff-bb36-caa0b9409a2b,Gohan no Otomo,Gohan no Otomo,Tana,Tana,Slice of Life; Cooking; Full Color,seinen,completed,2013.0,safe,ja,6220,9.4132,9.231676331592956,53,0,[]
245,0c9e19cd-86cb-490c-93e9-955af41746ca,Nausicaä of the Valley of the Wind,Nausicaä of the Valley of the Wind,Miyazaki Hayao,Miyazaki Hayao,Thriller; Award Winning; Sci-Fi; Monsters; Action; Psychological; Animals; Romance; Survival; Adventure; Post-Apocalyptic; Magic; Military; Philosophical; Gore; Drama; Horror; Fantasy; Supernatural; Mystery; Tragedy,,completed,1982.0,safe,ja,5080,9.5697,9.231301597582705,12,2,"[{""id"": ""7c01fbfd-369d-4e39-a13e-8291f711a874"", ""relation"": ""alternate_story"", ""title"": ""Shuna's Journey""}, {""id"": ""bf4f9f1e-143d-4255-af5a-778cbd5d63fb"", ""relation"": ""doujinshi"", ""title"": ""Nausicaä of the Valley of the Wind - Schuppen Harnische (Doujinshi)""}]"
246,4ee5e960-6329-4e1d-b038-93e8e0d53589,Ashita no Joe,,Kajiwara Ikki,Chiba Tetsuya,Sports; Martial Arts; Philosophical; Drama; Delinquents; Slice of Life; Tragedy,shounen,completed,1968.0,suggestive,ja,5685,9.4138,9.231006770400771,18,1,"[{""id"": ""7b3d7030-9710-4347-87d0-2954b7115d54"", ""relation"": ""spin_off"", ""title"": ""Longing for Tomorrow's Joe""}]"
247,73886188-f459-4b80-8781-66a60520b420,Eotteon Gyemo-nim ui Märchen,The Fantasie of a Stepmother,Kitty&Spice,ORKA,Time Travel; Long Strip; Romance; Drama; Fantasy; Adaptation; Full Color; Tragedy,,ongoing,2019.0,safe,ko,67954,9.2545,9.229965931812352,1497,1,"[{""id"": ""001c477c-c13c-4dbd-b820-40b8068696e2"", ""relation"": ""alternate_version"", ""title"": ""Eotteon Gyemo-nim ui Märchen (Book Version)""}]"
248,10a4985d-0713-462e-a9d6-767bf91e4fd7,Helck,Helck,Nanao Nanaki,Nanao Nanaki,Monsters; Action; Demons; Magic; Drama; Fantasy,,completed,2014.0,safe,ja,22263,9.2624,9.22960051437896,117,3,"[{""id"": ""1c909da4-bb40-4f69-b221-9b73d9f0c727"", ""relation"": ""side_story"", ""title"": ""Piwi""}, {""id"": ""4e439dc4-18ef-4ee0-9629-b86e7118cb1c"", ""relation"": ""shared_universe"", ""title"": ""Acaria""}, {""id"": ""4fd4f8c0-fab8-4ee5-ab9e-5907720afed9"", ""relation"": ""shared_universe"", ""title"": ""Iken Senki Völundio""}]"
249,107be290-6a4b-4974-a9c5-3761a2514823,Azumanga Daioh (2009 Print),Azumanga Daioh (2009 Print),Azuma Kiyohiko,Azuma Kiyohiko,Comedy; 4-Koma; Drama; School Life; Slice of Life,shounen,completed,2009.0,safe,ja,3998,9.4689,9.228834130309936,16,4,"[{""id"": ""6df9969e-317f-46ff-86a9-6ff8664f568c"", ""relation"": ""spin_off"", ""title"": ""Azumanga Daioh: Extra Lessons""}, {""id"": ""79424f8b-0ead-4394-9033-24c25f709248"", ""relation"": ""spin_off"", ""title"": ""Osaka Expo (Azumanga Daioh 10th Anniversary Tribute)""}, {""id"": ""d8adcc66-b2a3-4c0c-a8b4-c6f2f0538b90"", ""relation"": ""adapted_from"", ""title"": ""Azumanga Daioh""}, {""id"": ""fb08f555-5963-4b90-a411-8dbe13b1d113"", ""relation"": ""based_on"", ""title"": ""Azumanga Daioh - Attachment (Doujinshi)""}]"
250,a77742b1-befd-49a4-bff5-1ad4e6b0ef7b,Chainsaw Man,Chainsaw Man,Fujimoto Tatsuki,Fujimoto Tatsuki,Award Winning; Monsters; Action; Demons; Comedy; Gore; Horror; Supernatural,shounen,completed,2018.0,suggestive,ja,201176,9.2322,9.22736780374733,788,11,"[{""id"": ""192b2c21-e762-4927-8261-dc96adf11b0c"", ""relation"": ""doujinshi"", ""title"": ""Chainsaw Bomb""}, {""id"": ""61325e33-e80b-443d-9b81-53b857b6ecdb"", ""relation"": ""doujinshi"", ""title"": ""Denji and Reze's Reunion""}, {""id"": ""65cfafb6-2f7e-4f9e-9c19-db6915b3165b"", ""relation"": ""doujinshi"", ""title"": ""Makima Jikan Teishi Haiboku""}, {""id"": ""6767bf31-1d6d-4215-9264-469555c7c513"", ""relation"": ""doujinshi"", ""title"": ""Sono Hitomi de Nomihoshite""}, {""id"": ""89911b68-1f85-445c-95d9-a188f6469a86"", ""relation"": ""doujinshi"", ""title"": ""Kondo wa, issho ni nigemashou?""}, {""id"": ""8d5d7c3b-eb95-4e58-838f-4da6c2cbee1f"", ""relation"": ""doujinshi"", ""title"": ""Chainsaw Man - The Story of Himeno, Aki and Tobacco (Doujinshi)""}, {""id"": ""94e1bcf0-4c18-4a4f-8843-d1039bd5d6b4"", ""relation"": ""doujinshi"", ""title"": ""Chainsaw Man - Yoru had ONE job (Doujinshi)""}, {""id"": ""a0d05d57-4a2c-4d4b-9aa6-7b99bed425ca"", ""relation"": ""doujinshi"", ""title"": ""Chainsaw Man - \""Big Smoke\"" Fami (Doujinshi)""}, {""id"": ""b1d12720-49d7-4730-9945-1cd8737d97e4"", ""relation"": ""doujinshi"", ""title"": ""Chainsaw Man - Nayuta tries the Grimace Shake (Doujinshi)""}, {""id"": ""c63e5e58-f6b1-422f-bd41-1efaca70476b"", ""relation"": ""doujinshi"", ""title"": ""Chainsaw Circumcision""}, {""id"": ""ca56f180-bba8-4d5c-a6e7-39f42d4a3413"", ""relation"": ""doujinshi"", ""title"": ""Chainsaw Miku""}]"
251,ee96e2b7-9af2-4864-9656-649f4d3b6fec,Otaku ni Yasashii Gal wa Inai!?,Gals Can't Be Kind to Otaku!?,Norishiro-chan,Uozumi Sakana,Romance; Comedy; School Life; Slice of Life; Gyaru,seinen,ongoing,2021.0,suggestive,ja,87367,9.2447,9.22689715764931,82,0,[]
252,141609b6-cf86-4266-904c-6648f389cdc9,Ruri Dragon,RuriDragon,Shindou Masaoki,Shindou Masaoki,Award Winning; School Life; Monster Girls; Slice of Life; Supernatural,shounen,ongoing,2022.0,safe,ja,56587,9.2556,9.22619416965582,72,1,"[{""id"": ""8ddaef31-a1d4-4f47-840f-3b0044dd9798"", ""relation"": ""doujinshi"", ""title"": ""Ruri Dragon - Your Love is Mine ~ sexual excitement of Dragon Girl (Doujinshi)""}]"
253,0f19ed5a-e496-4416-8d4d-86d338655156,Ri-chan,Ri-chan,Yamamoto Koudai,Yamamoto Koudai,Romance; Comedy; Office Workers; Drama; Delinquents; Web Comic; Slice of Life; Music,,completed,2023.0,safe,ja,32108,9.2477,9.22553453639086,71,0,[]
254,510f29a8-99b4-46af-ba5e-916e96bc6f37,Fate/type Redline,Fate/type Redline,Keikenchi; TYPE-MOON; Hirano Ryouji,Hirano Ryouji,Thriller; Time Travel; Historical; Action; Psychological; Survival; Martial Arts; Samurai; Magic; Military; Gore; Drama; Fantasy; Supernatural; Mystery; Adaptation; Tragedy,shounen,ongoing,2019.0,safe,ja,25380,9.2975,9.222933543453392,111,3,"[{""id"": ""21f5800a-13b8-44f1-8e50-3cff94f1397d"", ""relation"": ""same_franchise"", ""title"": ""Fate/stay night""}, {""id"": ""223f03db-b8fa-4087-8dfe-9bb04efecd3b"", ""relation"": ""alternate_story"", ""title"": ""Koha-Ace""}, {""id"": ""cc8986fd-47ba-41cb-bb1e-296d1fd3d525"", ""relation"": ""alternate_version"", ""title"": ""Koha-Ace GO - Imperial Capital Holy Grail Strange Story""}]"
255,58167656-a065-4b49-b499-bd73d00555d5,Pick Me Up,"Pick Me Up, Infinite Gacha",Hermod (헤르모드); U-Ne Cho (조우네),REDICE Studio (레드아이스 스튜디오); Wasakbasak (REDICE STUDIO),Reincarnation; Action; Long Strip; Adventure; Magic; Isekai; Fantasy; Web Comic; Adaptation; Full Color,,ongoing,2022.0,safe,ko,28650,9.2706,9.222583272572358,41,0,[]
256,89daf9dc-075a-4aa5-873a-cc76bb287108,Gokushufudou,The Way of the Househusband,Oono Kousuke,Oono Kousuke,Award Winning; Comedy; Mafia; Slice of Life; Cooking,seinen,ongoing,2018.0,safe,ja,109443,9.2354,9.221899323055418,721,1,"[{""id"": ""b9c4c13c-6f67-406e-a0d7-615a1491217c"", ""relation"": ""spin_off"", ""title"": ""Crime Catch Policure☆""}]"
257,d64b0768-bebe-433c-b923-99870503c0a3,Dark Gathering,Dark Gathering,Kondou Kenichi,Kondou Kenichi,Action; Ghosts; Gore; Drama; Horror; Supernatural; Mystery,shounen,ongoing,2019.0,safe,ja,22140,9.2969,9.221893509908764,61,0,[]
258,f461e344-2385-46b5-83b8-8776f5ea65d0,The Top Dungeon Farmer,The Top Dungeon Farmer,Lim Hyeong; sdcknight; Lee Ha Kyung,Lim Hyeong; sdcknight; Lee Ha Kyung,Monsters; Action; Animals; Long Strip; Comedy; Survival; Adventure; Magic; Isekai; Drama; Fantasy; Monster Girls; Slice of Life; Cooking; Adaptation; Full Color,,ongoing,2023.0,safe,ko,20045,9.285,9.221517887298125,29,0,[]
259,9eb78304-0436-484d-9a79-a925b45e2731,Wind Breaker,WIND BREAKER,Nii Satoru,Nii Satoru,Action; Comedy; Martial Arts; School Life; Delinquents; Slice of Life,shounen,ongoing,2021.0,safe,ja,21473,9.2935,9.22110529481854,16,0,[]
260,8c21fe3b-4fe6-4f11-b51b-ced00d8aec60,Aekanaru,Aekanaru,Sasakura Ayato,Sasakura Ayato,Romance; Drama; Slice of Life; Supernatural,seinen,completed,2020.0,safe,ja,22951,9.2603,9.220912846240802,45,0,[]
261,c02343b3-74e4-4057-b34a-90e08d93f95a,Gochuumon wa Usagi desu ka?,Is the Order a Rabbit?,Koi,Koi,Comedy; 4-Koma; School Life; Slice of Life; Supernatural,seinen,ongoing,2011.0,safe,ja,8807,9.406,9.219850053264684,58,23,"[{""id"": ""11746126-0290-46a0-abb3-701e5fa0a1a3"", ""relation"": ""doujinshi"", ""title"": ""Luminocity 19: Potofu-chan, Yamiochi.""}, {""id"": ""19f0e54f-4209-4dc1-af72-0b4e1866b781"", ""relation"": ""doujinshi"", ""title"": null}, {""id"": ""2fd8f36f-9b0d-4a20-a9d9-9a9e8ff5df9f"", ""relation"": ""doujinshi"", ""title"": ""Gochuumon Wa Usagi Desu Ka - Saimin Nante Kakaru Wake Naijanaidesuka (Doujinshi)""}, {""id"": ""3727389a-7e66-4292-bcf2-65f059e01088"", ""relation"": ""doujinshi"", ""title"": null}, {""id"": ""42dc7195-b846-4dd8-86e4-78799f51bf6a"", ""relation"": ""doujinshi"", ""title"": ""Gochuumon wa Usagi desu ka? - Secret Rabbits (Doujinshi)""}, {""id"": ""535ef5f1-4240-4510-a3a9-927004972a7e"", ""relation"": ""doujinshi"", ""title"": ""Gochuumon wa Usagi desu ka? - Gochuumon wa Ura-Menu desu ka? (Doujinshi)""}, {""id"": ""607ef63d-82cc-4759-9c92-3143238623f4"", ""relation"": ""doujinshi"", ""title"": ""Gochuumon wa Usagi desu ka? - Midnight in Cocoa (Doujinshi)""}, {""id"": ""61712a90-f431-4608-b1fa-2370341c7635"", ""relation"": ""doujinshi"", ""title"": null}, {""id"": ""747b9508-e5a9-48e0-b296-2605ef6b5a8c"", ""relation"": ""doujinshi"", ""title"": ""Gochuumon wa Usagi Desu ka? - Is The Order an International Barista Idol (Doujinshi)""}, {""id"": ""7ad734af-25da-4598-81aa-3567077a08b5"", ""relation"": ""doujinshi"", ""title"": ""Gochuumon wa Usagi desu ka? - Luminocity 23 Gochuumon wa Soine desu (Doujinshi)""}, {""id"": ""879433ed-aae7-4f10-b470-ccb4cd3d5bc8"", ""relation"": ""doujinshi"", ""title"": ""Gochuumon wa Usagi desu ka? - Senpai to Yuri ni Mezameru Hon (Doujinshi)""}, {""id"": ""9412f1d5-2ed2-4261-9aa7-038edda8afb1"", ""relation"": ""doujinshi"", ""title"": ""Gochuumon wa Usagi desu ka? - Can I Taste You? (Doujinshi)""}, {""id"": ""986dc6c8-03cb-48fd-86fe-b95570f9add9"", ""relation"": ""doujinshi"", ""title"": ""Gochuumon wa Usagi desu ka? - BEST MATCH GIRLS (Doujinshi)""}, {""id"": ""a239be77-72ac-432c-aafd-4d5d58c45a11"", ""relation"": ""doujinshi"", ""title"": ""Gochuumon wa Usagi desu ka? - Kawaisugiru Chino-Chan to Ichya Love Shitainode Chotto Kyouseiteki? Shinaido 120% ni Natte Moraimashita (Doujinshi)""}, {""id"": ""ae954a41-978b-4a71-9c10-f4d1bf2ace77"", ""relation"": ""spin_off"", ""title"": ""Gochuumon wa Usagi desu ka? Anthology Comic""}, {""id"": ""affa1b05-2064-4ed9-872a-6524594404c7"", ""relation"": ""doujinshi"", ""title"": ""Gochuumon wa Usagi desu ka? - Petit W! 14 (Doujinshi)""}, {""id"": ""beb451d0-7e2f-4e7f-8461-e611c98d8a8a"", ""relation"": ""doujinshi"", ""title"": ""Gochuumon wa Usagi desu ka? - Chimametai ga Tabegoro datta no de Oishiku Itadaichaimashita (Doujinshi)""}, {""id"": ""c5468e10-ba93-48d8-b1df-ec15740d84ba"", ""relation"": ""doujinshi"", ""title"": ""Gochuumon wa Usagi desu ka? - Kigumi no Machi o Aruitetara Oishisou na Kodomo ga Ita node Gochisou ni Narimashita (Doujinshi)""}, {""id"": ""c5f77473-81f1-4817-ab1d-f73cab641013"", ""relation"": ""doujinshi"", ""title"": ""Gochuumon wa Usagi desu ka? - Amatoro Cocochino Milk (Doujinshi)""}, {""id"": ""d4a0ab5e-be87-4a21-86f3-865fe6cd5d16"", ""relation"": ""doujinshi"", ""title"": ""Gochuumon wa Usagi desu ka? - Luminocity 24 Chino-chan no shitagi wa watashi ga erabimasukara! (Doujinshi)""}, {""id"": ""e8731b17-e3c1-4075-b042-bca03a9791e6"", ""relation"": ""spin_off"", ""title"": ""Kirara Fantasia""}, {""id"": ""f66301c6-b231-4af8-b01d-6b736e292d6f"", ""relation"": ""doujinshi"", ""title"": ""Wareme Mienai Shashin Senshuken""}, {""id"": ""fb148b96-c04a-4376-b16b-0518251bbdc7"", ""relation"": ""doujinshi"", ""title"": null}]"
262,33a103ce-d6c4-4da8-af5a-42f80ae4fe41,Yugami-kun ni wa Tomodachi ga Inai,Yugami-kun Doesn't Have Any Friends,Sakura Jun,Sakura Jun,Comedy; Sports; School Life; Slice of Life,shounen,completed,2012.0,safe,ja,20049,9.2513,9.219845872337077,385,2,"[{""id"": ""07781df4-3c9e-4299-b8b4-8db281c09709"", ""relation"": ""doujinshi"", ""title"": ""Yugami-kun ni wa Tomodachi ga Inai - Tonari no Anata to (Unofficial Fanbook)""}, {""id"": ""7d11b433-95cc-41e0-98a2-9e44bcc94c6c"", ""relation"": ""doujinshi"", ""title"": ""Yugami-kun Doesn't Have Any Friends - Working Adults (Doujinshi)""}]"
263,bc41ee4b-9a40-402b-babd-55c230094325,Touge Oni,Touge Oni: Primal Gods in Ancient Times,Tsurubuchi Kenji,Tsurubuchi Kenji,Time Travel; Historical; Monsters; Adventure; Magic; Gore; Fantasy; Supernatural,seinen,ongoing,2018.0,suggestive,ja,16084,9.3339,9.218871711622725,60,0,[]
264,f6af213d-a0ce-4925-8026-698f68d1402a,Zense Coupling,Zense Coupling,Kakitsubata Waka,Kakitsubata Waka,Reincarnation; Romance; Comedy; School Life; Slice of Life; Supernatural,shoujo,completed,,safe,ja,17169,9.2492,9.216714284304555,227,0,[]
265,722a45c0-5e55-40f2-929b-ff69b0989edb,Who Made Me a Princess,Who Made Me a Princess,Spoon (스푼); Plutus,Spoon (스푼),Reincarnation; Long Strip; Romance; Comedy; Magic; Isekai; Drama; Fantasy; Adaptation; Full Color,,ongoing,2018.0,safe,ko,78490,9.2289,9.214856544386175,1772,1,"[{""id"": ""b4c3330a-5dd8-4b68-b370-02d930706abb"", ""relation"": ""shared_universe"", ""title"": ""Geu Oppadeul-eul Josimhae!""}]"
266,1b920c57-b359-422c-8d6d-1022c79cc8bb,Gaikotsu to Koi wa Dekiru no ka?,Can You Fall in Love With the Skeleton?,Nora Koto,Shugyo Kota,Oneshot; Action; Romance; Adventure; Magic; Fantasy; Tragedy,shounen,completed,2022.0,safe,ja,10579,9.2491,9.214695992421529,24,0,[]
267,195023bf-cf9a-4772-94ef-09dd6eddea84,The Ancient Magus' Bride,The Ancient Magus' Bride,Yamazaki Kore,Yamazaki Kore,Monsters; Demons; Ghosts; Romance; Magic; Drama; School Life; Fantasy; Monster Girls; Slice of Life; Supernatural,shounen,ongoing,2013.0,safe,ja,45803,9.2581,9.213574470267163,138,6,"[{""id"": ""1551da93-c715-43ac-ad0f-7d682eafdfae"", ""relation"": ""spin_off"", ""title"": ""Mahoutsukai no Yome Shihen.75 - Inazuma Jack to Yousei Jiken""}, {""id"": ""34a09d2f-fc71-446f-9092-c48eb8b2f811"", ""relation"": ""doujinshi"", ""title"": ""The Ancient Magus’ Bride Supplement""}, {""id"": ""88991e19-8bcb-4aa7-aab9-b86e406c1885"", ""relation"": ""adapted_from"", ""title"": ""Kanwa Mahou Tsukai no Yome""}, {""id"": ""88991e19-8bcb-4aa7-aab9-b86e406c1885"", ""relation"": ""spin_off"", ""title"": ""Kanwa Mahou Tsukai no Yome""}, {""id"": ""bcffb5d4-05c6-4f2f-92c4-25ddda595805"", ""relation"": ""shared_universe"", ""title"": ""Ghost & Witch""}, {""id"": ""d9feca8f-492a-403a-810e-0a434fd8539c"", ""relation"": ""spin_off"", ""title"": ""Mahoutsukai no Yome Shihen.108 - Majutsushi no Ao""}]"
268,3215fb61-811d-4fa2-8cee-97214058b52d,Blue Archive - 1 Hoshino a Day (Doujinshi),Blue Archive - 1 Hoshino a Day (Doujinshi),Jam To Cham,Jam To Cham,Loli; Romance; Comedy; Sexual Violence; Doujinshi; Drama; School Life; Web Comic; Slice of Life; Full Color,,ongoing,2024.0,suggestive,ko,2958,9.4408,9.212679724801287,7,0,[]
269,220282a9-a2ff-4a6b-9bed-f4a9da24c661,Maybe Meant to Be,Maybe Meant to Be,honeyskein (꿀타래),Damcho (담초),Long Strip; Romance; Comedy; Drama; Slice of Life; Full Color,,completed,2022.0,safe,ko,32937,9.2528,9.210971406464875,18,0,[]
270,3ddfe740-8b05-4ac4-be90-9f1e5b8fe1ea,"Nee Nee, Nene-san.","Nee Nee, Nene-san.",Amairo Chu,Amairo Chu,Oneshot; Ghosts; Romance; Drama; Slice of Life; Supernatural; Mystery; Tragedy,shounen,completed,2021.0,safe,ja,4465,9.3043,9.210703258667897,15,0,[]
271,13d2856e-9163-43a1-86f9-cd66d41db09b,Isekai Samurai,Isekai Samurai,Saitou Keigo,Saitou Keigo,Award Winning; Monsters; Action; Demons; Comedy; Survival; Samurai; Adventure; Magic; Isekai; Philosophical; Gore; Fantasy,shounen,ongoing,2023.0,suggestive,ja,41273,9.241,9.207939091444258,59,0,[]
272,381b0e7e-ac7d-48bf-8379-9566cefe6747,Your Eyes Only,For Your Eyes Only Darling,ZENraKISHI,ZENraKISHI,Oneshot; Psychological; Romance; Doujinshi; Supernatural; Mystery,,completed,2023.0,safe,ja,1317,9.5286,9.207869366588342,16,2,"[{""id"": ""50d011bb-09a6-46c7-8078-7ba96558a864"", ""relation"": ""based_on"", ""title"": ""Uma Musume (Franchise)""}, {""id"": ""e4344acc-3425-42ea-8830-6e59db32781b"", ""relation"": ""based_on"", ""title"": ""Starting Gate! Uma Musume Pretty Derby""}]"
273,ece511da-3461-421a-8275-7af48a642aa5,Bocchi Kaibutsu to Moumoku Shoujo,Beauty and the Beast Girl,Neji,Neji,Romance; Comedy; Girls' Love; Fantasy; Monster Girls; Web Comic,shounen,completed,2017.0,suggestive,ja,35910,9.2289,9.207739029273597,198,3,"[{""id"": ""2e7b0a90-ed22-4951-a4cf-6974a93c453b"", ""relation"": ""doujinshi"", ""title"": ""Bocchi Kaibutsu to Moumoku Shoujo - Hyacinth wa Aishiau""}, {""id"": ""362967e6-fb5f-46da-9e77-53db2d876fcb"", ""relation"": ""side_story"", ""title"": ""Bocchi Kaibutsu to Moumoku Shoujo - Minamo ni Coreopsis wo Ukabe""}, {""id"": ""6e7cd9c5-f8ea-48c6-bfb0-a586dd772015"", ""relation"": ""doujinshi"", ""title"": ""Bocchi Kaibutsu to Moumoku Shoujo - Bougainvillea no Saku Yoru ni""}]"
274,1d25919b-e677-45c1-a64d-e40c2ea14fd5,Tonari no Seki no Yatsu ga Souiu Me de Mitekuru,The Mortifying Ordeal of Being Seen,mmk,mmk,Romance; Comedy; School Life; Web Comic; Slice of Life,shounen,ongoing,2024.0,suggestive,ja,91278,9.2232,9.207678058207616,82,0,[]
275,25aaabb1-9f74-4469-a8d6-1eac5924cc79,Pandora Hearts,Pandora Hearts,Mochizuki Jun,Mochizuki Jun,Reincarnation; Time Travel; Adventure; Fantasy; Supernatural; Mystery,shounen,completed,2006.0,safe,ja,16992,9.2842,9.20721426014193,70,1,"[{""id"": ""4d44de3b-fb86-49b7-b994-51d14cac2665"", ""relation"": ""same_franchise"", ""title"": null}]"
276,9ed6af6f-6b27-4162-90fd-f1938927ecb6,Dungeon Crawler: Our Failing Marriage,Dungeon Crawler: Our Failing Marriage,JAPversus,JAPversus,Romance; Comedy; Self-Published; Fantasy; Web Comic,,ongoing,2025.0,safe,en,5254,9.4211,9.206717213233919,15,0,[]
277,0771c4e7-60f3-4fb5-8708-d779f0a0e023,Mushishi,Mushishi,Urushibara Yuki,Urushibara Yuki,Award Winning; Animals; Adventure; Philosophical; Drama; Fantasy; Slice of Life; Supernatural; Mystery; Tragedy,seinen,completed,1999.0,safe,ja,8491,9.4124,9.206252941706557,11,2,"[{""id"": ""db70ec74-80e8-497e-b74f-59cb9b590b1e"", ""relation"": ""spin_off"", ""title"": ""Mushishi: Gaitanshuu""}, {""id"": ""ff42eedd-c73e-4125-9236-aadc7e4085da"", ""relation"": ""sequel"", ""title"": ""Mushishi Tokubetsu-hen: Hihamu Kage""}]"
278,b84a9c69-624b-4c4f-ac57-8d9a162883f1,Ponkotsu Ponko,Junk Junko,Yatera Keita,Yatera Keita,Sci-Fi; Comedy; Drama; Slice of Life,seinen,completed,2018.0,safe,ja,21572,9.2573,9.206038555643016,146,0,[]
279,9e76dadd-e0c6-452a-9f7d-b9f2ae85bc35,Koroshiya no Oshi,The Hitman Stans,Ooshima Rintarou,Ooshima Rintarou,Action; Comedy; Drama,seinen,ongoing,2022.0,safe,ja,16129,9.306,9.205556641180229,12,0,[]
280,553d4b8f-9ab9-4711-8ed2-ef337d8e7923,Wandance,Wandance,Coffee,Coffee,Romance; Sports; School Life; Music,seinen,ongoing,2019.0,safe,ja,14981,9.3159,9.205209259485791,97,1,"[{""id"": ""88357d80-c33a-428a-ad1c-d3030c6bf183"", ""relation"": ""shared_universe"", ""title"": ""Noboru Kotera-san Bangaihen""}]"
281,acdbf57f-bf54-41b4-8d92-b3f3d14c852e,Aishiteru Game o Owarasetai,I Want to End This Love Game,Doumoto Yuuki,Doumoto Yuuki,Romance; Comedy; School Life,shounen,ongoing,2021.0,safe,ja,62196,9.2261,9.203048033123896,57,1,"[{""id"": ""b5ceba59-69c4-4cd7-b866-e26c6f6c512a"", ""relation"": ""doujinshi"", ""title"": ""Aishiteru Game o Owarasetai - Twitter Extras""}]"
282,e9b1d4ba-b8fb-48c3-8d52-5a4eefd05980,Fruits Basket,,Takaya Natsuki,Takaya Natsuki,Award Winning; Animals; Romance; Comedy; Reverse Harem; Drama; School Life; Slice of Life; Supernatural; Tragedy,shoujo,completed,1998.0,safe,ja,11067,9.2992,9.200678267750439,28,1,"[{""id"": ""895d0c24-9903-43bf-b18c-768d694a09e0"", ""relation"": ""sequel"", ""title"": ""Fruits Basket Another""}]"
283,5ec0922a-4869-4e6b-a154-2307945cc406,Genkai OL-san wa Akuyaku Reijou-sama ni Tsukaetai,The Fed-Up Office Lady Wants to Serve the Villainess,Nekotarou,Nekotarou,Comedy; Office Workers; Video Games; Magic; Girls' Love; Isekai; Drama; School Life; Fantasy; Villainess,,ongoing,2022.0,safe,ja,53035,9.2185,9.196751991908293,57,0,[]
284,96ae166c-d8e1-4e9e-88cb-805b65154d7e,Red Blue,Red Blue,Namikiri Atsushi,Namikiri Atsushi,Action; Comedy; Sports; Martial Arts; School Life,shounen,ongoing,2022.0,safe,ja,11240,9.3117,9.196428031282618,26,0,[]
285,da6cbb8a-2df2-4fd6-bfca-766e0ea2d860,Classmate,Classmate,Sooriboo,Sooriboo,Long Strip; School Life; Horror; Supernatural; Mystery; Full Color,,ongoing,2025.0,safe,ko,2778,9.4394,9.195761379518249,11,0,[]
286,f5ac1129-901d-4fe7-9fbc-cfc3cab5d86d,Bride of Ignat,Bride of Ignat,Mori Moyori,Mori Moyori,Romance; Boys' Love; Drama; Fantasy; Supernatural,,ongoing,2023.0,suggestive,ja,5349,9.3724,9.195664119981085,10,0,[]
287,36bad9cb-6310-4048-a48e-a1ab7b7dcb3e,Èmó X Tiānshǐ Bù Néng Yǒuhǎo Xiāngchǔ,Demon X Angel Can't Get Along!,菲洛猫,菲洛猫,Long Strip; Romance; Comedy; Fantasy; Web Comic; Full Color,,ongoing,2020.0,suggestive,zh,23248,9.2376,9.195252912160438,55,0,[]
288,a21eab2d-781d-40b2-a666-7b2d72551927,Akunin-zura Shita B-kyuu Boukensha: Shujinkou to Sono Osananajimi-tachi no Papa ni Naru,The B-Rank Adventurer with a Scary Face Becomes a Father for the Hero and His Friends,Enji (えんじ),Kogeme,Reincarnation; Monsters; Action; Comedy; Adventure; Isekai; Gore; Drama; Fantasy; Slice of Life; Adaptation,shounen,ongoing,2023.0,safe,ja,76453,9.2122,9.193957898179203,128,0,[]
289,9b9fa0db-d4e6-47c4-8687-f769cc053453,Nitamono Doushi,Like Attracts Like,Efu,Efu,Oneshot; Romance; Drama; School Life; Delinquents,,completed,2025.0,safe,ja,26205,9.215,9.193913620609852,65,0,[]
290,dc90853b-a3e6-4d5b-8b47-1fa15aa15923,19 Tian,19 Days,Mosspaca Studio; Old Xian,Mosspaca Studio; Old Xian,Action; Long Strip; Comedy; Boys' Love; Drama; School Life; Web Comic; Slice of Life; Full Color,,ongoing,2014.0,safe,zh,20488,9.2373,9.193290213115597,71,1,"[{""id"": ""032b3391-2938-43b9-bf58-d62c783a41c4"", ""relation"": ""same_franchise"", ""title"": ""Mosspaca Advertising Department""}]"
291,e1d8b192-fa28-4651-bdaf-d4e0d4418ea8,Vanitas no Carte,The Case Study of Vanitas,Mochizuki Jun,Mochizuki Jun,Historical; Action; Comedy; Adventure; Drama; Vampires; Supernatural; Mystery,shounen,hiatus,2015.0,safe,ja,15155,9.3672,9.19174372906934,22,0,[]
292,50cb0480-1baf-4c63-b8c4-0145d1f1cd5e,Koko wa Ima kara Rinri desu.,We Shall Now Begin Ethics.,Amase Shiori,Amase Shiori,Psychological; Sexual Violence; Philosophical; Drama; School Life; Slice of Life,seinen,completed,2016.0,safe,ja,35616,9.2217,9.19064656876631,286,0,[]
293,d21fcf09-3de1-45f1-9846-c1d8bbbe70ee,Tiger Coming in,Tiger Coming in,Cafe92 (배세혁),Yu (유은),Historical; Animals; Long Strip; Romance; Comedy; Fantasy; Web Comic; Slice of Life; Full Color,,completed,2020.0,safe,ko,5502,9.4659,9.189209912534324,26,0,[]
294,98467236-8e2b-4f3d-ae7d-20ef4a84417a,Goukon ni Ittara Onna ga Inakatta Hanashi,How I Attended an All-Guy's Mixer,Aokawa Nana,Aokawa Nana,Romance; Comedy; Crossdressing; Slice of Life,shounen,ongoing,2021.0,safe,ja,19327,9.2844,9.188662440714815,20,0,[]
295,9ecd208c-c592-4462-9f57-4d7d4a9f956f,Iphak Yongbyeong,Teenage Mercenary,YC,Rakhyun,Action; Long Strip; Crime; Adventure; Military; Drama; School Life; Delinquents; Web Comic; Full Color,,hiatus,2020.0,safe,ko,52881,9.2119,9.187227057870224,418,0,[]
296,b15c0c79-2ce9-4913-8386-262cfe80adff,Oyasumi Nini-chan,Oyasumi Nini-chan,Amairo Chu,Amairo Chu,Oneshot; Psychological; Comedy; Drama; Slice of Life; Supernatural,,completed,2023.0,safe,ja,869,9.5838,9.186593449175696,1,0,[]
297,77bee52c-d2d6-44ad-a33a-1734c1fe696a,Kage no Jitsuryokusha ni Naritakute!,The Eminence in Shadow,Sakano Anri; Aizawa Daisuke,Sakano Anri,Reincarnation; Action; Demons; Comedy; Martial Arts; Magic; Harem; Isekai; Drama; School Life; Fantasy; Adaptation,shounen,ongoing,2018.0,safe,ja,238049,9.1915,9.186394172443757,1748,4,"[{""id"": ""4a9fb2f2-f1d7-455a-9250-fb8507745cd2"", ""relation"": ""doujinshi"", ""title"": ""The Eminence in Shadow -「I NEED MORE POWER!」(Doujinshi)""}, {""id"": ""63f65509-4fd1-4476-9987-dd99d32b1764"", ""relation"": ""doujinshi"", ""title"": ""The Eminence in Shadow - 「WE NEED MORE POWER!」(Doujinshi)""}, {""id"": ""91d928a1-7237-4d03-abc3-4b1440cc7d55"", ""relation"": ""side_story"", ""title"": ""Kage no Jitsuryokusha ni Naritakute! Master of Garden ~Shichikage Retsuden~""}, {""id"": ""fc4eede2-4fc9-4fdc-8904-7ea7ae56d773"", ""relation"": ""spin_off"", ""title"": ""Kage no Jitsuryokusha ni Naritakute! Shadow Gaiden""}]"
298,33d1ba42-be1f-4a99-9943-aa8da1a02bdf,Here U Are,Here U Are,D-Jun,D-Jun,Long Strip; Romance; Boys' Love; Drama; School Life; Web Comic; Slice of Life; Full Color,,completed,,safe,zh,17334,9.2161,9.185867851791423,239,1,"[{""id"": ""c4639446-b320-4c94-9922-5ccb237bd9ee"", ""relation"": ""adapted_from"", ""title"": ""Guang Xiang""}]"
299,40bc649f-7b49-4645-859e-6cd94136e722,Dragon Ball,Dragon Ball,Toriyama Akira,Toriyama Akira,Award Winning; Sci-Fi; Action; Comedy; Martial Arts; Adventure; Gore; Drama; Fantasy; Aliens,shounen,completed,1984.0,suggestive,ja,13800,9.2362,9.184867889296818,40,142,"[{""id"": ""00c675e9-5746-4fc0-a6d9-1b6dd0cf5107"", ""relation"": ""doujinshi"", ""title"": ""Dragon Ball - Makeinu no Hana (Doujinshi)""}, {""id"": ""0251c968-e845-44b1-9c41-5b9e4cbe531f"", ""relation"": ""doujinshi"", ""title"": ""Dragon Ball Z - Gohan no Suki na Haha (Doujinshi)""}, {""id"": ""040747b5-ad21-4022-a73d-e4bc4961c9a1"", ""relation"": ""doujinshi"", ""title"": ""Dragon Ball - LOVE & PEACE (Doujinshi)""}, {""id"": ""0612d28f-ab26-4515-98a2-727549b00c19"", ""relation"": ""spin_off"", ""title"": ""Neko Majin""}, {""id"": ""07c64556-05ef-4295-b309-ca698ff5c689"", ""relation"": ""doujinshi"", ""title"": ""Dragon Ball - XX""}, {""id"": ""0f189c18-fb5f-4118-a715-d118ca5745d3"", ""relation"": ""spin_off"", ""title"": ""DRAGON BALL Z Anime Kids Comics""}, {""id"": ""0f77e5d7-7a2a-4581-90b2-3207bc40f704"", ""relation"": ""doujinshi"", ""title"": ""Gohan x Trunks After""}, {""id"": ""13212c17-e90c-4086-a2f0-3c69372e2d44"", ""relation"": ""spin_off"", ""title"": ""DRAGON BALL Z TV Animation Comics""}, {""id"": ""18a7c63c-e749-4441-9c00-e493cef2b02a"", ""relation"": ""doujinshi"", ""title"": ""Dragon Ball Z - Ten Mangetsu (Doujinshi)""}, {""id"": ""1b4d5507-2d1b-4272-8fb6-35719fd36417"", ""relation"": ""sequel"", ""title"": ""Dragon Ball - DB After BR (Doujinshi)""}, {""id"": ""1c6edc0f-1faa-40ad-adbd-50d565daee8a"", ""relation"": ""doujinshi"", ""title"": ""Dragon Ball - I'm the Sexiest (Doujinshi)""}, {""id"": ""21236063-91e7-4c3b-9baa-a6df2cb9aa65"", ""relation"": ""doujinshi"", ""title"": ""Dragon Ball Z - Hope Is Back To The Future""}, {""id"": ""24a1517e-4e15-44d0-980b-57151c41995b"", ""relation"": ""doujinshi"", ""title"": ""Dragon Ball -  The Plan to Subjugate 18 (Doujinshi)""}, {""id"": ""259953ce-72f7-4c5a-8e36-b7f36b9668bb"", ""relation"": ""doujinshi"", ""title"": ""Dragon Ball - Love Ya Heavenly Ecstasy (Doujinshi)""}, {""id"": ""261328fc-6071-4da8-9e4e-c1084e43a032"", ""relation"": ""doujinshi"", ""title"": ""Dragon Ball Z - Let's hope for a sunny day (Doujinshi)""}, {""id"": ""26c77c6e-47fd-45ad-bb9f-acf3eb514f8f"", ""relation"": ""doujinshi"", ""title"": ""Dragon Ball New Age (Doujinshi)""}, {""id"": ""28d8137c-028b-43d6-9ef5-76ae83270c34"", ""relation"": ""alternate_story"", ""title"": ""Saigo no Son""}, {""id"": ""2abb7780-4be8-4320-b0dc-594bbd1b53fd"", ""relation"": ""doujinshi"", ""title"": ""Dragon Ball - Grand Bazaar (Doujinshi)""}, {""id"": ""3382218b-829b-4565-add9-c93b19da06c1"", ""relation"": ""doujinshi"", ""title"": null}, {""id"": ""35baef9c-9b4b-499b-b8ff-a4ce4fe4bae1"", ""relation"": ""doujinshi"", ""title"": ""Dragon Ball - Yamcha’s Secret Weapon (Doujinshi)""}, {""id"": ""3608a582-7ce8-4354-83a2-b7f8c1d7a51e"", ""relation"": ""side_story"", ""title"": ""Dragon Ball - Kame (Doujinshi)""}, {""id"": ""36600879-32af-4200-8fca-fc0c01bf1f41"", ""relation"": ""doujinshi"", ""title"": ""Dragon Ball - Amnesia (Doujinshi)""}, {""id"": ""3745ccf0-4e6a-4d12-934d-9725cfd25abb"", ""relation"": ""doujinshi"", ""title"": ""Dragon Ball - Rarara Nishimoto's Attack! (Doujinshi)""}, {""id"": ""37b87be0-b1f4-4507-affa-06c99ebb27f8"", ""relation"": ""sequel"", ""title"": ""Dragon Ball Super""}, {""id"": ""37daf375-2987-4e39-a7dc-7f7926a19954"", ""relation"": ""shared_universe"", ""title"": ""Dr. Slump (remake anime comic)""}, {""id"": ""38d85cb7-a1aa-4c83-8ffc-9de7b8736c8c"", ""relation"": ""doujinshi"", ""title"": ""Dragon Ball PL69 SPECIAL""}, {""id"": ""3b10c076-6281-4171-9c2c-1e14765e1c37"", ""relation"": ""doujinshi"", ""title"": ""Kamehasutra""}, {""id"": ""3c2b4bd6-1486-4e02-a31d-96c8f248a030"", ""relation"": ""doujinshi"", ""title"": ""Dragon Ball - Dogs and Monkeys Actually Get Along Well (Doujinshi)""}, {""id"": ""3d2efb11-706b-44fc-bef1-f84da139812d"", ""relation"": ""sequel"", ""title"": ""Dragon Ball Crisis Universe (Doujinshi)""}, {""id"": ""3d822db8-ef08-4956-aff4-6108ad48af1b"", ""relation"": ""doujinshi"", ""title"": ""Football Friends""}, {""id"": ""3daf7b64-d0a5-478c-8af5-8233f3d4eee2"", ""relation"": ""doujinshi"", ""title"": ""Dragon Ball: Goku and Cell's Daibouken""}, {""id"": ""3e16bb96-2a20-4110-89db-2192a2ee5929"", ""relation"": ""sequel"", ""title"": ""Dragon Ball GT - Shadow Dragons Saga (Animation Comic)""}, {""id"": ""3fc5a3e2-ab3d-4b41-b61e-d6ed91ca55f4"", ""relation"": ""doujinshi"", ""title"": ""Dragon Ball - Dragon Ball 809""}, {""id"": ""405c5c9d-4021-47f5-a52e-b3bbab5e2fd2"", ""relation"": ""doujinshi"", ""title"": ""Bardock After""}, {""id"": ""4304cfd7-6987-4d17-8ecd-15feda56af9b"", ""relation"": ""doujinshi"", ""title"": ""Dragon Ball TeuPai""}, {""id"": ""4365afe7-7a79-4576-a2fe-d7610e54d077"", ""relation"": ""doujinshi"", ""title"": ""Dragon Ball - Buta no Onna (Doujinshi)""}, {""id"": ""452df19c-988f-4861-98c1-b7015af513cd"", ""relation"": ""side_story"", ""title"": null}, {""id"": ""48260909-b070-42f3-b95d-d8113b50b81d"", ""relation"": ""spin_off"", ""title"": ""Dragon Ball Xenoverse 2: The Manga""}, {""id"": ""48f4449a-be23-42b1-b0da-410cc04bbd5b"", ""relation"": ""doujinshi"", ""title"": ""Dragon Ball Z - Skyworld (Doujinshi)""}, {""id"": ""494e05b4-9319-4e36-a63a-fab112862921"", ""relation"": ""doujinshi"", ""title"": ""Dragon Ball Zero""}, {""id"": ""49a5e03a-2cf1-4422-a79f-91a285bcacac"", ""relation"": ""based_on"", ""title"": ""Dragon Ball Z - The Super Warrior Saiyan Warrior""}, {""id"": ""4aa794c7-3e3c-4400-a371-c5eaa209f68a"", ""relation"": ""doujinshi"", ""title"": ""Dragon Ball Z - Movies (Doujinshi)""}, {""id"": ""4b1a60d8-d7f0-4c6b-b64f-43a192089f34"", ""relation"": ""spin_off"", ""title"": ""Dragon Ball Heroes: Victory Mission""}, {""id"": ""4bb7eac3-da10-4873-ae04-1157dc08b22d"", ""relation"": ""sequel"", ""title"": ""Dragon Ball - Zeroverse (Doujinshi)""}, {""id"": ""4c3e41c6-da40-4df1-9978-1c26f7130166"", ""relation"": ""doujinshi"", ""title"": ""DBVS""}, {""id"": ""4ec05517-cd74-4680-b1a5-3191af94cc82"", ""relation"": ""doujinshi"", ""title"": ""DB Red""}, {""id"": ""4f9d03f2-75ac-4978-a408-39d0ea2fdd6d"", ""relation"": ""doujinshi"", ""title"": ""Dragon Ball - Yardrats, The Story of a Survivor""}, {""id"": ""5520b5a8-e76a-4d61-b7ae-f33d1cf13d55"", ""relation"": ""doujinshi"", ""title"": ""Dragon Ball x Death Note - Dragon Note (Doujinshi)""}, {""id"": ""56ece047-ee16-4f20-975c-0f8e177a3a8f"", ""relation"": ""doujinshi"", ""title"": ""Dragon Ball - Daihattari Engei Taishou! (Doujinshi)""}, {""id"": ""57fbb54d-0750-48cc-aeb8-5b227d69b78b"", ""relation"": ""doujinshi"", ""title"": ""Dragon Ball Alternative""}, {""id"": ""5af8e85e-0259-4238-9353-5d20bc685e7d"", ""relation"": ""doujinshi"", ""title"": ""Dragon Ball - Tien-san no Ohanashi (Doujinshi)""}, {""id"": ""604e7bd9-4c3d-4ac5-aef7-ba81641814ed"", ""relation"": ""doujinshi"", ""title"": ""Dragon Ball - V-17 T-17 (Doujinshi)""}, {""id"": ""60bfc1f5-928d-4bd8-9864-f848dccee4b2"", ""relation"": ""doujinshi"", ""title"": ""Dragon Ball - Dragon Ball K (Doujinshi)""}, {""id"": ""625156ef-36c0-4432-babf-a2ee57194442"", ""relation"": ""doujinshi"", ""title"": ""Super DB - Dragon Ball AF Magazine""}, {""id"": ""6afa79c1-3f42-43ba-9914-80dcbc6031b0"", ""relation"": ""doujinshi"", ""title"": ""Dragon Ball Z- Break Time (Doujinshi)""}, {""id"": ""6c6236b0-0fd7-4926-8a1a-cc346a6627e3"", ""relation"": ""spin_off"", ""title"": ""Dragon Ball X One Piece - Cross Epoch""}, {""id"": ""6caa968a-3240-4104-9f6d-b8b1438ca94c"", ""relation"": ""doujinshi"", ""title"": ""Dragon Ball Fusions: The Manga""}, {""id"": ""7099ade3-fa6e-4258-874b-2e40f34b952c"", ""relation"": ""doujinshi"", ""title"": ""Dr. Slump - Mr. Cell""}, {""id"": ""714688cd-6436-4ce9-8d86-d5800018f7f4"", ""relation"": ""doujinshi"", ""title"": ""Dragon Ball - Awfully (Doujinshi)""}, {""id"": ""71d71ebb-fbbe-4387-ab60-dae8538c31db"", ""relation"": ""doujinshi"", ""title"": ""Dragon Ball Z - Android 18 & Master Roshi (Doujinshi)""}, {""id"": ""73f7b54d-8ddd-4ae2-9e65-0113a41d074b"", ""relation"": ""side_story"", ""title"": ""Dragon Ball Z TV Special Jump Anime Comics""}, {""id"": ""756abe04-99a8-42cf-bed3-933bd81c086f"", ""relation"": ""spin_off"", ""title"": ""Oh!! New Gadget Super Lovers""}, {""id"": ""76696c15-f546-46b7-b6a8-57c28af358c4"", ""relation"": ""doujinshi"", ""title"": ""Dragon Ball - Dragon Ball Rebirth (Doujinshi)""}, {""id"": ""76f01ba0-31a1-4e6b-99f7-2f20a621ffde"", ""relation"": ""doujinshi"", ""title"": ""Dragonball Z - Taihen Desu Gohan San Onnanoko Ni Nacchai Mashita. (Doujinshi)""}, {""id"": ""7d34c0b9-c3ed-44a5-8723-6a15cccf2266"", ""relation"": ""doujinshi"", ""title"": null}, {""id"": ""7e52445d-ea1e-4fc9-90ec-1120c49fddcd"", ""relation"": ""doujinshi"", ""title"": ""DB X Saitama""}, {""id"": ""8145f3de-efb1-42ba-973d-f248d6665402"", ""relation"": ""doujinshi"", ""title"": ""Dragon Ball - New Hope""}, {""id"": ""8598ba0c-736f-483e-a2b2-01274195acca"", ""relation"": ""doujinshi"", ""title"": ""Dragon Ball - Gossips (Doujinshi)""}, {""id"": ""8639253c-e1ab-4b4d-9840-293a623ccd2b"", ""relation"": ""doujinshi"", ""title"": ""Dragon Ball Z - Bulma to Trunks no Himitsu (Doujinshi)""}, {""id"": ""86eeaf33-4528-4305-9d52-c0acbe517dfb"", ""relation"": ""doujinshi"", ""title"": ""Dragon Ball Landfall""}, {""id"": ""88639d6e-f6d0-498e-b409-ca1c31bcb03f"", ""relation"": ""sequel"", ""title"": ""Dragon Ball LE (Doujinshi)""}, {""id"": ""89f4150c-1c23-406c-a76c-a82dd3f55709"", ""relation"": ""doujinshi"", ""title"": ""Collab Dragon""}, {""id"": ""8a0715ad-4e97-4ce0-baa7-c57b4a95ca80"", ""relation"": ""doujinshi"", ""title"": ""Dragon Ball - Muimi na Kiiro (Doujinshi)""}, {""id"": ""8a5cc053-7cd2-4dfe-a92a-5241e759413b"", ""relation"": ""doujinshi"", ""title"": ""Dragon Ball - Unguarded (Doujinshi)""}, {""id"": ""8bfd7fe9-d624-4b8a-a7f0-a00eff36e999"", ""relation"": ""based_on"", ""title"": null}, {""id"": ""8cbf958a-4347-4e57-9be9-650c36f2bf99"", ""relation"": ""doujinshi"", ""title"": ""All-Star Saiyaman""}, {""id"": ""8dc1675c-fc40-48d9-b776-ca1ac5e66fc1"", ""relation"": ""prequel"", ""title"": ""Dragon Ball - Episode of Bardock""}, {""id"": ""8ddc80c4-1e38-446a-a3ef-ef17012aea75"", ""relation"": ""sequel"", ""title"": ""Dragon Ball Super (Fan Colored)""}, {""id"": ""8f8c4f0e-93f5-433e-ba13-017746b485ec"", ""relation"": ""doujinshi"", ""title"": ""Jump All Stars Battle (Doujinshi)""}, {""id"": ""90f87837-08d5-4183-a08c-0759437e0e73"", ""relation"": ""side_story"", ""title"": ""Dragon Ball Z: The History of Trunks Anime Comic""}, {""id"": ""910322de-9eba-41cb-aa04-bbbd9eeaac83"", ""relation"": ""doujinshi"", ""title"": ""Dragon Ball AF""}, {""id"": ""96d284b6-6cb6-4c0d-a061-891d4775f3aa"", ""relation"": ""doujinshi"", ""title"": ""DB Power Level 69""}, {""id"": ""985e4ae6-7a36-42c5-ae12-f4291c58798c"", ""relation"": ""shared_universe"", ""title"": ""Dr. Slump""}, {""id"": ""9f500b3a-89af-4cf3-8993-fb8845dfdade"", ""relation"": ""alternate_story"", ""title"": ""321y""}, {""id"": ""a07921a0-cd13-4069-8a83-a884d01b4137"", ""relation"": ""doujinshi"", ""title"": ""Dragon Ball Z - Mister Pocolo""}, {""id"": ""a14176d9-9832-43d2-b98a-f16fa4e82021"", ""relation"": ""doujinshi"", ""title"": ""Jump Super Stars""}, {""id"": ""a4d0699d-8ebe-4727-b3b3-ba37000eba95"", ""relation"": ""doujinshi"", ""title"": ""Dragon Ball Alt""}, {""id"": ""a4ef87ea-25c8-43a4-a531-2f2b53e946de"", ""relation"": ""doujinshi"", ""title"": ""Dragon Ball Reboot (Doujinshi)""}, {""id"": ""a5625389-a3b9-47b8-be89-0835e1d7b902"", ""relation"": ""doujinshi"", ""title"": ""Dragon Ball - Kaerimichi wo Nakushite (Doujinshi)""}, {""id"": ""a5d7cce7-87d6-4cc5-a5ea-ef1b3ea01b48"", ""relation"": ""doujinshi"", ""title"": ""Dragon Ball - Eternal Puzzle (Doujinshi)""}, {""id"": ""ac88ad5d-db2d-49fa-9b27-5e16075feac0"", ""relation"": ""alternate_story"", ""title"": ""Dragon ball An Earth without Goku""}, {""id"": ""accc57e4-89b9-4f8a-bceb-97f91491b8d1"", ""relation"": ""doujinshi"", ""title"": ""Dragon Ball - A Dream From The World (Doujinshi)""}, {""id"": ""b1390a8c-5314-4c77-bb20-427383016b29"", ""relation"": ""doujinshi"", ""title"": ""Dragon Ball - Die (Doujinshi)""}, {""id"": ""b287789d-00c3-460c-aba6-9e9ee0871d40"", ""relation"": ""doujinshi"", ""title"": ""CHANGE""}, {""id"": ""b34fd04a-eadb-4462-8d97-94980083ed25"", ""relation"": ""alternate_story"", ""title"": ""Dragon Ball SD""}, {""id"": ""b41ea773-c8e1-4c60-a897-4c240870b5e9"", ""relation"": ""doujinshi"", ""title"": ""Dragon Ball - The Drop of Moonlight (Doujinshi)""}, {""id"": ""b4efc0b5-50a7-42c0-ad17-c5aacf971a9f"", ""relation"": ""doujinshi"", ""title"": ""Dragon Ball - Ripple (Doujinshi)""}, {""id"": ""b75a0d42-ce8c-461e-8e00-3a4863511ec3"", ""relation"": ""doujinshi"", ""title"": ""Shin Dragon Ball After""}, {""id"": ""b8764e97-5ab0-47be-bd92-7f990425e376"", ""relation"": ""side_story"", ""title"": ""Dragon Ball - The Spirit Of Trunks (Doujinshi)""}, {""id"": ""b953f618-099f-4027-b867-e5861748b422"", ""relation"": ""doujinshi"", ""title"": ""Dragon Ball - PLEASURE (Doujinshi)""}, {""id"": ""ba3a11af-2def-4ef1-85d4-0968f77a4e15"", ""relation"": ""doujinshi"", ""title"": ""Dragon Ball - REVELATIONS (Doujinshi)""}, {""id"": ""ba4e50be-4e54-435d-8908-8b65f3db4cfa"", ""relation"": ""shared_universe"", ""title"": ""Katsura Akira""}, {""id"": ""bb62fae4-7a54-4e34-bea2-de69ed095851"", ""relation"": ""doujinshi"", ""title"": ""Super Vegeta Den""}, {""id"": ""bf5312c1-e5db-4b4e-b822-9c133ea96f4a"", ""relation"": ""sequel"", ""title"": ""Dragon Ball Z: Resurrection F""}, {""id"": ""bfabfb9e-376e-4523-b9e1-882a5ebf116f"", ""relation"": ""side_story"", ""title"": ""Dragon Ball Super: Yamoshi""}, {""id"": ""c1c6eaff-7b7b-4717-b823-a8b9a92837c0"", ""relation"": ""doujinshi"", ""title"": ""Dragon Fall""}, {""id"": ""c3be71c6-014a-4bca-ba10-5137ffed90a3"", ""relation"": ""doujinshi"", ""title"": ""Qī Lóngzhū GT""}, {""id"": ""c4fbf93f-d35f-4d5c-b1ed-3b4d85d3e0ff"", ""relation"": ""side_story"", ""title"": ""DRAGON BALL Gaiden: Tensei Shitara Yamcha Datta Ken""}, {""id"": ""c619f7c0-43db-44ca-93bc-bfe88d6408f2"", ""relation"": ""side_story"", ""title"": ""Vegeta Tales""}, {""id"": ""c62b73e5-0cfb-4aef-9425-60393477ab6c"", ""relation"": ""doujinshi"", ""title"": ""Dragon Ball Kakumei (Doujinshi)""}, {""id"": ""c69051b7-7b42-4cc3-a01e-09952037991d"", ""relation"": ""shared_universe"", ""title"": ""The Brief Return of Dr. Slump""}, {""id"": ""c691651f-a9ee-482b-b19b-b7d94bfcf2cf"", ""relation"": ""doujinshi"", ""title"": ""Dragon Ball Z - Tora Tora (Doujinshi)""}, {""id"": ""c97208ee-f1eb-4f56-bf94-000fdade5387"", ""relation"": ""doujinshi"", ""title"": ""Dragon Ball - Voice (Doujinshi)""}, {""id"": ""ca680e09-960f-48f7-9a33-e9fe706157f0"", ""relation"": ""spin_off"", ""title"": ""Chou Kochikame""}, {""id"": ""caac63d5-8269-4ad5-8939-e4bde6a570ab"", ""relation"": ""doujinshi"", ""title"": ""Dragon Ball Beyond""}, {""id"": ""cac540f6-065f-400d-9108-6feb63441be4"", ""relation"": ""doujinshi"", ""title"": ""Dragon Ball EB""}, {""id"": ""d22cf103-18fa-4fb0-bc2c-75695895c74b"", ""relation"": ""prequel"", ""title"": ""Jaco the Galactic Patrolman""}, {""id"": ""d3b8e256-7884-4d65-8269-c090d9be14aa"", ""relation"": ""doujinshi"", ""title"": ""Dragon Ball Super Divers -Let's! Super Dive!!-""}, {""id"": ""d3fe8d6a-ee0b-49a4-8d0a-74ebded5acf0"", ""relation"": ""doujinshi"", ""title"": ""Dragon Ball - The Monkey Prince (Doujinshi)""}, {""id"": ""d4ad9513-115e-477f-b366-d27b440261b2"", ""relation"": ""doujinshi"", ""title"": ""Dragon Ball AF (Young Jijii)""}, {""id"": ""d4ed9073-729f-4e0a-983f-13e13e95c089"", ""relation"": ""doujinshi"", ""title"": ""Dragonball Unmei""}, {""id"": ""d598d4ef-ef0e-4b69-8099-9dad0ad34e1f"", ""relation"": ""doujinshi"", ""title"": ""Sonogo no Trunks the Story""}, {""id"": ""d6115bd7-a0b5-4a37-96b3-0a4d1cd3f9a4"", ""relation"": ""side_story"", ""title"": ""Dragon Ball Z - Elsewhere (Doujinshi)""}, {""id"": ""d71ebb4f-12e2-4445-97df-a1a4126a3ce1"", ""relation"": ""doujinshi"", ""title"": ""DBSP Tiger☆Road""}, {""id"": ""d8b55050-314a-4b06-8a3a-a37180512edf"", ""relation"": ""spin_off"", ""title"": ""Dragon Ball: Yo! Son Goku and His Friends Return!!""}, {""id"": ""dde403b1-97e5-42a9-9f66-a76a124365fa"", ""relation"": ""side_story"", ""title"": ""Namekseijin Densetsu""}, {""id"": ""df74e9cd-6c50-4865-b075-690723225443"", ""relation"": ""doujinshi"", ""title"": ""Dragonball Z - Soshite Boku Wa Sono Suisen Ni Miirareta. (Doujinshi)""}, {""id"": ""e0d3f82d-ecad-40d3-bffd-5caa6b15b831"", ""relation"": ""doujinshi"", ""title"": ""Dragon Ball AF (Toyotarou)""}, {""id"": ""e1747e77-8e8a-4e87-ac10-4e2ef0c58909"", ""relation"": ""doujinshi"", ""title"": ""Dragon Ball - Time Limit (Doujinshi)""}, {""id"": ""e195d850-1401-4318-8caa-6d8afc6db922"", ""relation"": ""doujinshi"", ""title"": ""Dragon Ball - Happy Christmas (Doujinshi)""}, {""id"": ""e4c308dd-e899-4ab9-9ea8-018d61d4ee7f"", ""relation"": ""doujinshi"", ""title"": ""Dragonball Z Ascension""}, {""id"": ""e4cb5bdf-cbc8-41f1-b4ba-b51cd93d2517"", ""relation"": ""doujinshi"", ""title"": ""Dragon Ball Super - Android 18 NTR (Doujinshi)""}, {""id"": ""e5844e1e-128b-4b85-9757-b3988b4a3e71"", ""relation"": ""sequel"", ""title"": ""Dragon Ball GT (2025)""}, {""id"": ""e8136b4f-b3bb-42fc-9102-35bea007be80"", ""relation"": ""spin_off"", ""title"": ""Dragon Ball Super Divers""}, {""id"": ""e8f801a0-cc7b-4c42-8092-f7ee96a23353"", ""relation"": ""doujinshi"", ""title"": ""Dragon Ball Sai""}, {""id"": ""e8fe60ba-e1e5-4382-94de-57c3ea9096fe"", ""relation"": ""doujinshi"", ""title"": ""Dragon Ball AF (Tablos) (Doujinshi)""}, {""id"": ""efc921e4-4c3c-45a1-9f83-62040a612c03"", ""relation"": ""doujinshi"", ""title"": ""Head Cha La""}, {""id"": ""f48e9dc6-354d-45fb-a26f-cb14fa91f0c6"", ""relation"": ""alternate_story"", ""title"": ""Journey to the West (Variety Art Works)""}, {""id"": ""f7cf36a7-31d9-4bd7-8701-7643b01afcc8"", ""relation"": ""spin_off"", ""title"": ""Despo FighterZ""}, {""id"": ""fb52d939-523d-4894-8ae7-3e6f73237df0"", ""relation"": ""doujinshi"", ""title"": ""Super DBAF""}, {""id"": ""fcae8a53-f7a5-401e-a4dc-5a2a8bb02566"", ""relation"": ""sequel"", ""title"": ""Dragon Ball Multiverse (Doujinshi)""}, {""id"": ""ff291748-658f-4fb8-9997-e20aba9190b1"", ""relation"": ""doujinshi"", ""title"": ""Dragon Ball - NICE! (Doujinshi)""}]"
300,6f2b317e-17ff-491a-8f61-e6e591ae2df2,Akanabe-sensei wa Tereshirazu,Akanabe-sensei Doesn't Know About Embarrassment,Naoya Tajimi,Naoya Tajimi,Romance; Comedy; Slice of Life,shounen,ongoing,2023.0,suggestive,ja,70410,9.2063,9.183452504900133,33,0,[]
301,7c0dbcc2-f990-4d15-b084-4853050f02d3,After-school Hanako-kun,After-school Hanako-kun,AidaIro,AidaIro,Ghosts; Romance; Comedy; Magic; School Life; Slice of Life; Supernatural; Mystery,shounen,hiatus,2018.0,safe,ja,7680,9.3555,9.18338220724031,24,1,"[{""id"": ""a4b39b6e-a448-4644-a540-64ceff1d8305"", ""relation"": ""adapted_from"", ""title"": ""Jibaku Shounen: Hanako-kun""}]"
302,cbf174ca-af25-4410-82fa-498a6df9ad3c,BE BLUES ~Ao ni Nare~,Be Blues!,Tanaka Motoyuki,Tanaka Motoyuki,Award Winning; Sports; Drama; School Life; Slice of Life,shounen,completed,2011.0,safe,ja,9537,9.2825,9.18254013616796,199,0,[]
303,7b88e8d3-d2a9-4fe8-be55-44ccfbd8f700,Onanie Master Kurosawa,Onani Master Kurosawa,Ise Katsura,Yokota Takuma,Psychological; Romance; Comedy; Drama; School Life; Slice of Life; Tragedy,seinen,completed,2006.0,suggestive,ja,28920,9.196,9.181963989474653,258,0,[]
304,c52565c9-d99a-4380-9dc8-67369d448eb7,Mahou Shoujo Madoka☆Magica,Mahou Shoujo Madoka☆Magica,Magica Quartet,Hanokage,Action; Psychological; Magical Girls; Drama; Horror; Fantasy; Supernatural; Mystery; Adaptation; Tragedy,,completed,2011.0,safe,ja,5307,9.3315,9.180931521374262,8,126,"[{""id"": ""00b82a54-2faf-44d7-a5a2-2ac80e516851"", ""relation"": ""doujinshi"", ""title"": ""Mahou Shoujo Madoka★Magica - RKGKMDK (Doujinshi)""}, {""id"": ""01e718a8-6eb8-4017-83d6-7767e1e5b9f2"", ""relation"": ""doujinshi"", ""title"": ""Mahou Shoujo Madoka Magica - Tekitai Sisters! (Doujinshi)""}, {""id"": ""020dc431-58d2-4a31-9221-b26b2dce149d"", ""relation"": ""sequel"", ""title"": ""Gekijouban Madoka☆Magica: \""Shinpen\"" Hangyaku no Monogatari""}, {""id"": ""02f05f8c-3beb-4a63-bccb-9d47a563005e"", ""relation"": ""spin_off"", ""title"": ""Madoka☆Engawa""}, {""id"": ""04b1454d-68cb-435d-b439-73c2a7c37361"", ""relation"": ""doujinshi"", ""title"": ""Mahou Shoujo Madoka★Magica - Sayaka-chan Hyper Battle Fanbook (Doujinshi)""}, {""id"": ""07329fdd-2ca6-4911-9e35-36ef28dfd814"", ""relation"": ""doujinshi"", ""title"": ""Mahou Shoujo Madoka★Magica - MHholic (Doujinshi)""}, {""id"": ""09606980-8ffa-4bda-8d82-7ef7f4ef1fd4"", ""relation"": ""doujinshi"", ""title"": ""Mahou Shoujo Madoka★Magica - Binetsu Kiss (Doujinshi)""}, {""id"": ""0cec13bc-db01-4f8a-b79b-272388a0840e"", ""relation"": ""spin_off"", ""title"": ""FM Kamihama Holy Radio Station - Mahou Shoujo Madoka Magica side story Magia Record""}, {""id"": ""10191689-4fa8-4330-93c8-a52979e654f1"", ""relation"": ""doujinshi"", ""title"": ""Mahou Shoujo Madoka★Magica - Untitled (Doujinshi)""}, {""id"": ""10746a20-2f0d-4608-9c7b-2f6991833806"", ""relation"": ""doujinshi"", ""title"": ""Mahou Shoujo Madoka★Magica - Koe wo Kiite Tewotsunaide (Doujinshi)""}, {""id"": ""10f06083-7a98-4e3a-a62e-85b7517ec619"", ""relation"": ""doujinshi"", ""title"": ""Mahou Shoujo Madoka★Magica - Madoka-nai Position Arasoi (Doujinshi)""}, {""id"": ""12cbae4d-c79d-4598-a715-7433360e3143"", ""relation"": ""spin_off"", ""title"": ""Mitakihara☆Anti-Materials""}, {""id"": ""18c41d02-408a-4a84-9aba-713eb3269376"", ""relation"": ""doujinshi"", ""title"": ""bou (Doujinshi)""}, {""id"": ""1a5e7c73-e707-4e4b-879e-a3da39ab2e6d"", ""relation"": ""sequel"", ""title"": ""Mahou Shoujo Madoka☆Magica: Majuu-hen""}, {""id"": ""1a75bbe9-dd49-4fb6-a636-6b31fe312bb9"", ""relation"": ""doujinshi"", ""title"": ""Mahou Shoujo Madoka★Magica - Hima wo Moteamashita Kami no Otsuge (Doujinshi)""}, {""id"": ""1c266490-fdca-4908-80ff-0f546f359753"", ""relation"": ""doujinshi"", ""title"": null}, {""id"": ""1c5e71e4-f87a-4a31-9663-e6610bb0ef0f"", ""relation"": ""doujinshi"", ""title"": null}, {""id"": ""1f952cb2-6b5d-4a0a-b278-8378a55a38a5"", ""relation"": ""doujinshi"", ""title"": ""Mahou Shoujo Madoka★Magica - Maguro Homura (Doujinshi)""}, {""id"": ""234594da-6a53-4867-ad34-dbdd12abc3e9"", ""relation"": ""doujinshi"", ""title"": ""Anata wa Daare. (Puella Magi Madoka Magica)""}, {""id"": ""248a45e6-cfcf-499b-95dd-03055e10267a"", ""relation"": ""doujinshi"", ""title"": ""Mahou Shoujo Madoka★Magica - Be With You (Doujinshi)""}, {""id"": ""2bbb89e0-eaca-4833-8dc6-162e115cd5ff"", ""relation"": ""doujinshi"", ""title"": ""Mahou Shoujo Madoka★Magica - Silent Night (Doujinshi)""}, {""id"": ""2bef27db-327b-4d92-b4d2-18ee20f11821"", ""relation"": ""shared_universe"", ""title"": ""Mahou Shoujo Tart☆Magica: The Legend of “Jeanne d’Arc”""}, {""id"": ""32599cc1-36dd-4a1b-9140-f0d5caa44d15"", ""relation"": ""doujinshi"", ""title"": ""Mahou Shoujo Madoka★Magica - Saya-Kyou (Doujinshi)""}, {""id"": ""33777ca8-d0f7-40bc-a761-96f427e8c0b6"", ""relation"": ""doujinshi"", ""title"": null}, {""id"": ""3968c621-a381-4049-8f66-356036620055"", ""relation"": ""doujinshi"", ""title"": ""Mahou Shoujo Madoka★Magica - Chikara Awaseru 200-man (Doujinshi)""}, {""id"": ""3b943939-acf8-415f-853a-824b8f50fcc6"", ""relation"": ""shared_universe"", ""title"": ""Mahou Shoujo Kazumi☆Magica: The Innocent Malice""}, {""id"": ""3d8f809d-1a5b-43d9-a321-4a2972d81053"", ""relation"": ""spin_off"", ""title"": ""Egao to Obake to Tansan Inryou.""}, {""id"": ""3fe8ead8-34a3-48ad-8789-0e6c07fb7d05"", ""relation"": ""doujinshi"", ""title"": ""Mahou Shoujo Madoka★Magica - Maigo no Maigo no Kingyo Hanabi. (Doujinshi)""}, {""id"": ""41048a91-8449-4a1d-8663-0d2f23753184"", ""relation"": ""doujinshi"", ""title"": ""Mahou Shoujo Madoka★Magica - SayaKawa (Doujinshi)""}, {""id"": ""439571f6-b22b-4c1a-871b-85a33fcf480d"", ""relation"": ""doujinshi"", ""title"": ""Mahou Shoujo Madoka★Magica - Okutabito (Doujinshi)""}, {""id"": ""46ed61e6-442b-43d6-88b5-36afb621c5fe"", ""relation"": ""doujinshi"", ""title"": ""Mahou Shoujo Madoka★Magica - Madoka! Madoka! Kaname-san! (Doujinshi)""}, {""id"": ""4956f6e8-760c-45c9-a7b4-9499dc9da342"", ""relation"": ""doujinshi"", ""title"": ""Mahou Shoujo Madoka★Magica - Koisuru Koto Shika Dekinai Mitai ni. (Doujinshi)""}, {""id"": ""4acc9ad4-4a69-482e-b752-6065b43f6908"", ""relation"": ""doujinshi"", ""title"": ""The Mamidolm@ster""}, {""id"": ""4b552d72-d3f5-4163-854e-b7fbb368799e"", ""relation"": ""doujinshi"", ""title"": ""Mahou Shoujo Madoka★Magica - Kyouko to Asobo!! (Doujinshi)""}, {""id"": ""4bac4db1-7bed-41f6-8e2e-5b1a199b44c8"", ""relation"": ""doujinshi"", ""title"": ""Mahou Shoujo Madoka★Magica - Homu Homu Homu (Doujinshi)""}, {""id"": ""4bba0fc8-cf09-4d07-a61c-23525ed62592"", ""relation"": ""doujinshi"", ""title"": ""Puella Magi Madoka☆Magica - Anata ga Mahou Shoujo ni Naru to Iunode... (Doujinshi)""}, {""id"": ""4bd1d6f8-384a-4caf-9dee-02c191e0d1f4"", ""relation"": ""doujinshi"", ""title"": ""Mahou Shoujo Madoka★Magica - Ame Futte Baka ni Arigatou. (Doujinshi)""}, {""id"": ""5421b195-3827-447b-acff-f82c65f91a05"", ""relation"": ""doujinshi"", ""title"": ""Mahou Shoujo Madoka★Magica - Yellow x 2 Happy (Doujinshi)""}, {""id"": ""5525348f-9b16-46d8-901d-c187a8791348"", ""relation"": ""doujinshi"", ""title"": ""Mahou Shoujo Madoka★Magica - Kami-sama no Yuuutsu (Doujinshi)""}, {""id"": ""57e9a74e-759d-43d6-8ba6-0f1d94bceab0"", ""relation"": ""doujinshi"", ""title"": ""Mahou Shoujo Madoka★Magica - Kyou to Kawaranu Sonokoro wa... (Doujinshi)""}, {""id"": ""590e4edb-c0a7-417f-8ae9-5c7ccbb60bb5"", ""relation"": ""doujinshi"", ""title"": null}, {""id"": ""5c61ac64-c412-49a2-8c63-54124e51df62"", ""relation"": ""doujinshi"", ""title"": ""Mahou Shoujo Madoka★Magica - Concept of Dream (Doujinshi)""}, {""id"": ""5e01ae63-c739-47fe-b0df-00e86bec9ecf"", ""relation"": ""doujinshi"", ""title"": ""Mahou Shoujo Madoka★Magica - Hana no Aru, Aru Hi. (Doujinshi)""}, {""id"": ""6112f08f-468a-4611-acb0-d731502eaadb"", ""relation"": ""doujinshi"", ""title"": null}, {""id"": ""6291c99e-3e98-46bc-a14c-ce274782f77f"", ""relation"": ""spin_off"", ""title"": ""Mahou Shoujobu Madoka Magica""}, {""id"": ""62c708d5-1375-42ab-96a6-1a07046079e1"", ""relation"": ""doujinshi"", ""title"": ""Mahou Shoujo Madoka★Magica - Omake Hon (Doujinshi)""}, {""id"": ""62d3f1f5-1507-4010-a95a-c432cfb378a6"", ""relation"": ""spin_off"", ""title"": ""Café☆Griefseed e Youkoso!""}, {""id"": ""6376166b-fa83-4ac3-bf62-b175b0591198"", ""relation"": ""doujinshi"", ""title"": ""Lovely Girls’ Lily""}, {""id"": ""65daadae-21b0-4bba-805d-675677df481f"", ""relation"": ""doujinshi"", ""title"": ""Mahou Shoujo Madoka★Magica - Tsure ga Neko ni Narimashite. (Doujinshi)""}, {""id"": ""6842308b-91f7-4bcc-bae0-c29c64bdfc31"", ""relation"": ""doujinshi"", ""title"": ""Mahou Shoujo Madoka★Magica - Mami-san no Mahou (Doujinshi)""}, {""id"": ""693b08f3-978d-4d58-8c65-a80ae57b6448"", ""relation"": ""doujinshi"", ""title"": ""Mahou Shoujo Madoka★Magica - Kore wa Double Date desu ka? (Doujinshi)""}, {""id"": ""6bfbdbb4-38d1-4b91-a046-ef4624342e52"", ""relation"": ""spin_off"", ""title"": ""Mahou Shoujo Homura☆Tamura: Heikou Sekai ga Itsumo Heikou de Aru to wa Kagiranai no da.""}, {""id"": ""6c275f38-8abb-4367-b4e0-75d1b41f7194"", ""relation"": ""doujinshi"", ""title"": ""Mahou Shoujo Madoka★Magica - Rena’s Shenanigans! (Doujinshi)""}, {""id"": ""6ece49d1-6670-4ed8-90a8-1bce39cf3a55"", ""relation"": ""doujinshi"", ""title"": ""Mahou Shoujo Madoka★Magica - Kiss no Hi KyouSaya (Doujinshi)""}, {""id"": ""70fdc75c-b208-4f69-9c14-a30c0908a7e1"", ""relation"": ""doujinshi"", ""title"": ""Mahou Shoujo Madoka★Magica - SUMMER CARNIVAL (Doujinshi)""}, {""id"": ""71d8b8c6-ca0b-4207-a3b4-0945b69fcacb"", ""relation"": ""doujinshi"", ""title"": ""Mahou Shoujo Madoka Magica - Nakushita Mirai, Mitsuke da yo. (Doujinshi)""}, {""id"": ""7214d12a-ea27-4532-83d2-72ab5b5f2fb3"", ""relation"": ""doujinshi"", ""title"": ""Mahou Shoujo Madoka★Magica - Majokano (Doujinshi)""}, {""id"": ""7303f286-3767-40b5-907b-2f3ea8ce38d3"", ""relation"": ""doujinshi"", ""title"": ""Mahou Shoujo Madoka★Magica - Mami-san Is Alive (Doujinshi)""}, {""id"": ""756a7569-a50c-46d7-a072-c2f47ca8b601"", ""relation"": ""doujinshi"", ""title"": ""Dakara watashi wa sore o negai tatakau""}, {""id"": ""76e73372-135b-49b5-b5e2-f6a1e9996e42"", ""relation"": ""doujinshi"", ""title"": ""Mahou Shoujo Madoka★Magica - Kore wa Date desu ka?(Doujinshi)""}, {""id"": ""7e4dc067-7871-4951-bc0d-028f053c2918"", ""relation"": ""doujinshi"", ""title"": null}, {""id"": ""7e6a63be-7a25-4d7c-bdde-bbcbe8a7a406"", ""relation"": ""based_on"", ""title"": ""Summer Memories""}, {""id"": ""80e0ec93-2967-43e0-8f6a-070eff64aa29"", ""relation"": ""doujinshi"", ""title"": null}, {""id"": ""84530ac5-91a8-4942-aeba-6d54b6a48997"", ""relation"": ""spin_off"", ""title"": ""Manga Time Kirara☆Magica""}, {""id"": ""88a699cb-81ee-4ae9-a27b-d307e56eef42"", ""relation"": ""doujinshi"", ""title"": ""Mahou Shoujo Madoka★Magica - Mubou Shoujo Sayaka Sowaka (Doujinshi)""}, {""id"": ""88c95df0-013d-40ba-8b98-3c353a96ed65"", ""relation"": ""doujinshi"", ""title"": ""Mahou Shoujo Madoka★Magica - Kyou kara Hajimaru Honto no Kimochi (Doujinshi)""}, {""id"": ""88f30588-a88c-4934-8274-79eb1851d569"", ""relation"": ""spin_off"", ""title"": ""Magia Record - Mahou Shoujo Madoka☆Magica Gaiden""}, {""id"": ""89ee3490-4982-4e40-bcb0-7b5fd06d5fde"", ""relation"": ""doujinshi"", ""title"": ""Mahou Shoujo Madoka★Magica - Leave It To You (Doujinshi)""}, {""id"": ""8f4e108a-ea97-47c0-b32c-db7dbd783eb1"", ""relation"": ""doujinshi"", ""title"": ""Mahou Shoujo Madoka★Magica - Warm World (Doujinshi)""}, {""id"": ""8fa091c3-6c55-41a2-a5c0-69300b8ae68d"", ""relation"": ""doujinshi"", ""title"": ""Mahou Shoujo Madoka★Magica - Kirakira (Doujinshi)""}, {""id"": ""8fa7aa20-b3e9-4308-9032-266efd24b506"", ""relation"": ""doujinshi"", ""title"": ""Mahou Shoujo Madoka★Magica - Lost Butterfly (Doujinshi)""}, {""id"": ""8fe901d6-6053-4f65-8866-26beafb6a302"", ""relation"": ""based_on"", ""title"": ""Mahou Shoujo Madoka Magica: The Power of Salvation""}, {""id"": ""91e8ad11-81ed-4ded-9f42-85484520eb16"", ""relation"": ""doujinshi"", ""title"": ""Mahou Shoujo Madoka★Magica - Trouble On The Beach (Doujinshi)""}, {""id"": ""95aca490-1e65-4c3b-a9aa-6d519f07251f"", ""relation"": ""doujinshi"", ""title"": ""Mahou Shoujo Madoka★Magica - MadoMagi☆Panic (Doujinshi)""}, {""id"": ""9f85c5fb-67d5-4925-9509-13d53bde4396"", ""relation"": ""doujinshi"", ""title"": ""Mahou Shoujo Madoka★Magica - Atashi datte Amaetai. (Doujinshi)""}, {""id"": ""a2540a54-279d-499e-841a-e5a357ae11b9"", ""relation"": ""doujinshi"", ""title"": ""Mahou Shoujo Madoka★Magica - Christmas Wish (Doujinshi)""}, {""id"": ""a67152ac-f9b4-4315-8ac9-3680521b9aca"", ""relation"": ""doujinshi"", ""title"": ""Mahou Shoujo Madoka★Magica - We Returned Alive 2 (Doujinshi)""}, {""id"": ""aa65cb56-6d44-4609-9ba5-97f2b171217e"", ""relation"": ""doujinshi"", ""title"": ""Mahou Shoujo Madoka★Magica - And That's the Dream Seen in That Split Second (Doujinshi)""}, {""id"": ""aa814d9b-516a-4c11-8c3a-8024573e35ed"", ""relation"": ""spin_off"", ""title"": ""Sutema!""}, {""id"": ""ac677042-0cf9-4788-9bde-e62565301d16"", ""relation"": ""doujinshi"", ""title"": ""Mahou Shoujo x Kamen Rider - Sayaka & Fourze: Mitakihara Taisen MAGIMIX (Doujinshi)""}, {""id"": ""ae853b9b-99dc-4c19-923f-96f160c452f1"", ""relation"": ""spin_off"", ""title"": ""Magia★Report""}, {""id"": ""b074bf6e-df28-491f-b911-3b6674fe9483"", ""relation"": ""doujinshi"", ""title"": ""Mahou Shoujo Madoka★Magica - Christmas and Turkey and Doner Kebab (Doujinshi)""}, {""id"": ""b22918be-5732-470a-836d-832c188005ad"", ""relation"": ""doujinshi"", ""title"": ""Mahou Shoujo Madoka★Magica - Closed Satellite (Doujinshi)""}, {""id"": ""b5e5a36c-9614-4257-974e-27f05c9e6fd2"", ""relation"": ""doujinshi"", ""title"": null}, {""id"": ""b62659e0-fb91-4cf1-a62f-c4e058f9917a"", ""relation"": ""shared_universe"", ""title"": ""Mahou Shoujo Suzune☆Magica""}, {""id"": ""b71b4664-3cc0-4d07-8ac2-ec4b2579bb6e"", ""relation"": ""doujinshi"", ""title"": null}, {""id"": ""b930b8d6-d389-4dd1-a74e-0f2c886e1a78"", ""relation"": ""doujinshi"", ""title"": ""Mahou Shoujo Madoka★Magica - Mou Zettai ni Hanasanai (Doujinshi)""}, {""id"": ""b96263ab-3149-4c94-935f-c51a08a9b69a"", ""relation"": ""doujinshi"", ""title"": ""Mahou Shoujo Madoka★Magica - Omaera Nakayoku Kenka shina (Doujinshi)""}, {""id"": ""bb6deed2-1db9-48cc-ae49-ae6004911b7d"", ""relation"": ""doujinshi"", ""title"": ""Mahou Shoujo Madoka★Magica - Tokenai no. (Doujinshi)""}, {""id"": ""be39ae8f-6a7f-43ce-9aa7-4cac6f4d86fb"", ""relation"": ""spin_off"", ""title"": ""Mahou Shoujo Madoka☆Magica - Anthology Comic""}, {""id"": ""c0f5f174-9d7c-4069-9732-50b5ff36024d"", ""relation"": ""doujinshi"", ""title"": ""Mahou Shoujo Madoka★Magica - AnAn SayaSaya (Doujinshi)""}, {""id"": ""c0fe79f0-659a-4ab4-8a27-89965ab7c530"", ""relation"": ""doujinshi"", ""title"": ""Mahou Shoujo Madoka★Magica - Amalthea (Doujinshi)""}, {""id"": ""c1b4b67b-f003-43de-a061-b5eecee18e42"", ""relation"": ""doujinshi"", ""title"": ""Mahou Shoujo Madoka★Magica - Konna MadoMagi wa Zettai ni Iya da (Doujinshi)""}, {""id"": ""c622486e-99aa-4ea1-a5cb-0d265d34ad3d"", ""relation"": ""doujinshi"", ""title"": ""Mahou Shoujo Madoka★Magica - Nanka Kyou wa Attsui ne (Doujinshi)""}, {""id"": ""c690c2fe-a0fc-4201-82ce-f880938fc97c"", ""relation"": ""alternate_story"", ""title"": ""Mahou Shoujo Oriko☆Magica""}, {""id"": ""c721577c-4447-49cc-a80f-555d778749ca"", ""relation"": ""doujinshi"", ""title"": ""Mahou Shoujo Madoka★Magica - Kokoro Awasete Okusenman (Doujinshi)""}, {""id"": ""c98793b3-e539-41c5-9f43-83eee83330b8"", ""relation"": ""doujinshi"", ""title"": ""Mahou Shoujo Madoka★Magica - Crybaby Devil (Doujinshi)""}, {""id"": ""cd7ebc1b-baa4-4641-a6e8-fd8515bdf1f6"", ""relation"": ""doujinshi"", ""title"": ""Mahou Shoujo Madoka★Magica - Anta Nanka Daikirai (Doujinshi)""}, {""id"": ""cefae2af-1a8c-437d-9336-529b448dfd4f"", ""relation"": ""alternate_story"", ""title"": ""Mahou Shoujo Madoka☆Magica: Homura Revenge!""}, {""id"": ""d0b54aef-4806-44e1-95ed-37e4491de2ae"", ""relation"": ""doujinshi"", ""title"": ""Jojo's Bizarre Adventure & Mahou Shoujo Madoka★Magica - Jojoka☆Magica (Doujinshi)""}, {""id"": ""d0c41383-9e8b-4e8f-9738-9b3118b0ad30"", ""relation"": ""doujinshi"", ""title"": ""Mahou Shoujo Madoka★Magica - Cherish (Doujinshi)""}, {""id"": ""d0ec4b7b-a985-4479-b4e0-c5138be01a22"", ""relation"": ""doujinshi"", ""title"": ""I don't want to be alone""}, {""id"": ""d1e8d6c7-a256-4cb4-8ae9-74411f3fc828"", ""relation"": ""doujinshi"", ""title"": ""Hokuto no Ken & Mahou Shoujo Madoka★Magica - Kenpou Shoujo Kubiha Bujica (Doujinshi)""}, {""id"": ""d58694f8-5067-4ac2-a671-cb3a1fee3e8c"", ""relation"": ""doujinshi"", ""title"": ""Mahou Shoujo Madoka★Magica - It's Already Too Late for KyouSaya (Doujinshi)""}, {""id"": ""d786501b-f01e-4134-83bb-2b8c75aab6b2"", ""relation"": ""spin_off"", ""title"": ""Tomoe Mami no Heibonna Nichijou""}, {""id"": ""d9176678-a7e6-44b2-8938-79efede126ed"", ""relation"": ""doujinshi"", ""title"": ""Mahou Shoujo Madoka★Magica - Watashi no Mahou wa Mirai Yochi (Doujinshi)""}, {""id"": ""d97c4a79-6356-4674-83c5-0deb257c01cd"", ""relation"": ""doujinshi"", ""title"": ""Mahou Shoujo Madoka★Magica - Haru no Kafun wa Mendokusai! (Doujinshi)""}, {""id"": ""dc27cd81-ba23-4bdf-a625-82f69dc4bb3a"", ""relation"": ""doujinshi"", ""title"": ""Mahou Shoujo Madoka★Magica - Sayaka 120% (Doujinshi)""}, {""id"": ""de1e9b15-dd6e-43cc-b10b-02dc7e45e627"", ""relation"": ""doujinshi"", ""title"": ""Mahou Shoujo Madoka★Magica - I'm sorry buddy. (Doujinshi)""}, {""id"": ""de4173bb-d4dc-4e8b-9c2e-fd53a13b0b7c"", ""relation"": ""doujinshi"", ""title"": ""Mahou Shoujo Madoka★Magica - La Dolce Vita (Doujinshi)""}, {""id"": ""df01a222-faeb-4952-84ac-d6040815e2dd"", ""relation"": ""doujinshi"", ""title"": ""Mahou Shoujo Madoka★Magica - Homukano (Doujinshi)""}, {""id"": ""e4add290-af7d-40a5-a228-5a16c12442b0"", ""relation"": ""spin_off"", ""title"": ""Mitakihara Youchien Mahou-gumi""}, {""id"": ""e60e67ff-8ea5-4a6e-8d31-4920a89d7c0a"", ""relation"": ""doujinshi"", ""title"": ""Mahou Shoujo Madoka★Magica - Sweet Cheese Memories (Doujinshi)""}, {""id"": ""e71dcc42-8190-40a8-bcb1-41b3493f94bf"", ""relation"": ""doujinshi"", ""title"": ""Mahou Shoujo Madoka★Magica -  Doko demo Chucchu Shiyou! Kabocha no Ouji to Butaigeki (Doujinshi)""}, {""id"": ""e7ba68e6-0e13-43c8-8c0c-17431ae5a911"", ""relation"": ""alternate_story"", ""title"": ""Mahou Shoujo Madoka☆Magica: The different story""}, {""id"": ""e7d3b56f-15c4-4ffb-9693-4199c5aade97"", ""relation"": ""doujinshi"", ""title"": ""Mahou Shoujo Madoka★Magica - Watashi no Te wa Ano Ko no Chi de Yogoreteiru (Doujinshi)""}, {""id"": ""e92a2c9a-0833-475b-9f91-44730734750c"", ""relation"": ""doujinshi"", ""title"": ""Mahou Shoujo Madoka★Magica - Madoka wa Watashi no! (Doujinshi)""}, {""id"": ""e9f52509-132a-4c1c-be46-33f480d13abd"", ""relation"": ""doujinshi"", ""title"": ""Mahou Shoujo Madoka★Magica - Tanoshiku Kawaiku Kodomorashiku. (Doujinshi)""}, {""id"": ""ed8a09e1-f228-4175-a2c1-885006ee9c19"", ""relation"": ""doujinshi"", ""title"": ""Mahou Shoujo Madoka★Magica - Happy Girl (Doujinshi)""}, {""id"": ""eed10872-e455-414f-b455-8e3c40c90c49"", ""relation"": ""doujinshi"", ""title"": null}, {""id"": ""ef7816b0-c60a-435d-b1a9-b2cf6feefc7e"", ""relation"": ""doujinshi"", ""title"": ""Mahou Shoujo Madoka Magica - Shiawase Handmade (Doujinshi)""}, {""id"": ""f4d960ee-b7ca-4898-8692-f5e560fb282e"", ""relation"": ""doujinshi"", ""title"": ""Mahou Shoujo Madoka★Magica - Sakura Miki 2M (Doujinshi)""}, {""id"": ""f5de29c5-8b6d-42a8-a3b2-fc518a8d9fb8"", ""relation"": ""spin_off"", ""title"": ""Akemi Homura wa Ashita kara Ganbaru!""}, {""id"": ""f7e85dee-903b-4887-b940-d5489bef55d0"", ""relation"": ""doujinshi"", ""title"": ""Mahou Shoujo Madoka★Magica - Kimi ga Wakaru kara (Doujinshi)""}, {""id"": ""f8654b24-933a-4441-8158-6d7bcc6ecf12"", ""relation"": ""doujinshi"", ""title"": ""Mahou Shoujo Madoka★Magica - Akemi Homura ga Tenkou Shitara Kaname Madoka ga Shindeita Hanashi (Doujinshi)""}, {""id"": ""fdf52f6e-8bae-4694-89a0-80b309a4aa57"", ""relation"": ""doujinshi"", ""title"": ""Mahou Shoujo Madoka★Magica - Homuhomu Night Mission (Doujinshi)""}]"
305,49650a04-d0d7-4526-b460-8203ae223586,Fight Class 3,Fight Class 3,2hakkk,2hakkk,Thriller; Action; Psychological; Comedy; Sports; Martial Arts; Philosophical; Drama; School Life; Web Comic; Slice of Life; Tragedy,,hiatus,2017.0,safe,ko,21267,9.2282,9.179490281406794,195,1,"[{""id"": ""55af61ae-3a3c-408f-acf9-ab5c285726e8"", ""relation"": ""shared_universe"", ""title"": ""Jjang""}]"
306,52fd5981-9010-402b-8745-b4b13cd7c6f1,hitoner (Pre-Serialization),Hitoner (Pre-Serialization),Yagi Tomohiro,Yagi Tomohiro,Oneshot; Sci-Fi; Animals; Comedy; Drama; Web Comic; Aliens,shounen,completed,2024.0,safe,ja,5745,9.257,9.178903984342277,38,1,"[{""id"": ""c4269649-f782-4bd8-acbd-e4a1b54c64b5"", ""relation"": ""doujinshi"", ""title"": ""hitoner - SECRET REPORT (Doujinshi)""}]"
307,04f2b88a-e167-410e-ac38-4fd4777f4e0f,Soulmate,Soulmate,Wenzhi Lizi (文枝栗子); Ke Ran Bing (可燃冰),Ke Ran Bing (可燃冰),Time Travel; Long Strip; Romance; Comedy; Office Workers; Girls' Love; Drama; School Life; Web Comic; Slice of Life; Supernatural; Full Color; Tragedy,,completed,2020.0,suggestive,zh,12823,9.2138,9.178414100950077,107,0,[]
308,643561e6-5c27-4382-95d3-8e84894a3fb6,Yamada-kun to Lv999 no Koi wo Suru,My Love Story with Yamada-kun at Lv999,Mashiro (msr7025),Mashiro (msr7025),Award Winning; Romance; Comedy; Video Games; Drama; Slice of Life,shoujo,hiatus,2018.0,suggestive,ja,81371,9.1963,9.17825372397405,252,0,[]
309,e171c073-4415-499b-85bc-ea93825127ac,Pluto,Pluto,Tezuka Osamu; Urasawa Naoki,Urasawa Naoki,Thriller; Award Winning; Sci-Fi; Action; Crime; Superhero; Military; Gore; Drama; Police; Mystery; Tragedy,seinen,completed,2004.0,safe,ja,16188,9.2296,9.177363867626777,27,1,"[{""id"": ""ca4c84bb-7272-45aa-a22d-dc1282b52372"", ""relation"": ""alternate_story"", ""title"": ""Astro Boy""}]"
310,f8c3f18c-d75b-4750-86f3-bbbc75fd2ea2,Jinrui wo Metsubou Sasete wa Ikemasen,Jinrui wo Metsubou Sasete wa Ikemasen,Takahata Kyuu,Kaba Yuuji,Comedy; Slice of Life; Aliens,seinen,completed,2020.0,suggestive,ja,13048,9.25,9.177076599990134,52,0,[]
311,a990c2a1-b54f-4f4f-986c-3cdab1c9f2f9,Jitsu wa Watashi wa,My Monster Secret,Masuda Eiji,Masuda Eiji,Time Travel; Demons; Romance; Comedy; School Life; Fantasy; Vampires; Monster Girls; Aliens; Supernatural,shounen,completed,2013.0,suggestive,ja,36283,9.2037,9.17669343094925,150,5,"[{""id"": ""157ab2cc-1fc7-4b29-8955-72d94a140982"", ""relation"": ""shared_universe"", ""title"": ""Kesa mo Yuraretemasu""}, {""id"": ""32bbfefa-8a58-462c-bc9e-e9dd3bd4c152"", ""relation"": ""shared_universe"", ""title"": ""Yumemigaoka Wonderland""}, {""id"": ""9d033cf5-e695-408a-8329-6e93b6f8dc86"", ""relation"": ""shared_universe"", ""title"": ""Shuukan Shounen Hachi""}, {""id"": ""edac4a9c-fbf5-4b4b-95d7-d343c5ac1fb6"", ""relation"": ""doujinshi"", ""title"": ""Jitsu Wa Watashi Wa - Suki da yo Youko-san! - Oh! Cool Beauty? (Doujinshi)""}, {""id"": ""f8d085b9-8a5f-4a1f-be1f-8686b132ded9"", ""relation"": ""shared_universe"", ""title"": ""Sakura Discord""}]"
312,40efa78d-d27a-4364-92ac-6d7af69a851b,The Boxer,The Boxer,Jeong Ji-Hoon,Jeong Ji-Hoon,Thriller; Award Winning; Action; Long Strip; Sports; Gore; Drama; Web Comic; Full Color,shounen,completed,2019.0,safe,ko,14419,9.2469,9.176286410631194,101,0,[]
313,ca702a1d-f7ef-43b7-baa0-e323dda4f6de,Baeu roseo Salgetda,To Be an Actor,Gogwang (고광(高光)); Kim Haema (김해마),2:00 (두시),Reincarnation; Long Strip; Drama; Fantasy; Full Color,,completed,2022.0,safe,ko,7396,9.3039,9.176251975549077,22,0,[]
314,a944aace-6f03-4298-b864-aee895acab28,Tsundere Akuyaku Reijou Liselotte to Jikkyou no Endo-kun to Kaisetsu no Kobayashi-san,Endo and Kobayashi Live! The Latest on Tsundere Villainess Lieselotte,Enoshima Suzu,Sakaki Rumiwo (逆木ルミヲ),Romance; Comedy; Video Games; Magic; Drama; School Life; Fantasy; Villainess; Adaptation,shoujo,cancelled,2019.0,safe,ja,60999,9.2021,9.175513300505793,405,1,"[{""id"": ""3b70ad1b-9034-430a-bd9a-395e332b0fa8"", ""relation"": ""alternate_version"", ""title"": ""Tsunrize ~Tsundere Akuyaku Reijou Liselotte to Jikkyou no Endo-kun to Kaisetsu no Kobayashi-san~""}]"
315,3fbeec9f-9c47-4565-8f79-972807c99279,Sengoku Youko,Warring States Youko,Mizukami Satoshi,Mizukami Satoshi,Historical; Action; Demons; Ghosts; Romance; Comedy; Samurai; Adventure; Drama; Fantasy; Supernatural,shounen,completed,2008.0,safe,ja,11581,9.2485,9.175211706977858,52,0,[]
316,fbf326f7-ccbd-4d54-bbad-852d76e46523,Cheolhyeolgeomga Sanyanggaeui Hoegwi,Revenge of the Baskerville Bloodhound,Seol Arang (설아랑); Step on a Lego (레고밟았어),Lee Sanchaek (이산책); REDICE Studio (레드아이스 스튜디오),Time Travel; Action; Long Strip; Adventure; Magic; Harem; Fantasy; Mystery; Adaptation; Full Color,,ongoing,2023.0,safe,ko,38044,9.2075,9.174286847635369,45,0,[]
317,e97fdc93-21ec-47e0-b676-e45d67068932,Ase to Sekken,Ase to Sekken,Yamada Kintetsu,Yamada Kintetsu,Romance; Comedy; Office Workers; Slice of Life,seinen,completed,2018.0,suggestive,ja,45822,9.2004,9.174111885344889,289,2,"[{""id"": ""3b1e8a5f-39f5-45e2-8315-1f84a5217b28"", ""relation"": ""doujinshi"", ""title"": ""Ase to Sekken: Kodomo Tsukuru Hon""}, {""id"": ""8ad9a312-569f-46e4-be6c-a9a44cd397f4"", ""relation"": ""side_story"", ""title"": ""Yamada Kintetsu Tanpenshuu: Zengun Funtou!""}]"
318,005b7e3c-2927-45ae-87db-bb3aa04c65e0,Mage & Demon Queen,Mage & Demon Queen,Color_LES,Color_LES,Long Strip; Romance; Comedy; Adventure; Girls' Love; Fantasy,,completed,2018.0,suggestive,en,13996,9.2298,9.172522926473047,56,0,[]
319,e5357466-c8a2-4259-9b02-2580185bd2bb,Billy Bat,Billy Bat,Urasawa Naoki; Nagasaki Takashi,Urasawa Naoki,Thriller; Award Winning; Sci-Fi; Historical; Psychological; Office Workers; Philosophical; Gore; Drama; Supernatural; Mystery; Tragedy,seinen,completed,2008.0,suggestive,ja,13238,9.2691,9.172298686784814,44,0,[]
320,52d4ad1e-d02c-4fef-81d6-1e758e699d31,Hatarakanai Futari,The Jobless Siblings,Yoshida Satoru,Yoshida Satoru,Comedy; Slice of Life,seinen,ongoing,2013.0,safe,ja,11656,9.2733,9.172294148132279,144,0,[]
321,a31e2583-0a30-47ca-8254-269a43262415,Fluttering Feelings,Fluttering Feelings,Ssamba,Ssamba,Long Strip; Girls' Love; Drama; School Life; Slice of Life; Full Color,,cancelled,2014.0,safe,ko,4358,9.2799,9.171232470640916,61,0,[]
322,52ce8aca-97b5-4f42-854b-0c386dea0746,Wakeari Shinrei Mansion,Welcome to Ghost Mansion,Nebukuro,Nebukuro,Action; Ghosts; Comedy; Delinquents; Monster Girls; Slice of Life; Supernatural,seinen,ongoing,2022.0,safe,ja,10287,9.3044,9.17099268330651,19,0,[]
323,aaedcbda-ea61-4e7b-8143-7a475f327fbf,Neon Genesis Evangelion,Neon Genesis Evangelion,Sadamoto Yoshiyuki; Gainax; Anno Hideaki; khara,Sadamoto Yoshiyuki,Thriller; Award Winning; Sci-Fi; Action; Psychological; Mecha; Post-Apocalyptic; Philosophical; Gore; Drama; Aliens; Mystery; Adaptation; Tragedy,shounen,completed,1994.0,suggestive,ja,11537,9.2672,9.170239242287703,22,60,"[{""id"": ""04dec31b-3451-475a-9bb5-06bb86e19002"", ""relation"": ""doujinshi"", ""title"": ""Neon Genesis Evangelion - Susumihajimeta Bokura no Jikan (Doujinshi)""}, {""id"": ""04f8edc0-911f-4a32-869a-e8cabb8683b1"", ""relation"": ""side_story"", ""title"": ""Neon Genesis Evangelion - Tenohira no Adolescense (Doujinshi)""}, {""id"": ""08660527-7f77-426d-b7ba-d06e8d9480ec"", ""relation"": ""spin_off"", ""title"": ""Neon Genesis Evangelion: The Legend of the Piko Piko Middle School Students""}, {""id"": ""0913220d-05d5-4a65-98e7-9f9a374647a0"", ""relation"": ""doujinshi"", ""title"": ""NONOYA Ryoujoku Sakuhinshuu (Doujinshi)""}, {""id"": ""1268e392-b7c0-4931-958e-b386af0b332e"", ""relation"": ""side_story"", ""title"": ""Neon Genesis Evangelion - Pridal Veil (Doujinshi)""}, {""id"": ""175d8daf-c9c6-46e2-a86d-b10b9f22fa11"", ""relation"": ""doujinshi"", ""title"": ""Neon Genesis Evangelion - Mauve (Doujinshi)""}, {""id"": ""1805a21a-5ea5-435c-9d0f-ab918a70a84a"", ""relation"": ""side_story"", ""title"": ""Neon Genesis Evangelion - Sonna ni Yasashiku Nadenai de (Doujinshi)""}, {""id"": ""18ccf2f8-1c65-4f75-934e-5a02e28a6eb5"", ""relation"": ""doujinshi"", ""title"": ""Neon Genesis Evangelion - Ayanami Tokka-Shiki (Doujinshi)""}, {""id"": ""1e769ff3-742c-4548-b9f2-2efbeff4f516"", ""relation"": ""spin_off"", ""title"": ""Neon Genesis Evangelion: The Shinji Ikari Raising Project""}, {""id"": ""21700f76-f3a2-4822-a5b8-62780e7b48c8"", ""relation"": ""doujinshi"", ""title"": ""Neon Genesis Evangelion - RE-TAKE Kai (Doujinshi)""}, {""id"": ""24249816-69e8-429e-a0a0-6ccd0c1eb677"", ""relation"": ""doujinshi"", ""title"": ""Neon Genesis Evangelion - Mode Hanten!? Ura Code The Beast! (Doujinshi)""}, {""id"": ""24919c6c-a4a2-43d2-9d3e-39453d2e872a"", ""relation"": ""doujinshi"", ""title"": ""Neon Genesis Evangelion - EVANKE ROYON (Doujinshi)""}, {""id"": ""2592e6ec-6610-4c39-86b3-0282f1c7825f"", ""relation"": ""side_story"", ""title"": ""Neon Genesis Evangelion - Shape of heart shape of love (Doujinshi)""}, {""id"": ""2de937da-7733-43d9-a2f6-a249a2ef0b93"", ""relation"": ""doujinshi"", ""title"": ""Neon Genesis Evangelion - EVA-303 (Doujinshi)""}, {""id"": ""38876147-cacd-4351-85d3-6c0ccbe8b63c"", ""relation"": ""doujinshi"", ""title"": ""Neon Genesis Evangelion - Rental Asuka (Doujinshi)""}, {""id"": ""456ca0b6-5b4b-4515-84bc-04c804207bf5"", ""relation"": ""spin_off"", ""title"": ""Neon Genesis Evangelion: Angelic Days""}, {""id"": ""4ec8eb98-2cbf-4ed4-a3db-876c52195ec9"", ""relation"": ""side_story"", ""title"": ""Neon Genesis Evangelion - Pacific - Eva you can (not) share with me (Doujinshi)""}, {""id"": ""526b748d-5cfa-4aaa-b005-dbaf1d24d418"", ""relation"": ""side_story"", ""title"": ""Neon Genesis Evangelion - The day after (Doujinshi)""}, {""id"": ""5e8d2565-6695-43fd-b03a-04fc5cf01776"", ""relation"": ""doujinshi"", ""title"": ""Neon Genesis Evangelion - Ayanami Observation Diary (Doujinshi)""}, {""id"": ""621932fa-057f-4f54-a6a9-c54ef24e3334"", ""relation"": ""spin_off"", ""title"": ""Neon Genesis Evangelion - Canine Evangelion (Doujinshi)""}, {""id"": ""62a2fb1d-50eb-4365-ae90-58fec5fe049f"", ""relation"": ""doujinshi"", ""title"": ""Neon Genesis Evangelion - Happy End of Evangelion (Doujinshi)""}, {""id"": ""66135054-89ed-4964-abf8-80ce3484141d"", ""relation"": ""doujinshi"", ""title"": ""Neon Genesis Evangelion - Lock'n'Up (Doujinshi)""}, {""id"": ""74283ca5-57d4-416e-9d65-ee5884752cb3"", ""relation"": ""side_story"", ""title"": ""Neon Genesis Evangelion - I always need you (Doujinshi)""}, {""id"": ""76b09e25-fd5e-4325-b415-18d10a5c1913"", ""relation"": ""side_story"", ""title"": ""Neon Genesis Evangelion - Boku no Atashi no Evangelion Q (Doujinshi)""}, {""id"": ""8629722f-683b-4bbd-9ff8-d2bba4fc9904"", ""relation"": ""doujinshi"", ""title"": ""Neon Genesis Evangelion - Seiya o Midara ni Sugoshimasho (Doujinshi)""}, {""id"": ""89a66799-736f-46a3-a161-640c322b9f5d"", ""relation"": ""doujinshi"", ""title"": ""Shin Seiki Evangelion - Saisho no Evangelion: Shoki Settei no Shoujotachi (Doujinshi)""}, {""id"": ""8c0d84d0-ed4b-45f2-9a82-84fc77edf623"", ""relation"": ""doujinshi"", ""title"": ""Neon Genesis Evangelion - Untitled (Doujinshi)""}, {""id"": ""8eb41e23-8800-4358-849f-2b50fc88985c"", ""relation"": ""doujinshi"", ""title"": ""Neon Genesis Evangelion - Asushin Christimas Carol (Doujinshi)""}, {""id"": ""996af73b-0fa0-4513-924c-72e049303eb8"", ""relation"": ""doujinshi"", ""title"": ""Neon Genesis Evangelion - Doggy Boyfriend (Doujinshi)""}, {""id"": ""99bad780-a6c5-493e-9349-281eea194ec8"", ""relation"": ""spin_off"", ""title"": ""Neon Genesis Evangelion: Campus Apocalypse""}, {""id"": ""9d36e823-30c5-42fa-b6d9-4ecbc4189f6f"", ""relation"": ""side_story"", ""title"": ""Neon Genesis Evangelion - One more final: \""I need you too\"" (Doujinshi)""}, {""id"": ""9e1a56a2-4231-44df-87ef-ca335c68fb0f"", ""relation"": ""side_story"", ""title"": ""Neon Genesis Evangelion - \""I need nothing more only you\"" (Doujinshi)""}, {""id"": ""a157b0bb-8fa0-4d18-8a01-cd40ffc2ac53"", ""relation"": ""doujinshi"", ""title"": ""Neon Genesis Evangelion - RE-TAKE (Doujinshi)""}, {""id"": ""ab428fea-da4e-45c9-af90-bb27683e6947"", ""relation"": ""side_story"", ""title"": ""Neon Genesis Evangelion - Meeting in the New World (Doujinshi)""}, {""id"": ""ba27bb2f-d7fb-42d8-a5bf-f904a9115150"", ""relation"": ""doujinshi"", ""title"": ""Shin Seiki Evangelion - RE-TAKE Soushuuhen Zen Nenrei Han (Doujinshi)""}, {""id"": ""c76bf3a5-febd-4e87-8a4c-6f160de1f43e"", ""relation"": ""side_story"", ""title"": ""Neon Genesis Evangelion - I'm Just Looking At You (Doujinshi)""}, {""id"": ""c8fe17d2-79de-440b-bac6-465ce0f450c9"", ""relation"": ""side_story"", ""title"": ""Neon Genesis Evangelion - Kanojo no Fortissimo (Doujinshi)""}, {""id"": ""caee438c-11a4-4907-b4eb-3c4610ee0bd8"", ""relation"": ""spin_off"", ""title"": ""Tony Takezaki's Neon Genesis Evangelion""}, {""id"": ""ceddb14c-b25b-4ff5-a3fb-124bb19f5690"", ""relation"": ""doujinshi"", ""title"": ""Neon Genesis Evangelion - RE-TAKE Omake side-stories (Doujinshi)""}, {""id"": ""d35f6f19-f1fc-440e-9736-654efe1844b1"", ""relation"": ""side_story"", ""title"": ""Neon Genesis Evangelion - Shingeki no Tsuzuki (Doujinshi)""}, {""id"": ""d4b698bd-6161-42bd-a495-d897910919aa"", ""relation"": ""side_story"", ""title"": ""Neon Genesis Evangelion - Aki-chan's Life (Doujinshi)""}, {""id"": ""d5a1b99c-84f1-4651-876a-d8f5cc54e435"", ""relation"": ""side_story"", ""title"": ""Neon Genesis Evangelion - My baka Shinji's bentos (Doujinshi)""}, {""id"": ""da34a981-f6aa-48dc-a36c-ff00c40577f6"", ""relation"": ""alternate_version"", ""title"": ""Super Robot Wars Anthology Comic Suparobo Comic Z""}, {""id"": ""dcd61190-f9ec-4bf6-8243-fe7fa19fc2a1"", ""relation"": ""doujinshi"", ""title"": ""Neon Genesis Evangelion - Merry Box (Doujinshi)""}, {""id"": ""e01d1d9b-4cf7-4e12-b75d-33e1e03dff16"", ""relation"": ""doujinshi"", ""title"": ""Neon Genesis Evangelion - Mirai no Tobira (Doujinshi)""}, {""id"": ""e1cd69f5-08e9-4717-b387-d3aacbd75db2"", ""relation"": ""spin_off"", ""title"": ""Neon Genesis Evangelion: Eva & Eva 2 Anthology""}, {""id"": ""e4e864cc-1879-40ad-a7a8-d3e54609e58e"", ""relation"": ""side_story"", ""title"": ""Neon Genesis Evangelion - Asuka in Wonderland (Doujinshi)""}, {""id"": ""e788a02b-07cb-4868-97b8-ac388db30f4f"", ""relation"": ""side_story"", ""title"": ""Neon Genesis Evangelion - To you, I bid farewell (Doujinshi)""}, {""id"": ""eb151b2c-07ca-4a97-b4c8-aa416cffc46d"", ""relation"": ""side_story"", ""title"": ""Neon Genesis Evangelion - Hana Uta (Doujinshi)""}, {""id"": ""edae66bf-c0a8-4080-94b0-f2780f0aad58"", ""relation"": ""doujinshi"", ""title"": ""Black Market""}, {""id"": ""ef3b3d04-1136-4d88-b0fe-5f952f27348b"", ""relation"": ""spin_off"", ""title"": ""Neon Genesis Evangelion - A lovey-dovey fanfic about Evangelion's Asuka and a slightly grown-up Shinji-kun (Doujinshi)""}, {""id"": ""f12e73c4-9f26-4523-9223-3abdf442749d"", ""relation"": ""spin_off"", ""title"": ""Neon Genesis Evangelion - Savage Dog Asuka and Grown-up Shin-chan (Doujinshi)""}, {""id"": ""f4d2f354-9564-4046-9838-eb38d763f4d9"", ""relation"": ""doujinshi"", ""title"": ""Neon Genesis Evangelion - EVA LAND (Doujinshi)""}, {""id"": ""f5ce3a4d-e4dd-4549-97dc-3d367669f59d"", ""relation"": ""doujinshi"", ""title"": ""Neon Genesis Evangelion - Mari no Himegoto (Doujinshi)""}, {""id"": ""f7ece35f-9aea-463f-ad47-3eba20629324"", ""relation"": ""doujinshi"", ""title"": ""Neon Genesis Evangelion - Playing Bathtime (Doujinshi)""}, {""id"": ""f8d5f7bb-f2a3-4a78-8bca-6a398b32973a"", ""relation"": ""doujinshi"", ""title"": ""Neon Genesis Evangelion - GirlHood + (Doujinshi)""}, {""id"": ""fa12463c-d90a-47b3-9a9c-60efebbc03d2"", ""relation"": ""doujinshi"", ""title"": ""Shin Seiki Evangelion - Epilogue of Evangelion (Doujinshi)""}, {""id"": ""fb947a08-5ac1-47d3-ad3d-754c5adb6c6e"", ""relation"": ""doujinshi"", ""title"": ""Shin Seiki Evangelion - RE-TAKE ~After~ (Doujinshi)""}, {""id"": ""fe7c8108-9eb3-4c39-b9f0-5d90453fc3a9"", ""relation"": ""side_story"", ""title"": ""Neon Genesis Evangelion - The After Life (Doujinshi)""}, {""id"": ""ff200a26-ba4d-4b93-bdb3-8ddb33f8a420"", ""relation"": ""doujinshi"", ""title"": ""Neon Genesis Evangelion - Your name - Asushin (Doujinshi)""}]"
324,885bed69-7d08-47a8-b25c-a37759c97c5f,Kengan Ashura,Kengan Ashura,Sandrovich Yabako,Daromeon,Thriller; Action; Psychological; Comedy; Crime; Sports; Martial Arts; Gore; Drama,,completed,2012.0,suggestive,ja,23442,9.1945,9.167210908609038,279,9,"[{""id"": ""2063ced4-bf94-4471-8772-75f6720be008"", ""relation"": ""sequel"", ""title"": ""Kengan Omega""}, {""id"": ""2b95bf19-05c9-4ce3-8bba-d2e4e623c94c"", ""relation"": ""shared_universe"", ""title"": ""Fist of the Seeker""}, {""id"": ""44de2381-a8fd-45fc-a4c8-038d0095e098"", ""relation"": ""shared_universe"", ""title"": ""Dumbbell Nan Kilo Moteru?""}, {""id"": ""47d82a25-a8c9-4fcb-a367-8af61e5dd951"", ""relation"": ""shared_universe"", ""title"": null}, {""id"": ""d080f85f-a6ef-4e0a-9569-c0709b60d8c0"", ""relation"": ""shared_universe"", ""title"": ""Isshou Senkin""}, {""id"": ""e54416b4-eea5-481a-936a-405801d7fb9c"", ""relation"": ""shared_universe"", ""title"": null}, {""id"": ""e835fd4e-5dc0-4348-ad6e-4a7fbece3df8"", ""relation"": ""shared_universe"", ""title"": ""Tokon Shimai""}, {""id"": ""eadae675-abb6-48b8-a0b1-956644f19c96"", ""relation"": ""shared_universe"", ""title"": null}, {""id"": ""ff74c70d-3117-40a8-8ccf-1ce70fcea92f"", ""relation"": ""shared_universe"", ""title"": null}]"
325,0e8fac17-979e-4e37-8f45-2c334b25d6dd,Sasayaku You ni Koi wo Utau,Whisper Me a Love Song,Takeshima Eku,Takeshima Eku,Romance; Girls' Love; Drama; School Life; Slice of Life; Music,,ongoing,2019.0,safe,ja,56437,9.186,9.166798556088741,193,1,"[{""id"": ""9d62d9ad-a613-4979-b05a-6610692e9cc4"", ""relation"": ""doujinshi"", ""title"": ""Sasayaku You ni Koi wo Utau: Koushiki Comic Anthology""}]"
326,b461d615-1bed-4dea-b1fb-99d862c98ea6,Shokuba to Jitaku de Gap no Aru Papa,Shokuba to Jitaku de Gap no Aru Papa,Utakata,Utakata,Long Strip; Romance; Comedy; Office Workers; Web Comic; Slice of Life; Full Color,josei,completed,2021.0,safe,ja,15256,9.2606,9.16663112801726,97,0,[]
327,b093bc50-be43-470c-8594-d79ab9fa5b90,Youkai Gakkou no Sensei Hajimemashita!,A Terrified Teacher at Ghoul School!,Tanaka Mai,Tanaka Mai,Demons; Ghosts; Comedy; School Life; Supernatural,,ongoing,2014.0,safe,ja,7849,9.3429,9.166417538210558,17,1,"[{""id"": ""f738c64a-8050-4ff7-85f3-a0bba314d176"", ""relation"": ""side_story"", ""title"": ""Youkai Gakkou no Seito Hajimemashita!""}]"
328,e4121f7e-41c1-448f-98df-a019d764c17a,Reiwa no Dara-san,Dara-san of Reiwa,Tomotsuka Haruomi,Tomotsuka Haruomi,Comedy; Crossdressing; Gore; Horror; Monster Girls; Shota; Supernatural; Mystery,seinen,ongoing,2022.0,suggestive,ja,26696,9.221,9.16465807305782,83,3,"[{""id"": ""4702d8c5-14d9-4d28-be78-0cb681493fe9"", ""relation"": ""doujinshi"", ""title"": ""Reiwa no Dara-san Koushiki no You de Hikoushiki na Inchiki Hon""}, {""id"": ""6197adee-8c0c-4289-8e39-686814d8c80b"", ""relation"": ""spin_off"", ""title"": ""Reiwa no Dara-san Koushiki Fanbook""}, {""id"": ""c9b66435-c41d-44ab-b063-bdb4c4fdb0df"", ""relation"": ""doujinshi"", ""title"": ""Reiwa no Dara-san Inchiki Dokuhon""}]"
329,04c892b3-a202-46f5-ad11-0d433e712ab8,"Mikadono Sanshimai wa Angai, Choroi.",Dealing with Mikadono Sisters is a Breeze,Hirakawa Aya,Hirakawa Aya,Romance; Comedy; Harem; School Life,shounen,ongoing,2021.0,safe,ja,67592,9.1852,9.164528617622873,77,0,[]
330,6a1d1cb1-ecd5-40d9-89ff-9d88e40b136b,Toukyou Ghoul,TOKYO GHOUL,Ishida Sui,Ishida Sui,Thriller; Monsters; Action; Psychological; Gore; Horror; Fantasy; Supernatural; Tragedy,seinen,completed,2011.0,safe,ja,52475,9.1784,9.163018842297507,42,4,"[{""id"": ""11d292b8-6559-4ff2-8b2d-b884ed3a8547"", ""relation"": ""side_story"", ""title"": null}, {""id"": ""59f47645-66a9-443e-8228-788313c3ae3c"", ""relation"": ""sequel"", ""title"": ""Tokyo Ghoul:re""}, {""id"": ""7e50742e-76bc-44be-b561-ac6ce1681a63"", ""relation"": ""alternate_story"", ""title"": ""Tokyo Ghoul: Redrawn""}, {""id"": ""a66ff0a3-7f4b-48ca-b153-0029e45bbebf"", ""relation"": ""side_story"", ""title"": ""Toukyou Ghoul: JACK""}]"
331,d7d5f269-6969-4f86-af89-ee57a6180f36,Chihayafuru,Chihaya Full,Suetsugu Yuki,Suetsugu Yuki,Award Winning; Traditional Games; Romance; Comedy; Sports; Drama; School Life; Slice of Life,josei,completed,2007.0,safe,ja,13180,9.2724,9.162809669083213,59,2,"[{""id"": ""1ed1455b-18d9-4e16-9738-bcc5bd9a28ae"", ""relation"": ""spin_off"", ""title"": ""Chihayafuru: Middle School Arc""}, {""id"": ""f4455be4-7dc2-4f06-86c7-26ac0072885b"", ""relation"": ""sequel"", ""title"": ""Chihayafuru plus Kimigatame""}]"
332,2b22a9ca-7620-4826-aff4-c8c91129dc61,Idolatry,,Ootaka Shin (大鷹シン),Homare,Comedy; Girls' Love; Drama; School Life; Slice of Life; Music,shounen,ongoing,2025.0,safe,ja,8164,9.318,9.162769829918476,16,0,[]
333,feff4eaf-01df-4a05-83f4-68bb5cdf4fad,Mahou Shoujo ni Akogarete,Gushing over Magical Girls,Ononaka Akihiro,Ononaka Akihiro,Action; Demons; Comedy; Superhero; Magical Girls; Sexual Violence; Magic; Girls' Love; Fantasy,,ongoing,2019.0,erotica,ja,105253,9.172,9.161225412755623,638,9,"[{""id"": ""0dea008b-54f0-44e5-982d-4a5c56bb9938"", ""relation"": ""doujinshi"", ""title"": ""Magia Baiser no Nakayoku (Imishin) shinai to Derarenai Heya?!""}, {""id"": ""1d3559af-07a6-440c-b00d-15f67ee82ea4"", ""relation"": ""doujinshi"", ""title"": ""Aa, Hotel ni Mahou Shoujo ga""}, {""id"": ""265d8091-f6b1-48b4-ab13-88a8f320574a"", ""relation"": ""doujinshi"", ""title"": ""Moshi Watashi ga Futatabi Mahou Shoujo ni Nattara""}, {""id"": ""69989488-0b8e-4ef7-8a83-9ea2ba3801f5"", ""relation"": ""doujinshi"", ""title"": ""Mahou Shoujo ni Akogarete - Moshi Mahou Shoujo ni Narete (Doujinshi)""}, {""id"": ""b64cc8ff-beb6-4026-ab2e-6b97276a2a63"", ""relation"": ""doujinshi"", ""title"": ""Mahou Shoujo ni Akogarete - Takaraka ni Ute ni~ (Doujinshi)""}, {""id"": ""bb45c396-cf4a-4ea7-bff6-1664db9eab33"", ""relation"": ""doujinshi"", ""title"": ""Mahou Shoujo ni Akogarete Official Fan Book""}, {""id"": ""de656a25-7d98-47cd-b464-3da333c4aec2"", ""relation"": ""doujinshi"", ""title"": ""Mahou Shoujo ni Akogarete - Mahou Shoujo Master to Slave ni Akogarete (Doujinshi)""}, {""id"": ""ebe80874-102e-4ba8-9283-78806e0c22e9"", ""relation"": ""doujinshi"", ""title"": ""Mahou Shoujo ni Akogarete - Utena no Shittai (Doujinshi)""}, {""id"": ""f1dec333-f6cb-4243-9968-2270e9dfb479"", ""relation"": ""doujinshi"", ""title"": ""Mahou Shoujo ni Akogarete - Kaishakuchigai ni Akogarete (Doujinshi)""}]"
334,858e2de7-afba-4096-9aa7-1fccac0119c9,Dig It,DIG IT,Yoshida Maru,Yoshida Maru,Sports,seinen,ongoing,2025.0,safe,ja,4361,9.4156,9.160983534244128,11,0,[]
335,188e4f34-a80c-4a91-b54e-69572e8ed4d5,Shiro Seijo to Kuro Bokushi,Saint Cecilia and Pastor Lawrence,Kazutake Hazano,Kazutake Hazano,Romance; Comedy; 4-Koma; Fantasy; Slice of Life,shounen,hiatus,2017.0,safe,ja,23627,9.242,9.159911460068265,74,0,[]
336,3ddd480b-c2ad-4a1e-be79-7105c7df0d47,After School Lessons for Unripe Apples,After School Lessons for Unripe Apples,Soon-Ki,Soon-Ki,Long Strip; Romance; Drama; School Life; Web Comic; Slice of Life; Full Color,,ongoing,2020.0,safe,ko,2218,9.6047,9.159543482989328,12,0,[]
337,3bcc56f0-1b71-4542-b7b1-74db4fab2d72,Koisuru (Otome) no Tsukurikata,I Think I Turned My Childhood Friend Into a Girl,Banjou Azusa (万丈梓),Banjou Azusa (万丈梓),Romance; Comedy; Boys' Love; Crossdressing; School Life,shoujo,ongoing,2019.0,safe,ja,51241,9.1797,9.159539484781824,552,1,"[{""id"": ""06d31934-7f7e-4870-99b3-4dc6bccc3182"", ""relation"": ""side_story"", ""title"": ""Saikyou Kawaii Aitsu (♂) ni Dokidoki Saserarechau Anthology""}]"
338,b3b6fa42-08df-4663-b827-caaa49c7ccbf,Kimi ni Todoke,Kimi ni Todoke: From Me to You,Shiina Karuho,Shiina Karuho,Award Winning; Psychological; Romance; Comedy; Drama; School Life; Slice of Life,shoujo,completed,2005.0,safe,ja,19065,9.2301,9.159389099205143,39,4,"[{""id"": ""0f3fa414-478a-4b57-9eed-847d635a634f"", ""relation"": ""doujinshi"", ""title"": ""Kimi ni Todoke - Eyes (Doujinshi)""}, {""id"": ""50cefde2-dee9-4062-b4ed-3c56b5a7ba0b"", ""relation"": ""doujinshi"", ""title"": ""Kimi ni Todoke - Breath (Doujinshi)""}, {""id"": ""ababc3e5-b56a-44b1-96c6-d434f141f2ab"", ""relation"": ""spin_off"", ""title"": ""Kimi ni Todoke: From Me to You x Blue Sky Yell - 45° Eyebrows""}, {""id"": ""d87dd658-2741-493c-905b-fd3fae4fda0c"", ""relation"": ""side_story"", ""title"": ""Kimi ni Todoke Special ～Soulmate～""}]"
339,d0f9e331-e022-4b49-8399-e14091d8b703,Tīng Xīng,Listening to the stars,Lily Club (橘姬社); Ice Free Herbal Jelly (去冰仙草冻),Lily Club (橘姬社); Zangyue (葬月),Long Strip; Romance; Girls' Love; Slice of Life; Full Color,,ongoing,2023.0,suggestive,zh,20185,9.21,9.159381897474173,34,0,[]
340,32f887f1-824f-4dbc-8e15-70a5b0b8112a,Qīn'ài De Sǐduìtóu,My Dearest Nemesis,Xian Jun,Xian Jun,Long Strip; Romance; Comedy; Office Workers; Girls' Love; Drama; Web Comic; Slice of Life; Full Color,,completed,2023.0,suggestive,zh,19571,9.1854,9.159309166696033,41,0,[]
341,fb18b185-ed42-4d37-a99a-b16631ec0c44,Ouji-sama Nante Iranai,Ouji-sama Nante Iranai,Harushion,Harushion,Long Strip; Comedy; Girls' Love; Drama; School Life; Web Comic; Slice of Life; Full Color,,completed,2016.0,safe,ja,16775,9.1956,9.158086040774021,256,0,[]
342,aa6c76f7-5f5f-46b6-a800-911145f81b9b,Sono Bisque Doll wa Koi o Suru,My Dress-Up Darling,Fukuda Shinichi,Fukuda Shinichi,Romance; Comedy; Drama; School Life; Slice of Life; Gyaru,seinen,completed,2018.0,suggestive,ja,250673,9.1615,9.157445294939247,874,14,"[{""id"": ""199a4cdf-d807-4e3d-ae80-61e4fbc3c50e"", ""relation"": ""spin_off"", ""title"": ""Bisque Doll de Chu ♡""}, {""id"": ""455b533c-76d8-4cd2-822e-4fd08064c382"", ""relation"": ""doujinshi"", ""title"": ""Sono Bisque Doll wa Koi wo Suru - WakaMari: Ippai Taberu Kimi ga Suki (Doujinshi)""}, {""id"": ""60e5060e-d23a-4847-83e4-b9f1c0690624"", ""relation"": ""doujinshi"", ""title"": ""Liànshàng Huànzhuāng Wáwa 107.5""}, {""id"": ""842fe7b3-aad1-4c24-aea8-c885c2b3763f"", ""relation"": ""doujinshi"", ""title"": ""Sono Bisque Doll wa Koi wo Suru - Pocky Game Manga (Doujinshi)""}, {""id"": ""89952dbc-bdda-433c-8611-a484c9ff8df6"", ""relation"": ""doujinshi"", ""title"": ""Sono Bisque Doll wa Koi wo Suru - Brushing Teeth Together (Doujinshi)""}, {""id"": ""8af2042c-fc5a-4180-a270-819e9ea1707e"", ""relation"": ""doujinshi"", ""title"": ""Sono Bisque Doll wa Koi o Suru - I Will XXX my Dress-Up Darling""}, {""id"": ""8dbbf7b2-6e49-4bf1-a0f8-50b43af72f3f"", ""relation"": ""doujinshi"", ""title"": ""Sono Bisque Doll wa Koi o Suru: Hokomi 0 Yen Layer Futari Tsukiai""}, {""id"": ""96724e36-aa77-4cf9-ac46-5947d7a9639c"", ""relation"": ""doujinshi"", ""title"": ""Sono Bisque Doll wa Koi o Suru - Koi""}, {""id"": ""9c1ff711-fd24-49d3-b1ae-4f1a9ee4ad7d"", ""relation"": ""doujinshi"", ""title"": ""Sono Bisque Doll wa Koi wo Suru - Sono Bisque Doll ni Boku wa Koi o Shita""}, {""id"": ""cad9b0e5-a318-4c69-8097-cb81c5f3a57b"", ""relation"": ""doujinshi"", ""title"": ""Sono Bisque Doll wa Koi o Suru - I Will XX my Dress-Up Darling""}, {""id"": ""f6923bf3-5d92-4544-83e1-21b32b5610cb"", ""relation"": ""doujinshi"", ""title"": ""Sono Bisque Doll wa Koi o Suru - My Sexy Dress-Up Darling has Sex""}, {""id"": ""f6ded04e-1799-4ee6-87dd-16d81ea9efed"", ""relation"": ""doujinshi"", ""title"": ""Sono Bisque Doll wa Koi wo Suru - fumifumi's Kisekoi (Doujinshi)""}, {""id"": ""fa27edc5-b7d9-4b22-827c-93185e810f42"", ""relation"": ""doujinshi"", ""title"": ""Sono Bisque Doll wa Koi wo Suru - Kisekoi (Doujinshi)""}, {""id"": ""ffbfa849-af5b-49f9-b026-cb8f685476b5"", ""relation"": ""doujinshi"", ""title"": ""Sono Bisque Doll wa Koi wo Suru - Sono Bisque Doll wa H o Suru""}]"
343,04b6cb84-d641-490a-8141-5426b15cecb9,Blank Canvas: My So-Called Artist's Journey,Blank Canvas: My So-Called Artist's Journey,Higashimura Akiko,Higashimura Akiko,Award Winning; Psychological; Romance; Comedy; Drama; School Life; Slice of Life; Tragedy,josei,completed,2011.0,safe,ja,3253,9.3369,9.156832229733208,22,0,[]
344,34b14264-f96b-422b-8244-0329a895df90,Yakuza Fiancé: Raise wa Tanin ga Ii,Yakuza Fiancé: Raise wa Tanin ga Ii,Konishi Asuka,Konishi Asuka,Award Winning; Romance; Crime; Mafia; Philosophical; Drama; School Life,seinen,ongoing,2017.0,suggestive,ja,54402,9.1803,9.156576088226396,426,0,[]
345,3f1453fb-9dac-4aca-a2ea-69613856c952,Tāmen De Gùshì,Their Story,Tan Jiu (坛九),Tan Jiu (坛九),Long Strip; Romance; Comedy; Girls' Love; Drama; School Life; Web Comic; Slice of Life; Full Color,,ongoing,2014.0,safe,zh,53593,9.177,9.156453630508555,162,1,"[{""id"": ""032b3391-2938-43b9-bf58-d62c783a41c4"", ""relation"": ""same_franchise"", ""title"": ""Mosspaca Advertising Department""}]"
346,d1c0d3f9-f359-467c-8474-0b2ea8e06f3d,Bocchi-sensei! Teach me MangaDex! [OBSOLETE],Bocchi-sensei! Teach me MangaDex! [OBSOLETE],Bocchi-sensei,Bocchi-sensei,Self-Published,,cancelled,2018.0,safe,en,12292,9.1992,9.155832760599038,250,2,"[{""id"": ""7b662cfb-fe02-43bd-9083-742e1af1aba4"", ""relation"": ""shared_universe"", ""title"": ""Bocchi-sensei! Teach me Scanlation!""}, {""id"": ""9ef97eba-e0bc-452c-9ed0-bfb645d9b536"", ""relation"": ""based_on"", ""title"": ""Hitoribocchi no Marumaru Seikatsu""}]"
347,62040a44-0935-46b7-a691-5ae5833af0ae,Demon Slayer: Kimetsu no Yaiba (Official Colored),Demon Slayer: Kimetsu no Yaiba (Official Colored),Gotouge Koyoharu,Gotouge Koyoharu,Official Colored; Historical; Action; Demons; Comedy; Martial Arts; Adventure; Drama; Supernatural; Tragedy,shounen,completed,2018.0,safe,ja,24362,9.1916,9.155415524691744,42,4,"[{""id"": ""3635c849-5b99-4cd2-832f-690c8fb437c1"", ""relation"": ""doujinshi"", ""title"": ""Kimetsu no Yaiba - Hazama (Doujinshi)""}, {""id"": ""4bf86683-7c21-44a4-8567-95ca425f4725"", ""relation"": ""doujinshi"", ""title"": ""Kimetsu no Yaiba - Karasu ga naitara kaerimashō (Doujinshi)""}, {""id"": ""4fcab71f-d346-48eb-8a92-e5e2b0f56c3f"", ""relation"": ""doujinshi"", ""title"": ""Kimetsu no Yaiba - Haha to Watashi (Doujinshi) (Fan Colored)""}, {""id"": ""a350bd7f-127b-466c-8020-31327a1567fd"", ""relation"": ""doujinshi"", ""title"": ""Kimetsu no Yaiba - Mōsō kurōzetto ~2023-nen fuyu-hen~ (Doujinshi)""}]"
348,7e64a45c-c6b2-4983-9694-7d13509a5751,Henkyou no Roukishi - Bard Loen,Old Knight in the Frontier - Bard Roehn,Shien Bis,Kikuishi Morio,Monsters; Action; Demons; Comedy; Crime; Martial Arts; Adventure; Magic; Philosophical; Drama; Fantasy; Slice of Life; Cooking; Supernatural; Adaptation,seinen,ongoing,2016.0,suggestive,ja,34960,9.1919,9.154650471376037,195,0,[]
349,cf923481-1e96-4959-b3c1-9518718a4cc2,Ore no Kokan wa Bishoujo Datta no ka,Ore no Kokan wa Bishoujo Datta no ka,Unichiri,Unichiri,Comedy; Slice of Life; Supernatural; Mystery,shounen,hiatus,2022.0,suggestive,ja,21467,9.2079,9.15386899649741,50,0,[]
350,b753dae4-5c05-4a3a-aa03-70aa94da90ec,Debut or Die!,Debut or Die!,Baek Deoksoo,SOHEUN,Reincarnation; Time Travel; Long Strip; Comedy; Survival; Drama; Web Comic; Slice of Life; Supernatural; Adaptation; Music; Full Color,,ongoing,2022.0,safe,ko,3800,9.4208,9.153818042677086,5,0,[]
351,60e6eb5e-6798-4614-928f-064e65aabe16,Jishou Akuyaku Reijou na Kon'yakusha no Kansatsu Kiroku.,An Observation Log of My Fiancée Who Calls Herself a Villainess,Shiki (しき) (Author),Hasumi Natsume,Reincarnation; Romance; Comedy; Magic; Isekai; School Life; Fantasy; Villainess; Slice of Life; Adaptation,shoujo,completed,2018.0,safe,ja,76676,9.1658,9.153429424345592,727,1,"[{""id"": ""9f73124c-ecfa-49f7-b4e4-0c699cc65957"", ""relation"": ""sequel"", ""title"": ""Jishou Akuyaku Reijou na Tsuma no Kansatsu Kiroku""}]"
352,01e360bc-22da-4e86-bbb7-3ae1091a223b,Kaiten no Albus,Albus Changes the World,Maki Akihisa,Yatsubo Miki,Time Travel; Monsters; Action; Demons; Comedy; Adventure; Magic; Drama; Fantasy; Tragedy,shounen,ongoing,2024.0,safe,ja,28008,9.2003,9.152026295839086,43,0,[]
353,28567105-e14a-49af-92c1-d3196dc6b446,See You in My 19th Life,See You in My 19th Life,Lee Hye (이혜),Lee Hye (이혜),Reincarnation; Long Strip; Romance; Comedy; Office Workers; Drama; Web Comic; Full Color; Tragedy,,completed,2020.0,safe,ko,19588,9.2215,9.151837011392407,258,2,"[{""id"": ""1758b9fc-fc91-46c4-8249-bbb6e1be00aa"", ""relation"": ""spin_off"", ""title"": ""Ibeon Saengdo Jal Butakae: Gieogui Han Jogak""}, {""id"": ""84dd64b7-39f5-4704-82ad-0ab4fee21eac"", ""relation"": ""shared_universe"", ""title"": ""A Good Day to Be a Dog""}]"
354,514f1a94-b09f-4331-8cf9-0f01d06d3b80,Oneul man Saneun Gisa,The Knight Only Lives Today,Lee Hyunmin (이현민); SOULPUNG (소울풍); Kanara (가나라),Ian (이안),Time Travel; Action; Long Strip; Fantasy; Adaptation; Full Color,,ongoing,2024.0,safe,ko,8806,9.3198,9.151734303467354,15,0,[]
355,944f8f69-9a9c-4678-9e0d-c8202de70cb3,Mr. Villain's Day Off,Mr. Villain's Day Off,Morikawa Yuu,Morikawa Yuu,Demons; Comedy; Office Workers; Slice of Life; Supernatural,shoujo,ongoing,2018.0,safe,ja,33924,9.1966,9.151462353862117,133,0,[]
356,9fce5b8e-facf-4ef2-a703-553ec2931065,Holyland,Holyland,Mori Kouji,Mori Kouji,Action; Psychological; Martial Arts; Philosophical; Drama; Delinquents,seinen,completed,2000.0,safe,ja,15740,9.1998,9.151151275882563,43,0,[]
357,f42f3212-f2fd-4479-9d82-b9c55eaec820,Taishou Otome Otogibanashi,Taisho Maiden Fairytale,Kirioka Sana,Kirioka Sana,Historical; Romance; Comedy; Drama; Slice of Life,shounen,completed,2015.0,suggestive,ja,20947,9.1798,9.15107260412348,128,2,"[{""id"": ""131a1695-5f60-4ffd-a3ea-08d9e7818bcf"", ""relation"": ""sequel"", ""title"": ""Showa Otome Otogibanashi""}, {""id"": ""af43f25b-03c1-4fd6-a139-9e30544844fc"", ""relation"": ""spin_off"", ""title"": ""Taishou Otome Otogibanashi -Pessimist no Shokutaku-""}]"
358,ee46432c-43a8-482e-aa21-1cf1993925ba,Kimi wa Uma Musume IF Uma Musume ni Natte Shimatta Trainer no Hanashi,The Story of a Trainer Who Has Ended Up Becoming an Uma Musume in a What-If Scenario,Kohaku no Kakera (Circle); Yunyanko,Kohaku no Kakera (Circle); Yunyanko,Genderswap; Comedy; Sports; Doujinshi; School Life; Slice of Life,,ongoing,2023.0,suggestive,ja,5941,9.3201,9.150103142024012,21,1,"[{""id"": ""50d011bb-09a6-46c7-8078-7ba96558a864"", ""relation"": ""based_on"", ""title"": ""Uma Musume (Franchise)""}]"
359,6fe56296-e980-4321-8a7b-bc8b4e2750c8,Ookami no Kawa wo Kabutta Hitsujihime,Ookami no Kawa wo Kabutta Hitsujihime,Mito,Mito,Romance; Girls' Love; Fantasy; Monster Girls,seinen,completed,2020.0,suggestive,ja,29218,9.1751,9.149575730323184,78,1,"[{""id"": ""943cde7b-87bc-415d-b2b1-4b814eb6df04"", ""relation"": ""alternate_version"", ""title"": ""Himesama to watashi no kekkon ryokou""}]"
360,4a251ad9-abfe-456e-9b3b-5f68725d32ad,Hyouka,Hyouka,Yonezawa Honobu,Task Ohna,Romance; Drama; School Life; Slice of Life; Mystery; Adaptation,shounen,ongoing,2012.0,safe,ja,19576,9.2914,9.14881257247263,100,6,"[{""id"": ""38ac0d2a-9051-4dcd-ac7b-474430cabb40"", ""relation"": ""doujinshi"", ""title"": ""Ichiban Tokubetu wo Ageru.""}, {""id"": ""5d3085d4-35a6-4890-932b-abeacab4e852"", ""relation"": ""doujinshi"", ""title"": ""Hyouka - Irisu no Tame ni Kane wa Naru (Doujinshi)""}, {""id"": ""7dcc082f-d5b3-4738-bb86-501f0f381496"", ""relation"": ""doujinshi"", ""title"": ""Hyouka - Oishii Amazake Recipe!! (Doujinshi)""}, {""id"": ""8de5962a-465c-4c44-ae0f-596ee0d56e30"", ""relation"": ""doujinshi"", ""title"": ""Hyouka - Nikkei (Doujinshi)""}, {""id"": ""c4b1f2cb-504b-424d-ba38-d35e4f7c5500"", ""relation"": ""doujinshi"", ""title"": ""TTH (Doujinshi)""}, {""id"": ""ee6d2e09-4189-4325-ae45-d6be8afae2f8"", ""relation"": ""doujinshi"", ""title"": ""Hyouka - Watashi Saimin ni Kakarimasu (Doujinshi)""}]"
361,be314f77-95d8-4722-8369-7ae6cb1a536b,Muryoku Seijo to Munou Oujo ~Maryoku Zero de Shoukansareta Seijo no Isekai Kyuukokuki~,The Helpless Saint and the Powerless Princess: The Tale of How a Saint with No Magic Was Summoned to Save Another World,Tamasaki Tama,Tamasaki Tama,Romance; Magic; Girls' Love; Isekai; Fantasy,,ongoing,2024.0,suggestive,ja,26126,9.1914,9.14707848204967,33,0,[]
362,e17b93a0-7659-4611-8feb-6dbae973a59d,A Story Concerning Sweets,A Story Concerning Sweets,Shi Yi Er (时一二),Shi Yi Er (时一二),Ghosts; Long Strip; Girls' Love; Web Comic; Slice of Life; Supernatural; Full Color; Tragedy,,completed,2020.0,safe,zh,4803,9.2652,9.146658851167874,23,0,[]
363,ed996855-70de-449f-bba2-e8e24224c14d,Onii-chan wa Oshimai!,ONIMAI: I'm Now Your Sister!,Nekotoufu,Nekotoufu,Genderswap; Comedy; School Life; Web Comic; Slice of Life,seinen,ongoing,2017.0,safe,ja,56025,9.1647,9.14653946666015,469,17,"[{""id"": ""027df837-7a15-4893-9dc3-e2ae11b94717"", ""relation"": ""side_story"", ""title"": ""Onii-chan wa Oshimai! Koushiki Anthology Comic""}, {""id"": ""04789891-74e5-49e8-896e-63a09f2e8f56"", ""relation"": ""doujinshi"", ""title"": ""Onii-chan Is Done For! - Highschool ONIMAI (Doujinshi)""}, {""id"": ""061f87d8-cca0-425f-8c36-21eba9736b4c"", ""relation"": ""doujinshi"", ""title"": ""Onii-chan Is Done For! - Bratty Mahiro-chan & Mihari-chan (Doujinshi)""}, {""id"": ""0d0e6baa-d29c-48e3-8475-039744229bc8"", ""relation"": ""doujinshi"", ""title"": ""Onii-chan wa Oshimai! - Onii-chan wa Puniman! (Doujinshi)""}, {""id"": ""1942c669-36c2-4d29-bb62-7283ec6d8d91"", ""relation"": ""doujinshi"", ""title"": ""Onii-chan wa Oshimai! - Minna de Onsen Yurimai! Shitetara Haechatta (Doujinshi)""}, {""id"": ""21138d16-db29-4cf3-8618-bf124b863569"", ""relation"": ""doujinshi"", ""title"": ""Onii-chan wa Oshimai! - Onii-chan wa Seiteki ni Oshimai! (Doujinshi)""}, {""id"": ""2c32b2c9-2036-420a-a778-a6b09dedfcfa"", ""relation"": ""side_story"", ""title"": ""Onii-chan Is Done For! Official Anthology Comic (Fan Colored)""}, {""id"": ""5802ceba-ffdb-4ac9-920c-ed1aee077f63"", ""relation"": ""doujinshi"", ""title"": ""Blue Archive, Onii-chan wa Oshimai! - Mahiro-chan ga Kivotos de Arona-chan to Ecchi Suru Hon (Doujinshi)""}, {""id"": ""71008ba1-2e55-46b6-9074-e3571a124cae"", ""relation"": ""doujinshi"", ""title"": ""Oniichan ha Oshimai - Petit Onimai Manga! (Doujinshi)""}, {""id"": ""8dab0ef4-a6f2-4ae3-84c3-7dfbd206469b"", ""relation"": ""doujinshi"", ""title"": ""Onii-chan wa Oshimai! - Mihari ni Haeta Hanashi (Doujinshi)""}, {""id"": ""8ec776ed-a512-4264-a8e2-e06c9d6ccd70"", ""relation"": ""doujinshi"", ""title"": ""Onii-chan wa Oshimai! - MomiMahi Manga (Doujinshi)""}, {""id"": ""910de7e8-8c01-4ffb-ab33-277a3c4079ba"", ""relation"": ""doujinshi"", ""title"": ""Onii-chan wa Oshimai! - Yappari Oyama ga Warui!! (Doujinshi)""}, {""id"": ""b2ef5321-b3fd-46c3-8c50-69d0a84edf65"", ""relation"": ""doujinshi"", ""title"": ""Onii-chan wa Oshimai! - Watashi ga Mitsuketa Tatta Hitotsu no Kantan na Kotae (Doujinshi)""}, {""id"": ""bd056ca6-209f-4816-aab7-208bafd1ef4c"", ""relation"": ""side_story"", ""title"": null}, {""id"": ""d1b9f81d-8f0c-48db-8fd9-c7d4edf252ce"", ""relation"": ""doujinshi"", ""title"": ""Onii-chan Is Done For! - Mahiro-chan to Micro Bikini (Doujinshi)""}, {""id"": ""da5571cb-ebdc-415d-acb3-292870a18587"", ""relation"": ""doujinshi"", ""title"": ""Watashi wa Mirusen nano! (Onii-chan wa Oshimai!)""}, {""id"": ""f8b98104-549c-42ba-9af3-6e6622706a96"", ""relation"": ""doujinshi"", ""title"": ""Onii-chan wa Oshimai! - Oyama ga Ii mono Misete Kurerutte (Doujinshi)""}]"
364,3316f5cb-c828-4ad4-b350-5bb474da9542,Gin no Saji,Silver Spoon,Arakawa Hiromu,Arakawa Hiromu,Award Winning; Animals; Romance; Comedy; Drama; School Life; Slice of Life; Cooking,shounen,completed,2011.0,safe,ja,14435,9.2099,9.146354569240343,67,0,[]
365,b05918e4-fb1a-4b10-a919-eaecf00fd7dd,Tower Dungeon,Tower Dungeon,Nihei Tsutomu,Nihei Tsutomu,Action; Adventure; Sexual Violence; Gore; Fantasy,shounen,ongoing,2023.0,safe,ja,29966,9.2035,9.14496161950481,61,0,[]
366,183b5c1e-5bfd-4f7f-9b21-3ac88c584987,Chi. Chikyuu no Undou ni Tsuite,Orb: On the Movements of the Earth,Uoto,Uoto,Award Winning; Sci-Fi; Historical; Psychological; Philosophical; Gore; Drama; Mystery; Tragedy,seinen,completed,2020.0,safe,ja,8823,9.2813,9.144697285966139,16,0,[]
367,8c1d7d0c-e0b7-4170-941d-29f652c3c19d,Kusuriya no Hitorigoto: Maomao no Koukyuu Nazotoki Techou,The Apothecary Diaries: Maomao's Notes from the Inner Palace,Hyuuga Natsu,Kurata Minoji,Historical; Romance; Comedy; Drama; Medical; Slice of Life; Adaptation,seinen,ongoing,2017.0,safe,ja,16633,9.2688,9.144667388315543,84,3,"[{""id"": ""bef2a2d4-2ff5-437d-bc6c-8ec49c452a36"", ""relation"": ""spin_off"", ""title"": ""Kusuriya no Hitorigoto Gaiden: Xiaolan Kaisouroku""}, {""id"": ""cd61630f-1efa-44b9-957d-371f856714ec"", ""relation"": ""doujinshi"", ""title"": ""Kusuriya no Hitorigoto - Mutual Unrequited Love (Doujinshi)""}, {""id"": ""e18fe8c6-f6dc-4f05-8462-7b2083ff9a6c"", ""relation"": ""alternate_story"", ""title"": ""Kusuriya no Hitorigoto""}]"
368,6e445564-d9a8-4862-bff1-f4d6be6dba2c,Karakai Jouzu no Takagi-san,Teasing Master Takagi-san,Yamamoto Souichirou,Yamamoto Souichirou,Award Winning; Romance; Comedy; Drama; School Life; Slice of Life,shounen,completed,2012.0,safe,ja,54665,9.1659,9.144577955539841,303,24,"[{""id"": ""0a224e89-8796-4fa2-8281-28f3e8cc9fc7"", ""relation"": ""doujinshi"", ""title"": ""Karakai Jouzu no Takagi-san - Daehaksaengidoen Takagiyang (Doujinshi)""}, {""id"": ""0f12cb4e-0299-43cf-9d5f-78d5cce4cace"", ""relation"": ""doujinshi"", ""title"": ""Karakai Jouzu no Takagi-san - Karakai Jouzu no Takagi-san Fan Comic (Doujinshi)""}, {""id"": ""1ab5f7e0-7768-457c-9f63-19471b6503cc"", ""relation"": ""shared_universe"", ""title"": ""Kunoichi Tsubaki no Mune no Uchi""}, {""id"": ""1af0467e-71d7-424d-ab80-9bf0ae205fd3"", ""relation"": ""doujinshi"", ""title"": ""Karakai Jouzu no Takagi-san - Karakai sugita Takagi-san (Doujinshi)""}, {""id"": ""1f92c263-a2d6-4c3f-a023-461acf5040cf"", ""relation"": ""doujinshi"", ""title"": ""EMPIRE HARD CORE 2018 SPRING (Doujinshi)""}, {""id"": ""2c5b3ec4-33b3-41f6-b43e-81c88f4d4b48"", ""relation"": ""doujinshi"", ""title"": ""Karakai Jouzu no Takagi-san - Karakaix (Doujinshi)""}, {""id"": ""2de56033-a745-486e-86cc-8cc4ac12d208"", ""relation"": ""doujinshi"", ""title"": ""Karakai Jouzu no Takagi-san - Mina-chan Seieki Nomenai to Otona ni Narenai yo (Doujinshi)""}, {""id"": ""3673409f-7e00-40b2-a762-88baa497c8a6"", ""relation"": ""sequel"", ""title"": ""Karakai Jouzu (?) no Nishikata-san""}, {""id"": ""3ac9fd03-e3de-4520-90aa-d9fc002eac0a"", ""relation"": ""shared_universe"", ""title"": ""Fudatsuki no Kyouko-chan""}, {""id"": ""763ec21a-83bf-4ca1-a4fc-f7f1b0d91c42"", ""relation"": ""doujinshi"", ""title"": ""Karakai Jouzu no Nishikata-kun (Doujinshi)""}, {""id"": ""903e7d37-48e9-4649-9f75-18e5d079bfd7"", ""relation"": ""doujinshi"", ""title"": ""Karakai Jouzu no Takagi-san - XXXX Jouzu no Takagi-san (Doujinshi)""}, {""id"": ""954bd0a2-f43e-434a-8baa-ce971c0e7ed6"", ""relation"": ""doujinshi"", ""title"": ""Karakai Jouzu no Takagi-san - SanaMina Semen Gero Oshikko Kanchou (Doujinshi)""}, {""id"": ""9e5ffc17-cbce-4cdf-8b78-881cf72534a6"", ""relation"": ""doujinshi"", ""title"": ""Pokemon Trainer Takagi-san (Doujinshi)""}, {""id"": ""9f28db4a-cc19-44df-83d2-32f7b2d59f2c"", ""relation"": ""doujinshi"", ""title"": ""Karakai Jouzu no Takagi-san - Takagi-san to Onahole (Doujinshi)""}, {""id"": ""b3d3727b-d22e-4719-acd2-cf34510b1bb8"", ""relation"": ""side_story"", ""title"": ""Ashita wa Doyoubi""}, {""id"": ""b46b36e4-baf4-48fe-8883-20387763e70a"", ""relation"": ""doujinshi"", ""title"": ""Karakai Jouzu no Takagi-san - Ijikuri Jouzu no Takagi-san (Doujinshi)""}, {""id"": ""d7cc68f3-1587-4f54-b68d-9bd11c5ac8af"", ""relation"": ""doujinshi"", ""title"": ""Karakai Jouzu no Takagi-san - Takagi-san escalate (Doujinshi)""}, {""id"": ""ddcebfa2-05a0-4fcd-9cd4-60d779c38f2c"", ""relation"": ""sequel"", ""title"": ""Karakai Jouzu no (Moto) Takagi-san""}, {""id"": ""e806dcdf-739a-4433-b3c4-520388a60ccb"", ""relation"": ""doujinshi"", ""title"": ""Teasing Master Takagi-san - Wedding - Fan Manga (Doujinshi)""}, {""id"": ""e857fe7f-ddab-491d-b61e-bef13c7b9a5a"", ""relation"": ""doujinshi"", ""title"": ""Karakai Jouzu no Takagi-san - Karakaix2 (Doujinshi)""}, {""id"": ""ec0c3cbf-dc3d-4df2-b2c6-2af7ad41541e"", ""relation"": ""shared_universe"", ""title"": ""Mane Mane Nichi Nichi""}, {""id"": ""f1507951-1c3d-4cac-8035-f45b8425aa1f"", ""relation"": ""doujinshi"", ""title"": ""Teasing Master Takagi-san (Continue)-Fan Manga (Doujinshi)""}, {""id"": ""f7556f3f-428f-4ee0-91dd-ff6123add767"", ""relation"": ""sequel"", ""title"": ""Nishikata-chan""}, {""id"": ""fb8eac2f-3f65-4602-afb6-9a7724227364"", ""relation"": ""side_story"", ""title"": ""Koi ni Koisuru Yukari-chan""}]"
369,73965527-b393-4f65-9bc3-2439ec44935a,Guānyú Bèi Bānshang Lǜchá Wēixié Nà Jiàn Shì,That Time I Was Blackmailed By the Class's Green Tea Bitch,Xian Jun,Xian Jun,Long Strip; Romance; Comedy; Sexual Violence; Girls' Love; Drama; School Life; Web Comic; Full Color,,ongoing,2020.0,suggestive,zh,39883,9.1632,9.144228228347322,97,1,"[{""id"": ""9a280d5b-8777-481c-a704-61ad00753d43"", ""relation"": ""alternate_story"", ""title"": ""Fox and Deer""}]"
370,abe0bb3b-a05e-4602-aa4f-578e0b962cf9,Byeol eul Pumeun Swordmaster,The Stellar Swordmaster,Hong Dae Eui (홍대의); Q10,Juno (주노),Action; Long Strip; Magic; Drama; Fantasy; Adaptation; Full Color,,ongoing,2023.0,safe,ko,20036,9.2231,9.144135280240521,16,0,[]
371,6b17751a-f0e2-46a2-9c39-8cae0cb69d39,Nyako to Hakase,Nyako to Hakase,Sorajirou,Sorajirou,Animals; Comedy; Web Comic; Slice of Life,,completed,2021.0,safe,ja,8225,9.251,9.143500721530161,44,0,[]
372,37cfa7cf-2724-438d-aaf5-499bb42389a6,Given: 10th Mix,Given: 10th Mix,Kizu Natsuki,Kizu Natsuki,Romance; Comedy; Boys' Love; Drama; Music,,completed,2024.0,suggestive,ja,2842,9.4432,9.143386395866573,0,1,"[{""id"": ""039d717e-9690-47fd-944d-93161b97fbac"", ""relation"": ""prequel"", ""title"": ""Given""}]"
373,9dc08c5f-be0e-4fd3-800e-75a45321dcdf,A Day With Rinko-chan,A Day With Rinko-chan,Nanase Hachi,Nanase Hachi,Drama; School Life; Slice of Life,seinen,completed,2021.0,safe,ja,10395,9.2257,9.14082392185334,17,0,[]
374,a892e04c-e20c-4fd3-9169-d620cee8dbd4,Batsuichi de Nakimushi na Otonarisan,A Divorced Crybaby Has Moved in Next Door,Zyugoya,Zyugoya,Official Colored; Romance; Comedy; Drama; Slice of Life,,completed,2021.0,suggestive,ja,76935,9.1555,9.140609953753337,40,2,"[{""id"": ""ba0dfa91-47cb-47eb-a374-fa1f5427ad89"", ""relation"": ""side_story"", ""title"": ""Divorced Crybaby Side Story: Takanashi-kun and Karasuma-san""}, {""id"": ""e583dffd-2357-4963-b65f-a04f178dcce4"", ""relation"": ""doujinshi"", ""title"": ""‘BatsuNaki’ FANBOX Matome""}]"
375,a840d47c-4080-4783-9c42-af8100e48079,Tsuredure Children,Tsuredure Children,Wakabayashi Toshiya,Wakabayashi Toshiya,Romance; Comedy; 4-Koma; School Life; Slice of Life,,completed,2014.0,safe,ja,22101,9.1777,9.140105630890373,328,0,[]
376,c53caf9a-95b6-4400-b41b-d1b09167ef7a,Kaii-san and I,,Funi・Mu9,Funi・Mu9,Monsters; Demons; Psychological; Ghosts; Animals; Romance; Philosophical; Horror; Monster Girls; Web Comic; Slice of Life; Supernatural,,ongoing,2023.0,safe,ja,14909,9.2332,9.1384291234648,22,1,"[{""id"": ""911f2f01-9718-4a42-8e2a-1b684b695cba"", ""relation"": ""shared_universe"", ""title"": ""303-Goushitsu no Kami-sama""}]"
377,819238d7-f4aa-4ba3-9a79-a695dc62200b,Byeoljeongjik Gongmuwon,Special Civil Servant,Kwon Sora (권소라); Seo Jaewon (서재원),Baesaem (배샘); ch,Action; Long Strip; Drama; Fantasy; Web Comic; Full Color,,ongoing,2024.0,safe,ko,6765,9.3087,9.138424097430805,11,0,[]
378,259dfd8a-f06a-4825-8fa6-a2dcd7274230,Yofukashi no Uta,Call of the Night,Kotoyama,Kotoyama,Award Winning; Action; Psychological; Romance; Comedy; Drama; Vampires; Slice of Life; Supernatural,shounen,completed,2019.0,suggestive,ja,117013,9.1458,9.13738621471383,385,1,"[{""id"": ""326be699-c9b8-41a5-b990-369f60256d15"", ""relation"": ""sequel"", ""title"": ""Yofukashi no Uta - Rakuen-hen""}]"
379,99e883fd-04f6-449b-ab23-1d904695d272,Blue Archive: Game Kaihatsu-bu Daibouken!,Blue Archive: The Grand Adventure of the Game Development Department,Mizu Asato,Mizu Asato,Sci-Fi; Comedy; Video Games; Fantasy; Slice of Life,shounen,ongoing,2023.0,safe,ja,4341,9.4279,9.137207620537172,18,7,"[{""id"": ""1f63ea84-6bc6-4312-81bf-b28d5592d802"", ""relation"": ""same_franchise"", ""title"": ""Blue Archive! (Japan)""}, {""id"": ""31dc805a-7cef-498d-9e00-93a434b4da67"", ""relation"": ""same_franchise"", ""title"": ""Blue Archive - Hide and Seek Behind the Scenes ~Kivotos Kourin Grand Festival~""}, {""id"": ""5fcf0847-7d3a-4164-a705-970a06df2794"", ""relation"": ""same_franchise"", ""title"": ""Blue Archive - Benriya 68 Gyoumunishi""}, {""id"": ""6348a562-067b-45cb-ab2b-c6f33f0e7ead"", ""relation"": ""same_franchise"", ""title"": ""Blue Archive! (Global)""}, {""id"": ""d7bcf782-3aaa-4916-868b-0a3a2629826a"", ""relation"": ""same_franchise"", ""title"": ""Blue Archive Dengeki Comic Anthology""}, {""id"": ""e93b2166-fe60-4459-9545-aeb404310f87"", ""relation"": ""same_franchise"", ""title"": ""Blue Archive Anthology""}, {""id"": ""efca8b0b-9b1e-4cf2-9af1-c80f4c5d1f21"", ""relation"": ""same_franchise"", ""title"": ""Blue Archive - Aoharu Record""}]"
380,23f2ab6b-0832-456b-9d87-35868ce34fc8,Jijyou wo Shiranai Tenkousei ga Guigui Kuru,My Clueless First Friend,Kawamura Taku,Kawamura Taku,Romance; Comedy; School Life; Slice of Life,shounen,ongoing,2018.0,safe,ja,28398,9.1869,9.13664222043465,216,2,"[{""id"": ""b196a9c6-ea26-41ec-a5ca-b1e542df5ba1"", ""relation"": ""doujinshi"", ""title"": ""Jijou o Shiranai Tenkousei ga Guigui Kuru: Yuki no Shita de Nemuru""}, {""id"": ""ce382191-8f61-4b45-94cb-0d1692ff6229"", ""relation"": ""side_story"", ""title"": ""My Clueless First Friend - Side Stories""}]"
381,a8075227-d85a-4a2c-a2a1-e21a78a3f593,Blue Archive - The Great Gehennian Floof War (Doujinshi),Blue Archive - The Great Gehennian Floof War (Doujinshi),Rimukoro,Rimukoro,Comedy; Doujinshi; Slice of Life,,completed,2023.0,safe,ja,1314,9.4791,9.136163074984623,3,0,[]
382,22dbd06d-8d3c-458e-895c-d726abd16dc0,Koiiro no Kyoukai,Border of Love Colors (Touhou Project),Mizuyama Mero (水山めろ),Mizuyama Mero (水山めろ),Romance; Magic; Girls' Love; Fantasy,,completed,2024.0,safe,ja,4785,9.2711,9.136104886874632,15,1,"[{""id"": ""febf0ddb-7ed0-41a1-b662-78ab81212fb9"", ""relation"": ""same_franchise"", ""title"": ""Touhou Project (Franchise)""}]"
383,26e40241-4a4e-4d12-a04d-cb3f7f707100,Urasekai Picnic,Otherside Picnic,Miyazawa Iori,Mizuno Eita,Sci-Fi; Monsters; Action; Psychological; Survival; Adventure; Girls' Love; Military; Gore; Drama; Horror; Fantasy; Slice of Life; Supernatural; Mystery; Adaptation,shounen,ongoing,2018.0,safe,ja,33406,9.1781,9.135434743980012,434,1,"[{""id"": ""a4d68f1b-3a18-4090-92b8-848e5f7730e0"", ""relation"": ""doujinshi"", ""title"": ""Urasekai Picnic - Isshuukan Nue Day (Doujinshi)""}]"
384,a1ab18b2-8544-45d4-a35c-e06a5abafd7f,Trapped,Trapped,PeaCh88,PeaCh88,Comedy; Adventure; Crossdressing; Isekai; Web Comic; Supernatural,,hiatus,2017.0,safe,en,7361,9.2014,9.135037218086882,96,0,[]
385,b905f827-8d48-4948-b58c-0d6fd330d10d,BLAME!,BLAME!,Nihei Tsutomu,Nihei Tsutomu,Thriller; Sci-Fi; Action; Psychological; Survival; Adventure; Post-Apocalyptic; Gore; Drama; Horror; Mystery,seinen,completed,1997.0,safe,ja,32754,9.176,9.134991908143776,61,6,"[{""id"": ""0988efc2-2574-41e8-a5b3-99e798f1cec3"", ""relation"": ""spin_off"", ""title"": ""Blame Gakuen! And So On""}, {""id"": ""5a355d26-13cb-4b05-b904-e15f8b458b48"", ""relation"": ""side_story"", ""title"": ""BLAME! and so on""}, {""id"": ""6075ba2d-0896-48ee-9eb3-bb39803656d5"", ""relation"": ""shared_universe"", ""title"": ""Sabrina & Abba""}, {""id"": ""77e79c39-9c8e-475c-b060-46cb47e471f4"", ""relation"": ""side_story"", ""title"": ""BLAME! Movie Edition: The Electrofishers' Escape""}, {""id"": ""9d6393a0-e651-496d-9c68-465b7ee5fad2"", ""relation"": ""prequel"", ""title"": ""NOiSE""}, {""id"": ""e0bfebb0-4821-443d-8bdb-dc047c7a9e2b"", ""relation"": ""side_story"", ""title"": ""BLAME! Fort of Silicon Creatures""}]"
386,b7af9467-a5d3-470a-86e9-b5ae4a82e0cd,JoJo no Kimyou na Bouken: Part 4 - Diamond wa Kudakenai Color-ban,"JoJo's Bizarre Adventure, Part 4: Diamond Is Unbreakable - Digital Colored Comics",Araki Hirohiko,Araki Hirohiko,Official Colored; Action; Psychological; Comedy; Adventure; Drama; School Life; Horror; Fantasy; Delinquents; Slice of Life; Supernatural; Mystery,shounen,completed,2013.0,safe,ja,11223,9.1827,9.134931255689906,23,15,"[{""id"": ""15aec059-f64e-4353-bc80-04017227216a"", ""relation"": ""doujinshi"", ""title"": ""JoJo's Bizarre Adventure - Papa to Jolyne to Josuke to! (Doujinshi)""}, {""id"": ""1fd20767-f5fc-4228-a2fc-c88497eee318"", ""relation"": ""doujinshi"", ""title"": ""JoJo x Death Note (Doujinshi)""}, {""id"": ""2fde00f4-6795-4a48-96a7-d83063d7fe63"", ""relation"": ""doujinshi"", ""title"": ""JoJo's Bizarre Adventure - 19990508 (Doujinshi)""}, {""id"": ""308fa042-5e96-4f31-9404-ddf6a62f7219"", ""relation"": ""doujinshi"", ""title"": ""JoJo's Bizarre Adventure - TRSK LOG (Doujinshi)""}, {""id"": ""32c42592-803d-42ea-9081-a0392b242988"", ""relation"": ""side_story"", ""title"": ""Under Execution, Under Jailbreak""}, {""id"": ""51f7d9fc-256e-4160-add1-ab9652f32ae1"", ""relation"": ""prequel"", ""title"": ""JoJo no Kimyou na Bouken: Part 3 - Stardust Crusaders Color-ban""}, {""id"": ""563c8730-a22e-4889-8a57-9b813e113002"", ""relation"": ""side_story"", ""title"": ""Kishibe Rohan Louvre e Iku""}, {""id"": ""67e8e880-1777-4be9-b811-10a99470c7ce"", ""relation"": ""doujinshi"", ""title"": ""JoJo's Bizarre Adventure - UNDER GROUND (Doujinshi)""}, {""id"": ""78647417-f64e-4fa7-bb57-b286a5a59453"", ""relation"": ""doujinshi"", ""title"": ""JoJo's Bizarre Adventure - JOJO's SUMMER (Doujinshi)""}, {""id"": ""9674ffaf-e941-4a47-bd84-eb618fcf3b46"", ""relation"": ""doujinshi"", ""title"": ""JoJo's Bizarre Adventure - Morioh Town oBon Holiday '99 (Doujinshi)""}, {""id"": ""b9553cd6-ac35-41a0-b7fd-6efaf029760f"", ""relation"": ""side_story"", ""title"": ""Kishibe Rohan wa Ugokanai""}, {""id"": ""d30e506c-df4f-407f-ae8e-9dfcc440c2ef"", ""relation"": ""doujinshi"", ""title"": ""Toshikazu Hazamada's Questionable Adventure""}, {""id"": ""dd1e758d-4c18-4648-91eb-942502087eb7"", ""relation"": ""doujinshi"", ""title"": ""JoJo's Bizarre Adventure - Little Jolyne Goes to Morioh (Doujinshi)""}, {""id"": ""e300e9a0-3d02-40df-b8b6-d0446e80faeb"", ""relation"": ""doujinshi"", ""title"": ""Morioh's Late Night Mystery""}, {""id"": ""fd917921-5e97-479f-b22c-5d7f00e1c830"", ""relation"": ""sequel"", ""title"": ""JoJo no Kimyou na Bouken: Part 5 - Ougon no Kaze Color-ban""}]"
387,39e55355-dfb4-44e9-bd0b-df1fc3a0e33e,Geunyeo ga Gongjagjeo lo Gaya Haessdeon Sajeong,The Reason Why Raeliana Ended up at the Duke’s Mansion,Milcha (밀차),Whale (고래),Reincarnation; Long Strip; Romance; Comedy; Isekai; Drama; Web Comic; Adaptation; Full Color,,completed,2017.0,safe,ko,65474,9.1522,9.133244599483351,809,0,[]
388,8bd19e5c-94f7-4368-a918-50f463857446,Kuroshitsuji,Black Butler,Toboso Yana,Toboso Yana,Historical; Monsters; Action; Demons; Psychological; Comedy; Zombies; Crossdressing; Gore; Drama; Horror; Fantasy; Police; Slice of Life; Supernatural; Mystery; Tragedy,shounen,ongoing,2006.0,safe,ja,21807,9.2161,9.133123480341773,45,11,"[{""id"": ""1ac2162f-8c84-42db-87f0-2fe5ccd09c77"", ""relation"": ""doujinshi"", ""title"": ""Change!""}, {""id"": ""35d012ac-dee0-4e6c-bb56-8ce825713119"", ""relation"": ""spin_off"", ""title"": ""Kuroshitsuji Anthology Comic: Nijishitsuji""}, {""id"": ""40870a82-1337-4d6d-a158-a5be1776627a"", ""relation"": ""doujinshi"", ""title"": ""Kuroshitsuji - Under the Rose (Doujinshi)""}, {""id"": ""4a50aa8a-3d9d-4fc0-b280-6a7f62f8f2a9"", ""relation"": ""doujinshi"", ""title"": ""Kuroshitsuji - Night and Day (Doujinshi)""}, {""id"": ""4bd34b2e-f3bb-4288-b715-77dc5be9a612"", ""relation"": ""doujinshi"", ""title"": ""Kuroshitsuji - Cheshire (Doujinshi)""}, {""id"": ""53452650-1b64-4c8d-8535-990825ff2e85"", ""relation"": ""doujinshi"", ""title"": ""Black Butler - Slow (Doujinshi)""}, {""id"": ""64f2ff4c-0a3c-469b-8a81-7f3fdbb1b2c4"", ""relation"": ""doujinshi"", ""title"": ""Black Butler - Birdcage (Doujinshi)""}, {""id"": ""972fc738-4660-4402-a205-e02dff9e2c74"", ""relation"": ""doujinshi"", ""title"": ""Kuroshitsuji - Fully Fully (Doujinshi)""}, {""id"": ""9ddcaeec-813b-4381-8fe1-e2867bcfd2d5"", ""relation"": ""doujinshi"", ""title"": ""Kuroshitsuji - Love Doll (Doujinshi)""}, {""id"": ""d7309de3-a051-4a81-a9d5-7e2693ad528d"", ""relation"": ""doujinshi"", ""title"": ""Black Butler - Devil Moralism (Doujinshi)""}, {""id"": ""dc1d3f3a-20f7-4eaf-823f-f74845a27da1"", ""relation"": ""doujinshi"", ""title"": ""Black Butler - Bocchan, There's a Problem (Doujinshi)""}]"
389,6feb755d-34a4-4bd4-a642-652977db4552,Spy x Family - Anya and Damian (Doujinshi),Spy x Family - Anya and Damian (Doujinshi),m_nmy01,Hinamori,Romance; Comedy; Doujinshi; School Life; Full Color,,ongoing,,safe,ja,4442,9.3556,9.132458642391159,40,1,"[{""id"": ""6b958848-c885-4735-9201-12ee77abcb3c"", ""relation"": ""based_on"", ""title"": ""SPY×FAMILY""}]"
390,f0f62b75-5989-4f32-9b59-ab56abe35fc1,Return of the Blossoming Blade,Return of the Blossoming Blade,Biga (비가),LICO,Reincarnation; Time Travel; Action; Long Strip; Comedy; Martial Arts; Adventure; Fantasy; Web Comic; Adaptation; Full Color,,ongoing,2021.0,safe,ko,9836,9.2688,9.132327496766086,8,1,"[{""id"": ""95c7accc-3b55-4790-9fa4-54383c447406"", ""relation"": ""shared_universe"", ""title"": ""Chronicles of the Lazy Sovereign""}]"
391,d5208b9d-5233-4672-bf5c-6e7d23767e37,J⇔M,JM,Ohtake Masao,Ohtake Masao,Genderswap; Action; Comedy; School Life,seinen,ongoing,2023.0,safe,ja,10614,9.2384,9.132235079290464,64,0,[]
392,30f3ac69-21b6-45ad-a110-d011b7aaadaa,Tonikaku Kawaii,Fly Me to The Moon,Hata Kenjiro,Hata Kenjiro,Romance; Comedy; Slice of Life,shounen,ongoing,2018.0,safe,ja,95989,9.1445,9.131555236281494,886,4,"[{""id"": ""590fd677-394f-440b-94cc-4468991cbe55"", ""relation"": ""doujinshi"", ""title"": ""MOUSOU THEATER (Doujinshi)""}, {""id"": ""9a247e9e-3f89-4bc9-bd33-6b36616502b9"", ""relation"": ""shared_universe"", ""title"": ""Hayate no Gotoku!""}, {""id"": ""e4429b48-f543-47cd-ad2d-39e73ab264e5"", ""relation"": ""shared_universe"", ""title"": ""100-nichigo ni Kekkon Suru Futari""}, {""id"": ""eb331280-deee-437c-b681-2fb7f8f2e59c"", ""relation"": ""doujinshi"", ""title"": null}]"
393,b9c6525a-b113-49af-8251-bf12b9a0f67c,Kindan Shitei de Breakthrough ~Boy Meets Satan~,Breakthrough With The Forbidden Master ~Boy Meets Satan~,Anikkii Burazzaa,Etou Yona,Action; Demons; Ghosts; Romance; Comedy; Martial Arts; Adventure; Magic; Harem; Drama; School Life; Fantasy; Adaptation,shounen,completed,2020.0,safe,ja,50518,9.1518,9.130630150632351,444,0,[]
394,a8aabcc9-0531-4f32-b202-1589fbc5fde3,"Totsukuni no Shoujo - Siúil, a Rún","The Girl From the Other Side: Siúil, a Rún",Nagabe,Nagabe,Demons; Drama; Horror; Fantasy; Supernatural; Mystery,shounen,completed,2015.0,safe,ja,18547,9.2128,9.130107469374313,62,0,[]
395,47ab4765-d03f-4f6f-ab61-044c66170f8e,Kkot eun Mikkiya,Flowers of Allure,Dry Fish Girl (건어물녀),Godago,Long Strip; Romance; Drama; Mystery; Adaptation; Full Color,,ongoing,2025.0,erotica,ko,6042,9.3323,9.130107400093468,7,0,[]
396,384308ae-cf17-490c-9a9e-8bb0db90c3e6,The Villain's Survival Route,The Villain's Survival Route,Jee Gab Song (지갑송),Daon Creative (다온크리에이티브),Reincarnation; Action; Psychological; Long Strip; Comedy; Harem; Isekai; Drama; School Life; Fantasy; Web Comic; Adaptation; Full Color; Tragedy,,ongoing,2025.0,safe,ko,28224,9.177,9.129987191920902,56,0,[]
397,0953cced-141c-490f-a5d2-a359587be7f1,Futari Ashita mo Sorenari ni,"It Takes Two Tomorrow, Too",Suzuyuki,Suzuyuki,Romance; Comedy; Office Workers; Slice of Life,seinen,completed,2019.0,safe,ja,55234,9.151,9.129315091295727,280,0,[]
398,f30a2fd3-cf2c-4f77-9910-51a908459a82,Otome Game no Heroine de Saikyou Survival,The Otome Heroine's Fight for Survival,Harunohi Biyori,Wakasa Kobato,Reincarnation; Action; Survival; Adventure; Crossdressing; Magic; Drama; Fantasy; Villainess; Adaptation,shounen,ongoing,2021.0,safe,ja,50783,9.1516,9.128264961346202,70,0,[]
399,c26269c7-0f5d-4966-8cd5-b79acb86fb7a,Sewayaki Kitsune no Senko-san,The Helpful Fox Senko-san,Rimukoro,Rimukoro,Animals; Romance; Comedy; Office Workers; Magic; Fantasy; Monster Girls; Slice of Life; Cooking; Supernatural,seinen,hiatus,2017.0,safe,ja,56002,9.1506,9.12819332976317,372,2,"[{""id"": ""112fc7c8-3061-4371-ba3b-1e8f74cd5dff"", ""relation"": ""doujinshi"", ""title"": ""Sewayaki Kitsune no Senko-san - 800-Nen no Yakusoku (Doujinshi)""}, {""id"": ""90c7a733-0f38-4cf7-b6cb-17c94406c86f"", ""relation"": ""shared_universe"", ""title"": ""The Terrifying Hitman and the Little Girl He Took in""}]"
400,f110d48a-8461-428e-bbcb-5ae3c0d53d25,Mietemasu yo! Aizawa-san,"I See You, Aizawa-san!",Odoroo Dorothy,Odoroo Dorothy,Ghosts; Romance; Comedy; Girls' Love; Drama; School Life; Horror; Supernatural,seinen,ongoing,2022.0,safe,ja,27512,9.1651,9.127952187185548,35,0,[]
401,94bfc769-f5e5-4f88-838c-4f69e7a663c2,Kuchi ga Saketemo Kimi Ni Wa,Kuchi ga Saketemo Kimi Ni Wa,Kajimoto Akari,Kajimoto Akari,Romance; Comedy; Monster Girls; Slice of Life; Supernatural,,completed,2020.0,safe,ja,45561,9.1621,9.12713242775026,93,1,"[{""id"": ""1c5a193e-973e-4ddd-90fc-4e09e5da4c18"", ""relation"": ""alternate_story"", ""title"": ""Kuchi ga Saketemo Kimi ni wa (Webcomic)""}]"
402,da25c95f-e062-48ea-b5a0-9b51aeeddc05,Zeikin de Katta Hon,Books Bought With Taxes,Zuino,Keiyama Kei,Comedy; Drama; Delinquents; Slice of Life,seinen,ongoing,2021.0,safe,ja,16815,9.2188,9.126590341508155,34,0,[]
403,ea889b36-7159-44d0-9eef-1dda6125828e,Yeon-u ui Sunjeong,Yeonwoo's Innocence,Esol,Esol,Long Strip; Romance; Comedy; Sexual Violence; Philosophical; School Life; Slice of Life; Full Color,,completed,2020.0,safe,ko,14330,9.2105,9.125268633992501,94,0,[]
404,eab876cc-a233-4d73-a6c3-a94e7baa70be,Your Lie in April,Your Lie in April,Arakawa Naoshi,Arakawa Naoshi,Award Winning; Comedy; Drama; School Life; Slice of Life; Music; Tragedy,shounen,completed,2011.0,safe,ja,5276,9.255,9.12494901720755,16,1,"[{""id"": ""0c403ddd-24f3-4c55-b699-b50cc025381b"", ""relation"": ""prequel"", ""title"": ""Shigatsu wa Kimi no Uso - Coda""}]"
405,9ef97eba-e0bc-452c-9ed0-bfb645d9b536,Hitoribocchi no Marumaru Seikatsu,Bocchi Hitori's ____ Life,Katsuwo,Katsuwo,Comedy; 4-Koma; School Life; Slice of Life,shounen,completed,2013.0,safe,ja,21173,9.185,9.124199585357607,120,3,"[{""id"": ""7b662cfb-fe02-43bd-9083-742e1af1aba4"", ""relation"": ""doujinshi"", ""title"": ""Bocchi-sensei! Teach me Scanlation!""}, {""id"": ""986fff4e-7ed9-4ad8-9b98-69da338c0ed8"", ""relation"": ""shared_universe"", ""title"": ""Mitsuboshi Colors""}, {""id"": ""d1c0d3f9-f359-467c-8474-0b2ea8e06f3d"", ""relation"": ""doujinshi"", ""title"": ""Bocchi-sensei! Teach me MangaDex! [OBSOLETE]""}]"
406,770c61b9-0ef2-460b-8c25-c10ab23349ce,Akebi-chan no Sailor Fuku,Akebi-chan's Sailor Uniform,Hiro (博),Hiro (博),Romance; Girls' Love; School Life; Slice of Life,seinen,ongoing,2016.0,suggestive,ja,34154,9.1665,9.123916214647183,215,0,[]
407,67e56a7a-c7ea-4db8-84f0-db19c2034729,Seasons of Blossom,Seasons of Blossom,HongDuck (홍덕),NEMONE,Long Strip; Romance; Comedy; Drama; School Life; Web Comic; Full Color; Tragedy,,completed,2020.0,safe,ko,10244,9.228,9.122745282012518,161,1,"[{""id"": ""29ca9de0-b633-4756-b4f3-c3bef1ee4f9e"", ""relation"": ""sequel"", ""title"": ""Cheongchun Love-some""}]"
408,1515d3bb-f8d3-4154-9423-e15f9e3088be,Fami-res Iko.,Let's go to the FamiRes.,Wayama Yama,Wayama Yama,Comedy; Drama; School Life; Slice of Life; Cooking,seinen,completed,2020.0,safe,ja,2726,9.4619,9.122677012829154,6,1,"[{""id"": ""212e9236-c0e3-4e85-ae92-087495820251"", ""relation"": ""main_story"", ""title"": ""Karaoke Iko!""}]"
409,0d31587d-cec8-4bb6-89dd-cb0e4dde5b14,Umineko WHEN THEY CRY Episode 8: Twilight of the Golden Witch,Umineko WHEN THEY CRY Episode 8: Twilight of the Golden Witch,Ryukishi07,Natsumi Kei,Action; Psychological; Romance; Drama; Horror; Fantasy; Supernatural; Mystery; Tragedy,shounen,completed,2012.0,safe,ja,1712,9.5515,9.122243779161817,11,2,"[{""id"": ""15e4d8b9-2a1e-4db0-82a9-ecd92411a0b8"", ""relation"": ""prequel"", ""title"": ""Umineko WHEN THEY CRY Episode 7: Requiem of the Golden Witch""}, {""id"": ""bc056512-7d4a-475b-b93b-7d9b09ffb016"", ""relation"": ""doujinshi"", ""title"": ""Umineko When They Cry Episode Collection""}]"
410,c3678460-e2c8-4dc1-b7c9-7418bdec14bc,Mother's Contract Marriage,Mother's Contract Marriage,Siya,Choo Hae-Yun,Long Strip; Romance; Magic; Drama; Fantasy; Web Comic; Adaptation; Full Color,,ongoing,2022.0,safe,ko,10093,9.2525,9.122041657188607,9,0,[]
411,0550851a-961b-4b34-9684-4b2901e62079,Moto Azadarake no Kanojo ga Shinpai de,"I'm Worried About My Girlfriend, Who Used to be Covered in Bruises",Kuga Tsuniya,Kuga Tsuniya,Romance; Web Comic; Slice of Life,,ongoing,2024.0,safe,ja,34558,9.1633,9.12161219542185,36,4,"[{""id"": ""17447693-cb65-493d-8e21-dafb22d8340f"", ""relation"": ""prequel"", ""title"": ""Azadarake no Classmate ga Shinpai de""}, {""id"": ""1d977237-2064-472f-b706-1306197229f7"", ""relation"": ""side_story"", ""title"": ""Moto Azadarake no Kanojo to Yoru [R18]""}, {""id"": ""3424f156-149b-4942-a1d9-c1ad76e59174"", ""relation"": ""side_story"", ""title"": null}, {""id"": ""ddd02306-939d-4431-bb8f-de39ec7d59aa"", ""relation"": ""side_story"", ""title"": null}]"
412,b6886009-e60b-44a7-abc2-a575765277ba,D.Gray-man,D.Gray-man,Hoshino Katsura,Hoshino Katsura,Monsters; Action; Demons; Adventure; Magic; Gore; Fantasy; Mystery,shounen,ongoing,2004.0,safe,ja,25868,9.1928,9.121284294256903,72,8,"[{""id"": ""4aeead4c-c5c1-4405-8a82-51d990255797"", ""relation"": ""doujinshi"", ""title"": ""D.Gray-man - Stainless (Doujinshi)""}, {""id"": ""536d9a77-cd12-4bed-9769-2ed8a931e037"", ""relation"": ""doujinshi"", ""title"": ""D.Gray Man - PINK PRISONER (Doujinshi)""}, {""id"": ""6beead77-6f6a-4f17-83d7-866c6b88cdd3"", ""relation"": ""doujinshi"", ""title"": ""D.Gray-man - Ikenai Allen-tan PURE WHITE (Doujinshi)""}, {""id"": ""7e05f6e9-5724-4a61-9c83-9215934d1bd1"", ""relation"": ""spin_off"", ""title"": ""Continue""}, {""id"": ""878d94d6-7f96-40db-b095-6421a8dda6bb"", ""relation"": ""doujinshi"", ""title"": ""D.Gray-man - Kiss of Life (Doujinshi)""}, {""id"": ""8b98900b-4ef9-4698-a853-4ad5b423ef46"", ""relation"": ""doujinshi"", ""title"": ""D.Gray-Man - Mugen (Doujinshi)""}, {""id"": ""c1b92aa5-a0a8-439c-afa1-9531b5b16408"", ""relation"": ""doujinshi"", ""title"": ""D.Gray-man - Boku no Wagamama, Kimi no Ai (Doujinshi)""}, {""id"": ""d1e80bce-610a-4ac7-b253-00c272691b6f"", ""relation"": ""doujinshi"", ""title"": ""D.Gray-man - Yokubari Sweet Angel Betsubara! (Doujinshi)""}]"
413,08e1f85a-bb12-4fe4-aec5-0d7a80b3a261,AnonBlack's Typesetting Guide,AnonBlack's Typesetting Guide,AnonBlack,AnonBlack,Long Strip; Self-Published,,completed,2019.0,safe,en,1333,9.5675,9.12096529339619,18,2,"[{""id"": ""7b662cfb-fe02-43bd-9083-742e1af1aba4"", ""relation"": ""shared_universe"", ""title"": ""Bocchi-sensei! Teach me Scanlation!""}, {""id"": ""b45f066b-bf02-41f6-8456-b47da7843101"", ""relation"": ""shared_universe"", ""title"": ""Ero-Otoko's Guide to Translating and Editing""}]"
414,4febaf1e-924d-4d2a-a446-baa0bf52e8ef,Instant Regret,Instant Regret,Katou Takuji,Katou Takuji,Romance; Comedy; Magic; Drama; Fantasy; Monster Girls; Web Comic,,completed,2021.0,suggestive,ja,28513,9.1518,9.119156222645323,20,1,"[{""id"": ""5418be97-515b-492b-8827-ec0590747ba9"", ""relation"": ""alternate_version"", ""title"": ""Backyard Junk Universe""}]"
415,9f6ad04e-a9e9-4257-b7cf-dc10f8b99a5a,Monotone Blue,Monotone Blue,Nagabe,Nagabe,Animals; Romance; Boys' Love; Drama; School Life; Slice of Life,,completed,2019.0,safe,ja,5802,9.198,9.11837294611582,35,1,"[{""id"": ""9b4ebb5c-f76c-4ec8-89d0-fd0518032b79"", ""relation"": ""same_franchise"", ""title"": ""Wizdoms""}]"
416,8aa1fb77-c86e-41db-adfb-0737c3438113,Watashi no Shiawase na Kekkon,Watashi no Shiawase na Kekkon,Agitogi Akumi,Kousaka Rito,Historical; Romance; Drama; Supernatural; Adaptation,shoujo,ongoing,2019.0,safe,ja,37604,9.162,9.115109112644639,305,0,[]
417,ab30c57c-ce2e-4c3b-b2a4-fea7b2f02ca1,The Fable: The second contact,,Minami Katsuhisa,Minami Katsuhisa,Thriller; Comedy; Crime; Mafia; Sexual Violence; Gore; Drama,seinen,completed,2021.0,suggestive,ja,10286,9.2048,9.114827714621812,18,2,"[{""id"": ""5209fe10-4a14-403f-8837-2ccf8cced253"", ""relation"": ""prequel"", ""title"": ""The Fable""}, {""id"": ""d0e170c2-7b36-4040-b9b1-394f27c0400e"", ""relation"": ""sequel"", ""title"": ""The Fable: The third secret""}]"
418,d7576e72-0301-4ed3-9137-722ed768bfda,Lonely Girl ni Sakaraenai,I Can't Say No to the Lonely Girl,Kashikaze,Kashikaze,Romance; Girls' Love; Drama; School Life,,completed,2019.0,safe,ja,53112,9.127,9.11445048018365,183,3,"[{""id"": ""03cba9f4-6fc9-4840-8f56-c31af5d05174"", ""relation"": ""spin_off"", ""title"": ""Lonely Girl ni Hanataba o""}, {""id"": ""7984732d-5912-4a11-b42d-737ed5e6cb4c"", ""relation"": ""spin_off"", ""title"": null}, {""id"": ""9cb600fb-c1a7-4116-913c-72002f634392"", ""relation"": ""spin_off"", ""title"": null}]"
419,43541d36-7996-472b-aefb-72f640c29eda,The Girl I Like Forgot Her Glasses - Twitter Side Stories,The Girl I Like Forgot Her Glasses - Twitter Side Stories,Fujichika Koume,Fujichika Koume,Romance; Comedy; School Life; Web Comic; Slice of Life,,completed,2018.0,safe,ja,4784,9.3996,9.113614960729208,2,3,"[{""id"": ""6d6d9fda-5cd3-40ac-948b-776b1a1a0eb1"", ""relation"": ""main_story"", ""title"": ""Suki na Ko ga Megane wo Wasureta""}, {""id"": ""8cb045fe-2f2a-4688-b303-0de6247e2701"", ""relation"": ""same_franchise"", ""title"": ""The Girl I Like Forgot Her Glasses (Pre-Serialization)""}, {""id"": ""dc3bce3d-f31f-4380-aa90-415d5a950757"", ""relation"": ""shared_universe"", ""title"": ""The Girl I Like Forgot Her Glasses - pixiv Side Stories""}]"
420,e4573044-ca38-4b83-bcc5-9e3a7c0b764b,"Haikei, Arishi Hi ni Saku Hanatachi e",Dear Flowers That Bloom In Days of Yore,Igarashi Jun ,Igarashi Jun ,Romance; Girls' Love; Drama; School Life,seinen,ongoing,2024.0,suggestive,ja,9422,9.2132,9.11354721480761,33,0,[]
421,dd7632cf-1317-4878-8fd6-9a38fadad76a,"Starting Today, It's My Turn!!","Starting Today, It's My Turn!!",Nishimori Hiroyuki,Nishimori Hiroyuki,Thriller; Action; Romance; Comedy; Adventure; Drama; School Life; Delinquents; Slice of Life,shounen,completed,1988.0,safe,ja,3028,9.3467,9.113080169863462,16,1,"[{""id"": ""488576f6-6fec-45aa-97ef-8d6dfaece422"", ""relation"": ""alternate_story"", ""title"": ""From Today, It's My Turn!!: Arc of Sagawa the Hero & Those Two""}]"
422,d8adcc66-b2a3-4c0c-a8b4-c6f2f0538b90,Azumanga Daioh,Azumanga Daioh,Azuma Kiyohiko,Azuma Kiyohiko,Monsters; Animals; Comedy; 4-Koma; Drama; School Life; Slice of Life,shounen,completed,1999.0,safe,ja,5132,9.3203,9.112304390461375,18,7,"[{""id"": ""107be290-6a4b-4974-a9c5-3761a2514823"", ""relation"": ""spin_off"", ""title"": ""Azumanga Daioh (2009 Print)""}, {""id"": ""58be6aa6-06cb-4ca5-bd20-f1392ce451fb"", ""relation"": ""shared_universe"", ""title"": ""Yotsuba to!""}, {""id"": ""6df9969e-317f-46ff-86a9-6ff8664f568c"", ""relation"": ""side_story"", ""title"": ""Azumanga Daioh: Extra Lessons""}, {""id"": ""79424f8b-0ead-4394-9033-24c25f709248"", ""relation"": ""spin_off"", ""title"": ""Osaka Expo (Azumanga Daioh 10th Anniversary Tribute)""}, {""id"": ""89b31542-13f4-489a-b46a-afd2303b311d"", ""relation"": ""doujinshi"", ""title"": ""Kaiten (Kaiten Sommelier)""}, {""id"": ""a7b370a7-be03-49c2-a4d4-7f4b7bce4c7b"", ""relation"": ""doujinshi"", ""title"": ""Fist of the North Star & Azumanga DaiOH - Azumanga Ken-oh (Doujinshi)""}, {""id"": ""fb08f555-5963-4b90-a411-8dbe13b1d113"", ""relation"": ""doujinshi"", ""title"": ""Azumanga Daioh - Attachment (Doujinshi)""}]"
423,de285fba-3f4d-4636-b526-b8f0b7ca3475,Boy meets Maria,Boy meets Maria,Eguchi Kousei,Eguchi Kousei,Psychological; Romance; Boys' Love; Sexual Violence; Crossdressing; School Life,,completed,2017.0,safe,ja,11767,9.15,9.112000614964945,58,0,[]
424,8573d280-7f60-411d-b146-c97dca3c62f2,Osananananajimi,We're J-Just Childhood Friends,Yukimori Nene,Yukimori Nene,Romance; Comedy; School Life; Slice of Life,seinen,ongoing,2025.0,suggestive,ja,41447,9.1539,9.111709076706246,41,0,[]
425,9f9fa579-6320-4d01-943b-5be5356e1995,Harten,Harten,Jun (NAVIGAVI),Jun (NAVIGAVI),Monsters; Action; Survival; Gore; Horror; Fantasy; Web Comic; Tragedy,,ongoing,2025.0,safe,ja,58068,9.1424,9.1110841517716,70,0,[]
426,ddcebfa2-05a0-4fcd-9cd4-60d779c38f2c,Karakai Jouzu no (Moto) Takagi-san,Teasing Master (Former) Takagi-san,Yamamoto Souichirou; Inaba Mifumi,Inaba Mifumi,Romance; Comedy; Slice of Life,shounen,completed,2017.0,safe,ja,48687,9.1363,9.110339496183324,279,8,"[{""id"": ""1ab5f7e0-7768-457c-9f63-19471b6503cc"", ""relation"": ""shared_universe"", ""title"": ""Kunoichi Tsubaki no Mune no Uchi""}, {""id"": ""3673409f-7e00-40b2-a762-88baa497c8a6"", ""relation"": ""sequel"", ""title"": ""Karakai Jouzu (?) no Nishikata-san""}, {""id"": ""3ac9fd03-e3de-4520-90aa-d9fc002eac0a"", ""relation"": ""shared_universe"", ""title"": ""Fudatsuki no Kyouko-chan""}, {""id"": ""6e445564-d9a8-4862-bff1-f4d6be6dba2c"", ""relation"": ""prequel"", ""title"": ""Karakai Jouzu no Takagi-san""}, {""id"": ""b3d3727b-d22e-4719-acd2-cf34510b1bb8"", ""relation"": ""alternate_story"", ""title"": ""Ashita wa Doyoubi""}, {""id"": ""ec0c3cbf-dc3d-4df2-b2c6-2af7ad41541e"", ""relation"": ""shared_universe"", ""title"": ""Mane Mane Nichi Nichi""}, {""id"": ""f7556f3f-428f-4ee0-91dd-ff6123add767"", ""relation"": ""sequel"", ""title"": ""Nishikata-chan""}, {""id"": ""fb8eac2f-3f65-4602-afb6-9a7724227364"", ""relation"": ""alternate_story"", ""title"": ""Koi ni Koisuru Yukari-chan""}]"
427,8572da1b-3b5d-44aa-a40c-8a92b512c336,Dungeon no Osananajimi,Dungeon Friends Forever,Kuma Yasuhisa,Kuma Yasuhisa,Monsters; Action; Romance; Comedy; Adventure; Fantasy; Monster Girls; Slice of Life,shounen,ongoing,2022.0,safe,ja,53063,9.1387,9.110070136736393,27,1,"[{""id"": ""80a6118c-7caf-4e33-a926-694e617f8019"", ""relation"": ""shared_universe"", ""title"": ""Orc ga Onnakishi wo Ikusei shitemita""}]"
428,6da0b34b-db19-491a-b85c-6e31e0986f15,Black Lagoon,Black Lagoon,Hiroe Rei,Hiroe Rei,Action; Crime; Survival; Mafia; Office Workers; Military; Gore; Drama,seinen,ongoing,2002.0,suggestive,ja,24784,9.21,9.110001470796186,42,18,"[{""id"": ""0fbcdc4e-c990-40e5-a9b0-4d0816206783"", ""relation"": ""spin_off"", ""title"": ""Black Lagoon - Eda - initial stage""}, {""id"": ""106a7698-166c-4329-b25b-8df722414667"", ""relation"": ""doujinshi"", ""title"": ""Black Lagoon - El Mundo Completo (Doujinshi)""}, {""id"": ""1b3cdf41-2532-403d-a7e3-03a92f8797fb"", ""relation"": ""doujinshi"", ""title"": ""Black Lagoon - Threaten (Doujinshi)""}, {""id"": ""389611cc-5496-4b63-bea1-58ae4c479ccc"", ""relation"": ""doujinshi"", ""title"": ""Black Lagoon - Distorted Love (Doujinshi)""}, {""id"": ""40cc5e35-5d48-4235-b98e-c2574811cb5c"", ""relation"": ""doujinshi"", ""title"": ""Black Lagoon - Sick From Drinking (Doujinshi)""}, {""id"": ""4cc6e60c-69cb-4e8a-a6d6-fe3b89b6a7d9"", ""relation"": ""doujinshi"", ""title"": ""Black Lagoon - Welcome to the Fuckin' Paradise (Doujinshi)""}, {""id"": ""6a8e414c-6ba9-45e7-bf1c-2214a02c0613"", ""relation"": ""spin_off"", ""title"": ""Black Lagoon: Sawyer the Cleaner - Dismemberment! Gore Gore Girl""}, {""id"": ""6be714aa-3174-4abd-8cbe-788a30cbe3f7"", ""relation"": ""doujinshi"", ""title"": ""Black Lagoon - Sleeping Revy (Doujinshi)""}, {""id"": ""781d4152-2fd2-4b94-b112-979eea14c352"", ""relation"": ""doujinshi"", ""title"": ""Black Lagoon - R of Blacklagoon. (Doujinshi)""}, {""id"": ""7a6d6cf9-a74e-4575-9fca-8f739e827208"", ""relation"": ""doujinshi"", ""title"": ""Black Lagoon - Illegal Medicine (Doujinshi)""}, {""id"": ""7bb2b1b6-360a-4c85-a8f8-0360f0027516"", ""relation"": ""doujinshi"", ""title"": ""Black Lagoon - Hotel Moscow Matryoshka na Hibi (Doujinshi)""}, {""id"": ""99a94139-5821-4011-a3c7-30b58fae644b"", ""relation"": ""doujinshi"", ""title"": ""Black Lagoon - Maid in Roanapur""}, {""id"": ""c1d0f484-aa68-42a1-a16e-9d84d5f118e6"", ""relation"": ""doujinshi"", ""title"": ""Black Lagoon - Waka-sama to Maid (Doujinshi)""}, {""id"": ""c3606692-8f45-4f2b-89d2-3ac3d8acd640"", ""relation"": ""spin_off"", ""title"": ""BLACK LAGOON Dokuhon""}, {""id"": ""c81e953f-f0ef-44ae-b5a9-1b2119defb68"", ""relation"": ""doujinshi"", ""title"": ""Black Lagoon - Honeoridoku (Doujinshi)""}, {""id"": ""e559003d-6abf-4b63-9b4a-6db4f1ff1feb"", ""relation"": ""doujinshi"", ""title"": ""Black Lagoon - Super Big Size (Doujinshi)""}, {""id"": ""ef4b8dc0-ff1b-41e3-b58c-390787bf3705"", ""relation"": ""doujinshi"", ""title"": ""Black Lagoon - Paraphilia (Doujinshi)""}, {""id"": ""f667a08c-6be9-4ded-aa9b-8a1618a993ed"", ""relation"": ""doujinshi"", ""title"": ""Black Lagoon - Secret (Doujinshi)""}]"
429,34e45b02-b5c8-4a4b-a21a-7b5059391dc8,Fumetsu no Anata e,"To You, The Immortal",Ooima Yoshitoki,Ooima Yoshitoki,Award Winning; Reincarnation; Adventure; Drama; Supernatural; Mystery; Tragedy,shounen,completed,2016.0,safe,ja,49260,9.1376,9.109913846104051,369,0,[]
430,cddd1849-ab36-4304-8103-06ba4062b5e6,Kubo-san wa Mob wo Yurusanai,Kubo Won't Let Me Be Invisible,Yukimori Nene,Yukimori Nene,Romance; Comedy; School Life; Slice of Life,seinen,completed,2019.0,safe,ja,102464,9.1181,9.107447197863593,540,0,[]
431,866b3256-125d-4527-be9c-952cd7c89ea6,Zettai BL ni Naru Sekai vs. Zettai BL ni Naritakunai Otoko,A World Where Everything Definitely Becomes BL vs. The Man Who Definitely Doesn't Want To Be In A BL,Konkichi,Konkichi,Comedy; Boys' Love; Slice of Life,,ongoing,2018.0,safe,ja,18608,9.1623,9.107045598170007,169,0,[]
432,30c8bf1c-9063-4a22-a845-e2cead50adea,Yume to Koi de wa Tsuriawanai,Love and Dreams Don't Mix,Torii Shiduku,Torii Shiduku,Romance; Comedy; Girls' Love; School Life,,completed,2024.0,safe,ja,22118,9.1287,9.105575854539763,37,0,[]
433,92d3e351-4802-4e74-bbc4-e771a977b572,Grace Gildeurigi,Taming Grace,Seo Rim,Mokma,Psychological; Long Strip; Girls' Love; Drama; Web Comic; Full Color,,completed,,safe,ko,4694,9.2486,9.105075870961027,28,0,[]
434,4abd394b-94d0-4779-b4cf-aaa0ad266c30,Tasogare Otome × Amnesia,Dusk Maiden of Amnesia,MAYBE,MAYBE,Ghosts; Romance; Comedy; Drama; School Life; Horror; Supernatural; Mystery; Tragedy,shounen,completed,2008.0,suggestive,ja,13735,9.1543,9.10436350346429,47,2,"[{""id"": ""9e5bb28d-1410-425f-b958-617d7b4e6664"", ""relation"": ""doujinshi"", ""title"": ""Tasogare Otome x Amnesia - Tanrei Otome (Doujinshi)""}, {""id"": ""bc113b54-da29-40b1-af81-6c1e29f89523"", ""relation"": ""doujinshi"", ""title"": ""Tasogare Otome x Amnesia - Koisuru Otome Yuuko-san (Doujinshi)""}]"
435,b891b872-ee9c-4daf-a187-62fe7c777445,Colette wa Shinu Koto ni Shita,Colette Decides to Die,Yukimura Alto,Yukimura Alto,Romance; Comedy; Drama; Medical; Fantasy,shoujo,completed,2013.0,safe,ja,18075,9.2015,9.103950847227495,123,1,"[{""id"": ""ab1c1064-f60d-4381-8c58-3592febb23ec"", ""relation"": ""sequel"", ""title"": ""Colette wa Shinu Koto ni Shita: Megami-hen""}]"
436,85b51b37-0ce6-4144-a19b-6b064bc2c2ae,Geu Angnyeo reul Josimhaseyo!,Beware the Villainess!,Berry (열매); Soda Ice (뽕따맛스크류바),Blue Canna (푸른칸나),Reincarnation; Action; Demons; Long Strip; Romance; Comedy; Magic; Isekai; Drama; Fantasy; Villainess; Adaptation; Full Color,,completed,2020.0,safe,ko,106186,9.1138,9.103790438425381,2185,1,"[{""id"": ""2af0ef15-7476-496e-b3be-2c9f259b773e"", ""relation"": ""alternate_version"", ""title"": ""Beware the Villainess! (Book Version)""}]"
437,003ef8e4-0ae6-4dfe-8195-cd42a8cf37dc,High School Boy,High School Boy,Park Gee/Ji (박지),Park Gee/Ji (박지),Action; Long Strip; Boys' Love; Sexual Violence; School Life; Delinquents; Web Comic; Full Color,,ongoing,2023.0,suggestive,ko,10885,9.1493,9.10327839634839,81,0,[]
438,7f366313-64da-4f0a-9beb-32c7c8074f50,On or Off,On or Off,A1,A1,Long Strip; Romance; Comedy; Boys' Love; Office Workers; Drama; Slice of Life; Full Color,,completed,2019.0,erotica,ko,8927,9.1827,9.102881495478666,46,1,"[{""id"": ""6a67ae6b-16bc-44db-b383-c7cf83469310"", ""relation"": ""sequel"", ""title"": ""Work Love Balance (A1)""}]"
439,cfbc0260-e49e-411e-b046-a476c5c60bc5,Cat Massage Therapy,Cat Massage Therapy,Hisakawa Haru,Hisakawa Haru,Animals; Office Workers; Full Color,josei,completed,2019.0,safe,ja,4944,9.3612,9.102656561910003,57,0,[]
440,d5cdc845-fd5d-4497-a993-131d65e00e97,Agdangui Appaleul Kkosyeola,Flirting with the Villain's Dad,Dalseul (달슬),Via,Reincarnation; Long Strip; Romance; Comedy; Magic; Isekai; Drama; Fantasy; Adaptation; Full Color,,completed,2020.0,safe,ko,56987,9.1283,9.102158274914093,895,0,[]
441,30460ee1-e7c1-4b1a-90a0-6861f9992c17,Eyeshield 21,Eyeshield 21,Inagaki Riichiro,Murata Yuusuke,Thriller; Action; Comedy; Sports; Adventure; Drama; School Life; Delinquents; Slice of Life,shounen,completed,2002.0,safe,ja,9533,9.1746,9.10210225700541,34,7,"[{""id"": ""030539f7-fe9d-492c-9dc9-91b10b4f3eb1"", ""relation"": ""doujinshi"", ""title"": ""Eyeshield 21 - Devil Mania (Doujinshi)""}, {""id"": ""282a8dd3-ff00-4a81-86b0-8c9ac4271bdb"", ""relation"": ""doujinshi"", ""title"": ""Eyeshield 21 - Midsummer Miracle (Doujinshi)""}, {""id"": ""3bce85cf-0459-42ca-be2d-5ec56445fce9"", ""relation"": ""sequel"", ""title"": ""Eyeshield 21: Brain x Brave""}, {""id"": ""8f8c4f0e-93f5-433e-ba13-017746b485ec"", ""relation"": ""doujinshi"", ""title"": ""Jump All Stars Battle (Doujinshi)""}, {""id"": ""a14176d9-9832-43d2-b98a-f16fa4e82021"", ""relation"": ""doujinshi"", ""title"": ""Jump Super Stars""}, {""id"": ""a749ae8b-14ab-4c76-b8f3-999d743b4c5b"", ""relation"": ""doujinshi"", ""title"": ""Eyeshield 21 - Sena no Fuku o Nugasanaide (Doujinshi)""}, {""id"": ""f445aff3-fc8d-4784-9b82-c808387934be"", ""relation"": ""doujinshi"", ""title"": ""Seinen Jarip (Doujinshi)""}]"
442,2674b676-f69b-4fea-b5eb-d19803d41fce,Imaizumin-chi wa Douyara Gal no Tamariba ni Natteru Rashii ~DEEP~,Imaizumi Brings All the Gals to His House,Nori5rou,Nori5rou,Romance; Comedy; Harem; School Life; Slice of Life; Gyaru,seinen,ongoing,2022.0,erotica,ja,84722,9.1216,9.101547347624035,65,2,"[{""id"": ""2678cc3f-eee1-4659-9202-28c28bc2e141"", ""relation"": ""side_story"", ""title"": ""Imaizumin-chi wa Douyara Gal no Tamariba ni Natteru Rashii""}, {""id"": ""8b0df694-ea60-4b1d-b432-5f4ce6401d2f"", ""relation"": ""side_story"", ""title"": ""[Omake] Imaizuminchi wa Douyara Gal no Tamariba ni Natteru Rashii""}]"
443,94589231-4a4c-4fa2-a0fd-48e27ee61b63,Danshi Koukousei no Nichijou,The Daily Lives of High School Boys,Yamauchi Yasunobu,Yamauchi Yasunobu,Comedy; School Life; Slice of Life,shounen,completed,2009.0,safe,ja,6480,9.2474,9.101149739896428,22,2,"[{""id"": ""1700575d-1780-469d-84e5-6046345b471a"", ""relation"": ""shared_universe"", ""title"": ""Joshi Koukousei no Nichijou""}, {""id"": ""2fcb248c-9e9b-4c60-badd-437c9db39d8b"", ""relation"": ""spin_off"", ""title"": ""The Daily Lives of High School Boys Anthology""}]"
444,1a667dd0-36bf-4c0f-82a2-1067ccdbe5c0,My Love Mix-Up!,My Love Mix-Up!,Hinekure Wataru,Aruko,Romance; Comedy; Boys' Love; School Life,shoujo,completed,2019.0,safe,ja,8685,9.2067,9.10086294756086,55,0,[]
445,e7dc94e5-8276-4fe9-929c-65fa62c42160,Harukaze no Étranger,Harukaze no Étranger,Kii Kanna,Kii Kanna,Romance; Comedy; Boys' Love; Drama; Slice of Life,,ongoing,2014.0,erotica,ja,9672,9.2058,9.100483180427783,21,1,"[{""id"": ""18ef5b8d-4d47-4c05-92a8-ecf08cb67347"", ""relation"": ""prequel"", ""title"": ""Umibe no Étranger""}]"
446,17eebcc7-d993-446c-84be-c222bfb27794,Tensei Akuma no Saikyou Yuusha Ikusei Keikaku,Reincarnated Devil’s Plan for Raising the Strongest Hero,Tamago Kake Candy,Segawa Ryuu,Reincarnation; Monsters; Action; Demons; Comedy; Adventure; Magic; Isekai; Fantasy; Monster Girls; Adaptation,shounen,ongoing,2023.0,safe,ja,37260,9.1356,9.100387542896515,45,0,[]
447,8a2e20cc-bdc8-47f1-80fd-b6da4b2703df,My Life as an Internet Novel,My Life as an Internet Novel,Yu Han-ryeo,A Hyeon (아현),Long Strip; Romance; Comedy; Reverse Harem; Isekai; Drama; School Life; Web Comic; Slice of Life; Supernatural; Adaptation; Full Color,,ongoing,2019.0,safe,ko,40342,9.1318,9.10027622910256,996,0,[]
448,da36a727-7686-4e92-8fac-94bc292b8e91,Toshokan no Daimajutsushi,Magus of the Library,Izumi Mitsu,Izumi Mitsu,Adventure; Fantasy; Slice of Life; Supernatural,seinen,ongoing,2017.0,safe,ja,13597,9.2524,9.099834347538266,44,1,"[{""id"": ""001eef12-c170-45e1-94ff-ffddb48c0bea"", ""relation"": ""alternate_story"", ""title"": ""Toshokan no Minarai Shisho""}]"
449,07e2dbbd-a681-41d2-85e4-944735cc42e1,"Toumei na Yoru ni Kakeru Kimi to, Me ni Mienai Koi wo Shita.",Love Unseen Beneath the Clear Night Sky,Shima Nanigashi,hat.,Romance; Drama; Adaptation; Tragedy,seinen,ongoing,2024.0,safe,ja,7260,9.3723,9.099053564950333,12,0,[]
450,f7b1ce54-67df-4e08-9e79-d7187faa3584,Toukyou 卍 Revengers: Baji Keisuke kara no Tegami,Tokyo Revengers: Letter from Keisuke Baji,Natsukawaguchi Yukinori,Natsukawaguchi Yukinori,Action; Comedy; Drama; Delinquents; Tragedy,shounen,completed,2022.0,safe,ja,2823,9.3528,9.098464068047114,7,2,"[{""id"": ""59b36734-f2d6-46d7-97c0-06cfd2380852"", ""relation"": ""main_story"", ""title"": ""Toukyou 卍 Revengers""}, {""id"": ""90c12e23-682a-4f73-93e1-4298cfa03dd5"", ""relation"": ""alternate_story"", ""title"": ""Todai Revengers""}]"
451,4a4d2e5f-c4f4-47e3-9725-133bd5869c05,"Love Comedy Manga ni Haitteshimatta node, Oshi no Make Heroine wo Zenryoku de Shiawase ni Suru","Since I’ve Entered the World of Romantic Comedy Manga, I’ll Do My Best to Make the Losing Heroine Happy",Shiryu,Bara; Shiharu,Reincarnation; Romance; Comedy; Isekai; School Life; Adaptation,,hiatus,2022.0,safe,ja,66952,9.1213,9.09808335954087,102,0,[]
452,2574057b-7098-45b4-9614-16d1250e05fc,Kimi no Yoru ni Fureru,Kimi no Yoru ni Fureru,Mori Moyori,Mori Moyori,Romance; Boys' Love; Crime; Drama,,completed,2021.0,suggestive,ja,3502,9.2718,9.097104265156679,4,0,[]
453,4a89da3a-ebf9-467b-94a1-beeb7d1bd3e8,Koi yori Aoku,A Love Yet to Bloom,Fukaumi Kon,Fukaumi Kon,Romance; Girls' Love; Drama; Slice of Life,seinen,ongoing,2023.0,safe,ja,20522,9.1553,9.097093636259187,24,0,[]
454,274a8e39-71a8-4bd2-af19-4572518fe44f,Simhaesu,Leviathan,Lee Gyuntak (이경탁),Ooyama Takumi (노미영),Thriller; Sci-Fi; Monsters; Action; Psychological; Long Strip; Survival; Adventure; Post-Apocalyptic; Gore; Fantasy; Web Comic; Full Color; Tragedy,,completed,2018.0,suggestive,ko,8396,9.2164,9.096381895204264,30,0,[]
455,fabf4151-4b52-4e6b-ac85-f4979b5d2120,Opium,Opium,Aji,Junghyun,Historical; Crime; Girls' Love; Medical,,completed,2020.0,erotica,ko,3342,9.381,9.095679193360679,5,0,[]
456,18ef1e92-f574-4c8c-99af-555e44ba418e,Touhou Ibara Kasen ~ Wild and Horned Hermit.,Eastern Thorned Poet Hermit ~ Wild and Horned Hermit.,ZUN,Azuma Aya,Comedy; Fantasy; Slice of Life; Supernatural,seinen,completed,2010.0,safe,ja,5402,9.2406,9.093307511232176,18,7,"[{""id"": ""0483d2ef-557e-43ae-9761-2f2f0677625a"", ""relation"": ""shared_universe"", ""title"": ""Touhou Suichouka: Lotus Eater-tachi no Suisei""}, {""id"": ""8b98e414-3eae-4b4f-b43b-5e75fbbb0014"", ""relation"": ""shared_universe"", ""title"": ""Touhou Sangetsusei ~ Visionary Fairies in Shrine.""}, {""id"": ""9a954c41-dcc4-4781-b0c5-6300e4e76a99"", ""relation"": ""shared_universe"", ""title"": ""Touhou Sangetsusei: Eastern and Little Nature Deity""}, {""id"": ""a2a738f4-0fe4-4968-95a8-5ebcb7f86f72"", ""relation"": ""spin_off"", ""title"": ""The Grimoire of Usami - Hifuu Kurabu Ikai Satsuei Kiroku""}, {""id"": ""dbae4cf5-27de-40eb-b9e1-346c4f2cf8aa"", ""relation"": ""shared_universe"", ""title"": ""Touhou Suzunaan ~ Forbidden Scrollery.""}, {""id"": ""f4fa3679-6918-4684-bcb6-377c9f336898"", ""relation"": ""shared_universe"", ""title"": ""Touhou Chireikiden: Hansoku Tantei Satori""}, {""id"": ""febf0ddb-7ed0-41a1-b662-78ab81212fb9"", ""relation"": ""same_franchise"", ""title"": ""Touhou Project (Franchise)""}]"
457,f4904da8-2250-461b-bb29-3ec177c40bb9,Splatoon,Splatoon,Nintendo; Hinodeya Sankichi (ひのでや参吉),Hinodeya Sankichi (ひのでや参吉),Thriller; Sci-Fi; Action; Comedy; Sports; Adventure; Video Games; Drama; Adaptation,shounen,ongoing,2016.0,safe,ja,4479,9.2497,9.093047739561753,68,8,"[{""id"": ""34fda08c-957b-46c5-a7f4-4149c407785a"", ""relation"": ""same_franchise"", ""title"": ""Splatoon 2 Hero Mode ~Missing Diva~""}, {""id"": ""4ac8d4ec-c013-4704-a406-314eca24d667"", ""relation"": ""doujinshi"", ""title"": ""Splatoon - Tanoshii Sex (Doujinshi)""}, {""id"": ""8e430045-1886-480c-8be9-86a4d2b3b619"", ""relation"": ""doujinshi"", ""title"": ""Splatoon - Michi to no Souguu (Doujinshi)""}, {""id"": ""a9254eb3-bb4e-418a-99f3-1c7194fe8142"", ""relation"": ""doujinshi"", ""title"": ""Splatoon - Yasashii xxx (Doujinshi)""}, {""id"": ""b24ffb63-b9e1-40d6-a2b3-338dacbcc716"", ""relation"": ""same_franchise"", ""title"": ""Splatoon 2 Octo Expansion""}, {""id"": ""c6490cc0-443f-4c49-9273-ca3148a89b39"", ""relation"": ""same_franchise"", ""title"": ""Splatoon - Squid Kids Comedy Show""}, {""id"": ""d79fdf16-153a-4a0a-95b8-c208b1162644"", ""relation"": ""sequel"", ""title"": ""Splatoon: Bankara!""}, {""id"": ""f5f3ce89-0504-4bde-b0bf-212b6073c1c6"", ""relation"": ""alternate_story"", ""title"": ""Splatoon - Deep Cut's Island Misadventures""}]"
458,7c418a1c-9241-451e-995a-31f673b4340a,Maou-jou de Oyasumi,Sleepy Princess in the Demon Castle,Kumanomata Kagiji,Kumanomata Kagiji,Monsters; Action; Demons; Romance; Comedy; Magic; Fantasy; Slice of Life; Supernatural,shounen,ongoing,2016.0,safe,ja,39970,9.131,9.093023106876556,403,2,"[{""id"": ""440309f2-652c-4abe-9505-4d7c1a9cb50a"", ""relation"": ""doujinshi"", ""title"": ""Maoujou de Oyasumi - Akuma no Keiyaku (Doujinshi)""}, {""id"": ""e3bfbdf2-fa8b-4a23-83ea-d5a112e28471"", ""relation"": ""doujinshi"", ""title"": ""Maoujou de Oyasumi - Maoujyou de Onanii (Doujinshi)""}]"
459,72d1ae71-4391-4bb2-9f39-784af3cc3c71,JoJo no Kimyou na Bouken: Part 6 - Stone Ocean Color-ban,"JoJo’s Bizarre Adventure, Part 6: Stone Ocean - Digital Colored Comics",Araki Hirohiko,Araki Hirohiko,Award Winning; Official Colored; Action; Comedy; Adventure; Gore; Drama; Supernatural; Mystery,shounen,completed,2013.0,safe,ja,37391,9.1065,9.091909668395912,139,2,"[{""id"": ""1044287a-73df-48d0-b0b2-5327f32dd651"", ""relation"": ""sequel"", ""title"": ""JoJo no Kimyou na Bouken: Part 7 - Steel Ball Run Color-ban""}, {""id"": ""fd917921-5e97-479f-b22c-5d7f00e1c830"", ""relation"": ""prequel"", ""title"": ""JoJo no Kimyou na Bouken: Part 5 - Ougon no Kaze Color-ban""}]"
460,a437129d-18e9-48d7-9484-9fb9b9073ddd,Uchuu Kyoudai,Space Brothers,Koyama Chuuya,Koyama Chuuya,Award Winning; Sci-Fi; Psychological; Comedy; Drama; Delinquents; Slice of Life,seinen,ongoing,2007.0,safe,ja,5615,9.4139,9.09176266123917,18,0,[]
461,9384d8e3-fb58-46da-8cf5-26602126d157,Kids on the Slope,Kids on the Slope,Kodama Yuki,Kodama Yuki,Award Winning; Romance; Drama; School Life; Slice of Life; Music,josei,completed,2007.0,safe,ja,3258,9.2844,9.090891947280422,23,0,[]
462,b5351a0c-96af-49f7-898e-17914a082561,Boku no Kanojo wa Dekkawaii,My Girlfriend Is a Colossal Cutie,sanorin,sanorin,Romance; Comedy; School Life; Slice of Life,seinen,ongoing,2024.0,safe,ja,68296,9.1169,9.090814137580894,63,0,[]
463,ecf03a97-2194-4e4b-b4cd-741b98015957,Kaya-chan wa Kowakunai,Kaya-chan Isn’t Scary,Yuritarou,Yuritarou,Action; Ghosts; School Life; Horror; Supernatural,seinen,ongoing,2022.0,safe,ja,19989,9.1686,9.089895935471567,23,1,"[{""id"": ""1cf72b44-dfee-4278-a263-d60686652b81"", ""relation"": ""side_story"", ""title"": ""Kaya-chan wa Kowakunai: Twitter Extras""}]"
464,b9a99e3f-6803-4efe-9f7c-f7d566703e4c,Barakamon,Barakamon,Yoshino Satsuki,Yoshino Satsuki,Comedy; School Life; Slice of Life,shounen,completed,2009.0,safe,ja,8234,9.2543,9.089561671977606,26,3,"[{""id"": ""42526adc-bff3-4576-ae7f-1522c60a16f6"", ""relation"": ""doujinshi"", ""title"": ""Barakamon - Futari Dake no Wonderland (Doujinshi)""}, {""id"": ""509c8055-a049-46b1-a453-ae3b43c84683"", ""relation"": ""doujinshi"", ""title"": ""Barakamon - Extension Talking (Doujinshi)""}, {""id"": ""fcd036fc-54c0-4f33-bc53-1725a7c4c9cd"", ""relation"": ""prequel"", ""title"": ""Handa-kun""}]"
465,fa442671-f5ef-4397-93c4-0560b9a3a278,Make Heroine o Katasetai!!,I Want To Make The Losing Heroine Win!!,Nakayama Michiru,Tatsuwaipu,Romance; Comedy; School Life; Slice of Life,shounen,hiatus,2025.0,safe,ja,52392,9.1174,9.089315808588669,112,0,[]
466,129b4380-a229-4179-acc0-990f3a99e132,Rojica to Rakkasei,Rojica to Rakkasei,Kinome,Kinome,Psychological; Comedy; Adventure; Post-Apocalyptic; Fantasy; Slice of Life,seinen,completed,2018.0,safe,ja,3595,9.2564,9.088706949599295,73,0,[]
467,7e2933d2-8587-4c0f-b69c-4233864b96a8,Ousama Ranking,Ranking of Kings,Tooka Sousuke,Tooka Sousuke,Demons; Comedy; Martial Arts; Adventure; Magic; Drama; Fantasy; Web Comic,shounen,ongoing,2017.0,safe,ja,15006,9.2148,9.088288026308554,21,0,[]
468,c83006f3-e650-46fd-b6de-a88df6b59fab,Umamusume - Pretty Derby PisuPisu☆SupiSupi - Golshi-chan,Umamusume - Pretty Derby PisuPisu☆SupiSupi - Golshi-chan,Naoki Shibata,Naoki Shibata,Comedy; Sports; School Life; Slice of Life; Adaptation,shounen,ongoing,2023.0,safe,ja,3494,9.4454,9.087061129402,7,5,"[{""id"": ""19e83dd3-083b-47a2-a308-8eb56c53df1f"", ""relation"": ""same_franchise"", ""title"": ""Uma Musume: Pretty Derby—Anthology Comic STAR""}, {""id"": ""50d011bb-09a6-46c7-8078-7ba96558a864"", ""relation"": ""same_franchise"", ""title"": ""Uma Musume (Franchise)""}, {""id"": ""778b8438-af3a-4534-841c-adf923b55ee1"", ""relation"": ""same_franchise"", ""title"": ""Uma Musume - Pretty Derby: Star Blossom""}, {""id"": ""a9dd451c-3c45-4d66-a818-4e1b78855838"", ""relation"": ""same_franchise"", ""title"": ""Uma Musume - Cinderella Gray""}, {""id"": ""db90d832-59a6-4f1a-97cc-84226bdd5d12"", ""relation"": ""same_franchise"", ""title"": ""Uma Musume - Pretty Derby - Uma Musumeshi""}]"
469,b23c1571-16f8-4869-8cda-9883ad9aa71d,Gakuen Alice,Gakuen Alice,Higuchi Tachibana,Higuchi Tachibana,Action; Psychological; Romance; Comedy; Adventure; Drama; School Life; Fantasy; Supernatural; Mystery; Tragedy,shoujo,completed,2002.0,safe,ja,3690,9.288,9.086382129975469,18,2,"[{""id"": ""3fd0cd6f-02ae-47c6-b5d7-1091bf819ba6"", ""relation"": ""doujinshi"", ""title"": ""Gakuen Alice - Words of Affection (Doujinshi)""}, {""id"": ""beeeb7c6-f320-48bb-be8d-671c1063fdb1"", ""relation"": ""sequel"", ""title"": ""Kageki no Kuni no Alice""}]"
470,129c90ca-b997-4789-a748-e8765bc67a65,Ichinichi Goto ni Tsun ga Hetteku Tsuntsuntsuntsuntsuntsuntsuntsuntsuntsuntsundere Joshi,The Tsuntsuntsuntsuntsuntsuntsuntsuntsuntsuntsundere Girl Getting Less and Less Tsun Day by Day,Yaki Tomato,Yaki Tomato,Romance; Comedy; School Life; Web Comic; Slice of Life,,completed,2022.0,suggestive,ja,80116,9.0946,9.08569093503525,96,1,"[{""id"": ""e7a78264-d8e0-4427-9540-a96ae77acf6f"", ""relation"": ""side_story"", ""title"": ""Seijin Muke Tsundere-chan Shinchoku Houkoku""}]"
471,bf40d55a-0adc-41ca-953c-a9feb42a0d5f,Tōu Xiāng,Clandestine Affair,红头模; Lily Club (橘姬社),Da Qing Long (大青龙),Historical; Long Strip; Girls' Love; Drama; Fantasy; Full Color,,completed,2023.0,suggestive,zh,5714,9.221,9.084876204852488,11,0,[]
472,1814d0df-a4eb-44f2-acf1-28ffe3f55da8,Honey Lemon Soda,,Murata Mayu,Murata Mayu,Romance; Drama; School Life,shoujo,ongoing,2015.0,safe,ja,14592,9.1864,9.084708362974345,70,0,[]
473,2177b7e5-6ac8-4feb-bb50-59fa5bc27a99,Neko to Ryuu,The Cat and the Dragon,Amara,Sasaki Izumi,Monsters; Animals; Magic; Fantasy; Adaptation,seinen,ongoing,2017.0,safe,ja,3945,9.397,9.084488572451892,6,1,"[{""id"": ""a3684fbf-73fe-4b9d-ae46-b48b816a0626"", ""relation"": ""spin_off"", ""title"": ""Neko to Ryuu: Mikemike no Nekoneko Guild""}]"
474,17a56d33-9443-433a-9e0d-70459893ed8f,Wǒ Jiā Lǎopo Láizì Yīqiān Nián Qián,My Wife Is From a Thousand Years Ago,Yuewen Manhua (阅文漫画); Flowers Haven't Bloomed (花还没开),Painting Culture (之画文化),Time Travel; Long Strip; Romance; Comedy; Martial Arts; Drama; Fantasy; Web Comic; Slice of Life; Supernatural; Adaptation; Full Color,,completed,2022.0,safe,zh,43776,9.1078,9.08343355852024,90,1,"[{""id"": ""19cabfbe-f31b-48d6-ae92-d4b2f7f13073"", ""relation"": ""shared_universe"", ""title"": ""Lǎopó Qǐng Ānfèn""}]"
475,29c42e49-d6f5-4084-9cec-771f5660c90f,One Punch-Man (Fan Colored),One-Punch Man (Fan Colored),ONE,Murata Yuusuke,Award Winning; Sci-Fi; Monsters; Action; Comedy; Superhero; Martial Arts; Fan Colored; Gore; Drama; Supernatural,seinen,ongoing,2012.0,suggestive,ja,7303,9.3333,9.082569676066036,39,0,[]
476,fbc8e1e4-cba6-48ec-b828-d613fe3d93a6,Koori Zokusei Danshi to Cool na Douryou Joshi,Koori Zokusei Danshi to Cool na Douryou Joshi,Tonogaya Miyuki,Tonogaya Miyuki,Demons; Romance; Comedy; Office Workers; Slice of Life; Supernatural,josei,ongoing,2018.0,safe,ja,54098,9.1198,9.08214853777863,162,0,[]
477,e8c03c09-960b-461f-b430-0ef8ba86e19b,Gurren Lagann,Gurren Lagann,Nakashima Kazuki; Gainax,Mori Kotarou,Award Winning; Sci-Fi; Action; Comedy; Mecha; Adventure; Military; Drama; Delinquents; Aliens; Adaptation,shounen,completed,2007.0,suggestive,ja,2896,9.4457,9.081963502402084,16,5,"[{""id"": ""11d652ec-257c-4da0-9aa8-bc8f0e1d880f"", ""relation"": ""side_story"", ""title"": ""Tengen Toppa Gurren Lagann 4-koma Kingdom - Yoko's Belly Button Version""}, {""id"": ""5c473992-97cc-4f61-9ca7-8326f339a3e2"", ""relation"": ""spin_off"", ""title"": ""Tengen Toppa Gurren Lagann - Spiral Boy""}, {""id"": ""86b5efd2-717b-4b79-882f-5b418f1cb046"", ""relation"": ""doujinshi"", ""title"": ""Tengen Toppa Gurren Lagann - Zwinger (Doujinshi)""}, {""id"": ""abeb044f-7ff3-4f86-aefd-86251c29220d"", ""relation"": ""side_story"", ""title"": ""Tengen Toppa Gurren Lagann - The Gurren High School Version""}, {""id"": ""f0af90c5-05ea-411b-8cc6-8070765898df"", ""relation"": ""doujinshi"", ""title"": ""One-Punch Man, Gurren Lagann - One punch man x Anti-spiral (Doujinshi)""}]"
478,a2b2d55a-4ce8-44fe-9232-d07aad412f63,BLUE GIANT SUPREME,BLUE GIANT SUPREME,Ishizuka Shinichi,Ishizuka Shinichi,Drama; Slice of Life; Music,seinen,completed,2016.0,safe,ja,2630,9.5854,9.081392669931459,13,2,"[{""id"": ""1090afe3-3b91-4325-a9b4-d92875aa815e"", ""relation"": ""prequel"", ""title"": ""BLUE GIANT""}, {""id"": ""c16fcfee-f008-4b3c-9194-a648d6fee1a8"", ""relation"": ""sequel"", ""title"": ""BLUE GIANT EXPLORER""}]"
479,f74dc24b-3f38-44d5-b7d0-8c40f4b04e29,My Dear Lass,My Dear Lass,Tracy Hu,Tracy Hu,Psychological; Long Strip; Romance; Comedy; Girls' Love; Philosophical; Drama; Web Comic; Slice of Life; Full Color,,completed,2022.0,safe,zh,9326,9.177,9.080029039892949,27,0,[]
480,bade271e-a7bc-4518-a3c4-2b6b1161d3a4,"My Sister, The Cat","My Sister, The Cat",Senko,Senko,Animals; Comedy; School Life; Fantasy; Slice of Life,seinen,completed,2019.0,safe,ja,6913,9.2473,9.080000921502108,66,0,[]
481,0d18b471-d710-4b33-88bf-c13df82d7923,Iseop ui Yeonae,Iseop’s Romance,Kim Eonhee; GRTG; 248,GRTG; 248,Long Strip; Romance; Comedy; Office Workers; Drama; Web Comic; Adaptation; Full Color,,ongoing,2023.0,suggestive,ko,3679,9.4063,9.079764871616414,4,0,[]
482,1aad07fb-3ec1-4acf-8c5b-d8f5f5929a5d,Koudo ni Hattatsu Shita Igaku wa Mahou to Kubetsu ga Tsukanai,THE ISEKAI DOCTOR　Any sufficiently advanced medical science is indistinguishable from magic.,Tsuda Houkou,Takishita Nobuhide,Reincarnation; Monsters; Animals; Adventure; Magic; Isekai; Medical; Fantasy; Monster Girls; Slice of Life,seinen,hiatus,2021.0,safe,ja,45042,9.1088,9.079038010102174,95,0,[]
483,22c844da-1122-4ab3-b726-e7d4b7114254,Youkoso Jitsuryoku Shijou Shugi no Kyoushitsu e: 2-nensei-hen,Youkoso Jitsuryoku Shijou Shugi no Kyoushitsu e: 2-nensei-hen,Kinugasa Shougo,Shia Sasane,Psychological; Romance; Comedy; Drama; School Life; Adaptation,seinen,completed,2021.0,suggestive,ja,10331,9.2204,9.078519256638124,12,2,"[{""id"": ""26e4421f-cef8-4775-8bf6-423061d9b43e"", ""relation"": ""sequel"", ""title"": ""Youkoso Jitsuryoku Shijou Shugi no Kyoushitsu e 2-nensei-hen 2nd Stage""}, {""id"": ""bc5f9952-4bb0-4f60-a1ff-b3b2186b560f"", ""relation"": ""prequel"", ""title"": ""Classroom of the Elite""}]"
484,dbbca2b5-bdd1-4f2b-8b2e-d72bf7fd89a0,Wǒ Zhēn Bù Shì Xiéshén Zǒugǒu,I'm Really Not the Evil God's Lackey,Myriad of Fires (万劫火); Ciweimao (刺猬猫),Giotto Art Studio (基阿忒美术工作室); KongKong (空空); My Dream Comics (我梦动漫),Thriller; Sci-Fi; Monsters; Action; Demons; Ghosts; Long Strip; Comedy; Magic; Isekai; Gore; Fantasy; Monster Girls; Aliens; Supernatural; Mystery; Adaptation; Full Color,,ongoing,2021.0,suggestive,zh,25215,9.1178,9.078125992847538,70,0,[]
485,9d9b04ad-9a83-49f4-8ae4-a9a3780fe9c0,Sakamoto Days,Sakamoto Days,Suzuki Yuuto,Suzuki Yuuto,Thriller; Sci-Fi; Action; Comedy; Martial Arts; Gore; Drama; Delinquents; Slice of Life; Supernatural,shounen,ongoing,2020.0,safe,ja,54552,9.1125,9.078075462007126,43,2,"[{""id"": ""cad9ed63-bded-4f09-b59a-a24c315cfad2"", ""relation"": ""side_story"", ""title"": ""Sakamoto Holidays""}, {""id"": ""f819bdb3-5230-401e-9156-f6f55c9fb1f7"", ""relation"": ""shared_universe"", ""title"": ""Garaku""}]"
486,11a9b6aa-d1f0-498a-95f8-4b82d8a4b84c,Animal Rap,Animal Rap,Ishida Sui,Ishida Sui,Animals; Long Strip; Comedy; 4-Koma; Web Comic; Slice of Life; Music; Full Color,,completed,,safe,ja,1158,9.4399,9.077698726608613,26,0,[]
487,dea77c2d-dbaa-434a-b0af-0c116642434c,Madan no Ichi,Ichi the Witch,Nishi Osamu ,Usazaki Shiro,Award Winning; Action; Comedy; Magical Girls; Adventure; Magic; Fantasy,shounen,ongoing,2024.0,safe,ja,36269,9.1265,9.077696914829898,48,0,[]
488,19914978-437b-4269-b311-fcf7d66d1f1b,Everyone Loves Her,Everyone Loves Her,Sriracha,KIM Ji-Min (김지민),Action; Long Strip; Drama; Web Comic; Supernatural; Mystery; Full Color,,completed,2025.0,safe,ko,9465,9.1856,9.077512358204896,44,0,[]
489,9c21fbcd-e22e-4e6d-8258-7d580df9fc45,Lycoris Recoil,Lycoris Recoil,Spider Lily,Yasunori Bizen,Action; Comedy; Drama; Delinquents; Slice of Life; Adaptation,shounen,ongoing,2022.0,safe,ja,9118,9.2528,9.077452755296562,5,24,"[{""id"": ""0b464b49-313e-4fa2-a669-90be42fa7c07"", ""relation"": ""side_story"", ""title"": ""Lycoris Recoil Koushiki Comic Anthology: React""}, {""id"": ""0b490ced-0d11-4e0a-bbef-269566e2156c"", ""relation"": ""doujinshi"", ""title"": ""Lycoris Recoil - Jounetsu Recoil (Doujinshi)""}, {""id"": ""0d6867bd-b15c-470f-a40b-b77256b3c866"", ""relation"": ""side_story"", ""title"": ""Lycoris Recoil: Recollect""}, {""id"": ""1c725619-a6cd-4f34-94f3-7534264738c0"", ""relation"": ""doujinshi"", ""title"": ""Lycoris Recoil - Chisato no 1-nichi (Doujinshi)""}, {""id"": ""27d8e472-6b72-4ae6-befe-5ea930a0a0d1"", ""relation"": ""doujinshi"", ""title"": ""Lycoris Recoil - Surprise & Seduce (Doujinshi)""}, {""id"": ""2b1cf97b-b999-4d68-8162-dc121c1a3686"", ""relation"": ""side_story"", ""title"": ""Lycoris Recoil Comic Anthology: Repeat""}, {""id"": ""2ff55a52-16ce-4088-840a-265524410a40"", ""relation"": ""doujinshi"", ""title"": ""Lycoris Recoil - After This Night... (Doujinshi)""}, {""id"": ""36b68191-15ca-4b15-be2d-de2bd1957623"", ""relation"": ""doujinshi"", ""title"": ""Lycoris Recoil - Inoue Takina e no Akugyou no Monogatari (Doujinshi)""}, {""id"": ""3837341a-27ce-4674-b33e-df6c33339cea"", ""relation"": ""side_story"", ""title"": ""Lycoris Recoil: Koushiki Comic Anthology - Reload""}, {""id"": ""49ae27ee-21f6-42c4-8a49-e1e86ae6e378"", ""relation"": ""doujinshi"", ""title"": ""Lycoris Recoil - Deisui shita Nishikigi Chisato ni Warui Koto o suru Hanashi (Doujinshi)""}, {""id"": ""5f3d4247-5b44-47ac-a5d9-575434f0dcfc"", ""relation"": ""doujinshi"", ""title"": ""Saikin Aibou no Seiyoku ga Tsuyosugite Meccha Komatteru""}, {""id"": ""7a21e96c-34df-4fe4-b6a1-98eddc0d7a44"", ""relation"": ""doujinshi"", ""title"": ""Lycoris Recoil - Tempt & Throb (Doujinshi)""}, {""id"": ""80f7a827-12a0-4fcb-a2bf-e76e969b2528"", ""relation"": ""doujinshi"", ""title"": ""Lycoris Recoil - Takina's Shoulder Scar (Doujinshi)""}, {""id"": ""827ebff3-c4c9-49da-b7f6-fd2fbe066731"", ""relation"": ""doujinshi"", ""title"": ""Lycoris Recoil - Record & Recording (Doujinshi)""}, {""id"": ""8e5dcf25-ca13-4cd6-839d-a6407f56f6b4"", ""relation"": ""doujinshi"", ""title"": ""Lycoris Recoil - Ritateki Emotion (Doujinshi)""}, {""id"": ""8ebd11e3-bef6-4f41-b4d5-a229a6207195"", ""relation"": ""doujinshi"", ""title"": ""Lycoris Recoil - Junketsu no Sainou (Doujinshi)""}, {""id"": ""93c91e6f-99d1-4814-b3bf-5f29b09ef43b"", ""relation"": ""doujinshi"", ""title"": ""Lycoris Recoil - Special Training For Two (Doujinshi)""}, {""id"": ""999ee308-0fda-46b6-aff1-fa6e78418322"", ""relation"": ""doujinshi"", ""title"": ""Lycoris Recoil - Rikoteki Emotion (Doujinshi)""}, {""id"": ""b56e852b-ec17-4c00-a502-5967ec052dc9"", ""relation"": ""doujinshi"", ""title"": ""Lycoris Recoil - LycoReco Limited Live (Doujinshi)""}, {""id"": ""b8e2b1ba-4f78-4cea-9d04-a5507909df9b"", ""relation"": ""doujinshi"", ""title"": ""Lycoris Recoil - Tan to Tan (Doujinshi)""}, {""id"": ""c233d7b3-c1d5-445c-950d-cb5d5bfefb94"", ""relation"": ""doujinshi"", ""title"": ""Lycoris Recoil - ChisaTaki Love (Doujinshi)""}, {""id"": ""c242dec1-5d72-49bf-ab58-59722057248c"", ""relation"": ""doujinshi"", ""title"": ""Just ChisaTaki Kissing""}, {""id"": ""d0803caa-78c0-4917-96ab-e7c8fcdd8bd3"", ""relation"": ""spin_off"", ""title"": ""Lycoris Recoil - Kiss Kiss Kiss (Doujinshi)""}, {""id"": ""ebe0dc3c-e7de-4c7c-903d-570491ade8ab"", ""relation"": ""doujinshi"", ""title"": ""Taion, Kodou""}]"
490,051a49d7-dbd8-45eb-bf2a-4c04ab3e2e88,Little Shark's Outings,Little Shark's Outings,Penguin Box,Penguin Box,Animals; Comedy; Web Comic; Slice of Life; Full Color,,ongoing,2021.0,safe,ja,2554,9.5216,9.077440127769048,10,1,"[{""id"": ""253f9e68-09e4-454c-a710-2adc8cbd313b"", ""relation"": ""side_story"", ""title"": ""Bocchi the Rock! × Odekake Kozame Anime Japan Collab Manga""}]"
491,34b47146-a72e-43d8-9ea5-935a5956f09f,OMORI,OMORI,OMOCAT; Nui Konoito,Nui Konoito,Psychological; Horror; Adaptation,seinen,ongoing,2024.0,safe,ja,5133,9.2771,9.077101580667891,28,0,[]
492,47e5c76d-1420-4bfa-a973-90524c9d6f13,Pokémon SPECIAL,Pokémon SPECIAL,Nintendo; Hidenori Kusaka,Mato (真斗); Satoshi Yamamoto,Thriller; Award Winning; Sci-Fi; Monsters; Action; Animals; Comedy; Survival; Sports; Adventure; Video Games; Gore; Drama; Fantasy; Delinquents; Slice of Life; Adaptation; Tragedy,,ongoing,1997.0,safe,ja,11258,9.2191,9.076824789874586,62,12,"[{""id"": ""5888d21a-7ecd-4f75-8e98-781f88c74317"", ""relation"": ""sequel"", ""title"": ""Pokémon SPECIAL Omega Ω Ruby & Alpha α Sapphire""}, {""id"": ""7330f20b-5cac-469b-a232-7dd002175f07"", ""relation"": ""same_franchise"", ""title"": ""Electric Tale! Pikachu""}, {""id"": ""882b1e22-ac83-4613-b8f1-7c48138fa584"", ""relation"": ""sequel"", ""title"": ""Pokémon SPECIAL X & Y""}, {""id"": ""8be4e41b-6dc6-4840-ae4a-bbe74d75086b"", ""relation"": ""doujinshi"", ""title"": ""Pokémon Stadium""}, {""id"": ""9fdeb5f0-249f-4122-8b18-728aedda029c"", ""relation"": ""doujinshi"", ""title"": ""[Pokémon Special] RuSa (Doujinshi)""}, {""id"": ""9ff6924b-2dc8-4d3a-849e-a88b0d4e642b"", ""relation"": ""sequel"", ""title"": ""Pokémon SPECIAL Sword & Shield""}, {""id"": ""ac9450d6-c852-4a31-a54d-f396c335bd3b"", ""relation"": ""same_franchise"", ""title"": ""Pokémon Try Adventure""}, {""id"": ""b5126a8b-97ff-47ad-82cb-e3773611ec25"", ""relation"": ""same_franchise"", ""title"": ""Pokémon BW: Good Partners""}, {""id"": ""c52833c3-2821-4d5f-9dd8-e538dc486355"", ""relation"": ""same_franchise"", ""title"": ""Shogakukan Version - Learning Manga Human Museum: Satoshi Tajiri, the Man Who Made Pokémon""}, {""id"": ""e16d9eea-7c98-4491-afba-8586dfb6d1a7"", ""relation"": ""doujinshi"", ""title"": ""Pokemon - Shuura na Ero Manga (Doujinshi)""}, {""id"": ""e3e3076a-bee7-40e0-87db-f9c79e4ac9d5"", ""relation"": ""sequel"", ""title"": ""Pokémon SPECIAL - Sun & Moon""}, {""id"": ""fb74e93d-e947-4774-83e7-d972b85d3d11"", ""relation"": ""sequel"", ""title"": ""Pokémon SPECIAL Scarlet & Violet""}]"
493,e36da8b0-feca-46dd-9120-d5dc2f3feae8,Doraemon,Doraemon,Fujiko F. Fujio,Fujiko F. Fujio,Award Winning; Sci-Fi; Time Travel; Action; Animals; Comedy; Adventure; Drama; School Life; Fantasy; Delinquents; Slice of Life,,completed,1969.0,safe,ja,2880,9.4408,9.076052861314817,26,34,"[{""id"": ""02ff0850-6734-4174-9841-d0db51f3ab3b"", ""relation"": ""same_franchise"", ""title"": ""Doraemon's Giant Stag Beetle""}, {""id"": ""0383555e-c252-4410-8e18-7eba6f9db0c3"", ""relation"": ""side_story"", ""title"": ""Doraemon Long Stories""}, {""id"": ""11c50f45-b250-497f-9cb7-e86335243caa"", ""relation"": ""same_franchise"", ""title"": ""Doraemon's Quotations Manga Encyclopedia""}, {""id"": ""145b519d-1a5e-43e2-98c3-8d6b52927f83"", ""relation"": ""prequel"", ""title"": ""Doraemon 0""}, {""id"": ""28418ec9-822d-4dae-b912-74042bec04a5"", ""relation"": ""spin_off"", ""title"": ""Doraemon's learning series Doraemon's math fun strategy Understand area and volume""}, {""id"": ""2d31c441-bb31-459e-adb7-fbd652661721"", ""relation"": ""same_franchise"", ""title"": ""Doraemon's Body Series""}, {""id"": ""2f9084d1-660d-4866-a5f0-549e1b2b1d48"", ""relation"": ""same_franchise"", ""title"": ""Doraemon and Mohri's Space School""}, {""id"": ""4070cfc7-ed14-4551-8823-8e9eb9592437"", ""relation"": ""same_franchise"", ""title"": ""Doraemon's Mysterious Exploration Series""}, {""id"": ""47dc4da4-ec9c-4dbf-a035-298cc3207f2f"", ""relation"": ""alternate_version"", ""title"": ""The Complete Works of Fujiko F. Fujio - Doraemon""}, {""id"": ""4826e1fd-5c4c-4d19-8db1-f5c257b00fa4"", ""relation"": ""spin_off"", ""title"": ""The Doraemon's Special""}, {""id"": ""4afc5d16-327a-476f-8cc3-baaefbfc866e"", ""relation"": ""spin_off"", ""title"": ""Doraemon's Learning Series Doraemon's Arithmetic Walkthrough - Tashizan/Hikizan""}, {""id"": ""5070cf5b-5b2b-42ad-9000-9a11d86b663f"", ""relation"": ""spin_off"", ""title"": ""Doraemon Encyclopedia""}, {""id"": ""5218df2f-2a39-453f-9c39-ec0b2c3639c3"", ""relation"": ""same_franchise"", ""title"": ""Doraemon's Proverb Dictionary""}, {""id"": ""5caeef4c-b66f-42ea-bb34-9bf27be6ffa8"", ""relation"": ""alternate_version"", ""title"": null}, {""id"": ""5dbc5da5-efca-4392-ba85-2fed2848d99f"", ""relation"": ""shared_universe"", ""title"": ""Gakushuu Manga Jinbutsukan: Fujiko F. Fujio""}, {""id"": ""77630fb3-7f72-42a5-8088-567ea22cabf3"", ""relation"": ""same_franchise"", ""title"": ""Doraemon no Kuruma Isu no Hon""}, {""id"": ""7d9e2852-4710-4b5e-82f0-e4ef00cee105"", ""relation"": ""spin_off"", ""title"": ""The Doraemons - Doraemon Game Comic""}, {""id"": ""7dcf815a-8484-4a52-8cd6-37096ea70dd5"", ""relation"": ""sequel"", ""title"": ""Doraemon Plus""}, {""id"": ""81d5025b-460e-4c41-8a9e-750ac5fb4c7e"", ""relation"": ""same_franchise"", ""title"": ""Doraemon's Surprise Quiz World Countries""}, {""id"": ""9178e7d7-a748-4779-96fd-49c26b491a7c"", ""relation"": ""same_franchise"", ""title"": ""Introduction to Doraemon's Camp""}, {""id"": ""a6443154-c800-4241-9b8f-ba2369dee9e0"", ""relation"": ""same_franchise"", ""title"": ""Doraemon's Exciting Secret Gadgets""}, {""id"": ""ac2d0b8e-37ba-488b-abd8-5ead59d29b89"", ""relation"": ""spin_off"", ""title"": ""Doraemon's English Class""}, {""id"": ""ade16576-c292-473d-8a9f-cd84bc908c1d"", ""relation"": ""same_franchise"", ""title"": ""Doraemon's Interesting Physical Education Strategy: Swimming Can Be Fun""}, {""id"": ""b5db215f-a6a0-4cd2-953d-362f134daa7d"", ""relation"": ""side_story"", ""title"": ""Doraemon Comic Quiz""}, {""id"": ""b937585e-e4b0-49e5-a86a-5a8d622e58ae"", ""relation"": ""side_story"", ""title"": ""Doraemon's Latest Secret Tool Encyclopedia""}, {""id"": ""be0b843d-ec6a-4339-9ba2-19cb30066408"", ""relation"": ""spin_off"", ""title"": ""Doraemon Latest Secret Encyclopedia""}, {""id"": ""c9f61c57-44e9-4f0d-a738-bfab26c1b43a"", ""relation"": ""spin_off"", ""title"": ""Doraemon""}, {""id"": ""d2b7fdf2-0aa9-4891-a0d8-e9c467f57932"", ""relation"": ""same_franchise"", ""title"": ""Doraemon Story ~The Back of Mr. Fujiko F. Fujio~""}, {""id"": ""d5141dea-0b9c-4537-b585-ee9d10e42a00"", ""relation"": ""spin_off"", ""title"": ""Doraemon's Invention Class""}, {""id"": ""e880af46-82a8-4f22-9ab9-f85aedd2f409"", ""relation"": ""side_story"", ""title"": ""Dorabase: Doraemon Super Baseball Gaiden""}, {""id"": ""ec2891d1-13cf-418f-9059-3a02234808de"", ""relation"": ""spin_off"", ""title"": ""Doraemon Learning Series You can write Smoothly""}, {""id"": ""f546580d-2bf5-4738-a2d9-420f6e56970b"", ""relation"": ""spin_off"", ""title"": ""Hino Hideshi's Doraemon""}, {""id"": ""f63eabb5-ad39-4cea-8963-0cdbaac0c705"", ""relation"": ""doujinshi"", ""title"": ""Doraemon - Ending (Doujinshi)""}, {""id"": ""fb25929b-c916-4551-af06-c5296e816d87"", ""relation"": ""doujinshi"", ""title"": ""Doraemon - Doranote (Doujinshi)""}]"
494,79dba6c7-cc1e-475c-971b-82898375d27b,Komen Fuufu,Fox-Faced Husband And Wife,IWATOBINEKO,IWATOBINEKO,Thriller; Animals; Romance; Comedy; Fantasy; Monster Girls; Slice of Life; Cooking; Supernatural,josei,ongoing,2023.0,suggestive,ja,12831,9.1716,9.07548979406238,28,0,[]
495,29aa68fc-7ee3-4b04-80fb-d2fe7c433fcb,Ma Dou So Shi,Grandmaster of Demonic Cultivation,Mo Xiang Tong Xiu,Yuzurin,Historical; Ghosts; Comedy; Boys' Love; Martial Arts; Adventure; Wuxia; Drama; Horror; Fantasy; Supernatural; Mystery; Adaptation; Tragedy,,ongoing,2024.0,safe,ja,1680,9.5,9.07521674189772,7,1,"[{""id"": ""6e52262f-bcd5-49c4-b93a-f4652d189844"", ""relation"": ""alternate_version"", ""title"": ""Módào Zǔshī""}]"
496,4f1c1d58-ca14-48a7-b421-f01b5900ce28,Sense Life,Sense Life,Glitch Tellend,Glitch Tellend,Action; Comedy; Adventure; Delinquents; Slice of Life,,ongoing,2021.0,safe,pt-br,1911,9.3958,9.07507928186818,0,0,[]
497,dca5046d-7d96-449d-9dce-2f04a4cfd5a9,Nomura Nao to Kyougoku Hina wa,Nao Nomura and Hina Kyougoku,Chariot,Chariot,Oneshot; Award Winning; Girls' Love; School Life,,completed,2019.0,safe,ja,4861,9.127,9.075006238189768,22,0,[]
498,6fc1c54b-7285-4a51-8c8b-22838f04eb26,Kono Koi wo Hoshi ni wa Negawanai,There is No Love Wishing Upon a Star,Shinoa,Shinoa,Romance; Girls' Love; Drama,josei,completed,2023.0,safe,ja,18058,9.1124,9.075004559568717,151,0,[]
499,99182618-ae92-4aec-a5df-518659b7b613,Rebuild World,Rebuild World,Nafuse,Ayamura Kirihito,Sci-Fi; Action; Adventure; Post-Apocalyptic; Gore; Mystery; Adaptation,,ongoing,2019.0,suggestive,ja,71899,9.0941,9.074914723380644,279,0,[]
500,00e07ecc-5afe-45c2-807e-bbcdea4e161b,Ennead,Ennead,Mojito,Mojito,Historical; Long Strip; Boys' Love; Incest; Sexual Violence; Web Comic; Supernatural; Full Color,,ongoing,2018.0,erotica,ko,5257,9.2143,9.074693639657262,35,0,[]
501,8bd288e6-7c5a-403a-b5b6-a845a70ca376,Cross Game,Cross Game,Adachi Mitsuru,Adachi Mitsuru,Thriller; Award Winning; Psychological; Romance; Comedy; Sports; Drama; School Life; Delinquents; Slice of Life; Tragedy,shounen,completed,2005.0,safe,ja,2621,9.2795,9.074678429921036,18,0,[]
502,62c802ff-25ce-4b1c-aa94-55251c84ed0c,Abimussang,"Father, Unrivaled",Cyungchan Noh (노경찬),Lee Hyunseok (이현석),Action; Long Strip; Comedy; Martial Arts; Adventure; Drama; Fantasy; Web Comic; Slice of Life; Adaptation; Full Color,,completed,2017.0,safe,ko,38978,9.1078,9.07450810969198,344,3,"[{""id"": ""1593cc24-e67a-411e-8e30-eec88a5ee670"", ""relation"": ""shared_universe"", ""title"": ""Red Storm""}, {""id"": ""5a6e2cf4-e850-4f32-94dd-57f90d827791"", ""relation"": ""shared_universe"", ""title"": ""Administrator Kang Jin Lee""}, {""id"": ""5a9aa4d4-3d76-45a2-bf10-3311a7e4bf6a"", ""relation"": ""shared_universe"", ""title"": ""Sunyu of the Shadowless""}]"
503,73bc69fa-9ba9-4533-a243-ebc11651339f,The Villainess Turns the Hourglass,The Villainess Turns the Hourglass,Sansobee (산소비),Ant Studio (앤트스튜디오),Time Travel; Long Strip; Romance; Magic; Drama; Fantasy; Villainess; Web Comic; Adaptation; Full Color,,completed,2020.0,safe,ko,81320,9.0903,9.073810159198887,1366,1,"[{""id"": ""c1f672ea-70a2-4ecc-a3f7-c04699379a92"", ""relation"": ""alternate_version"", ""title"": ""The Villainess Turns the Hourglass (Book Version)""}]"
504,6ebe8b8a-7bac-45f0-8652-4b9d52b95644,Hoshi no Samidare,Lucifer and the Biscuit Hammer,Mizukami Satoshi,Mizukami Satoshi,Monsters; Action; Psychological; Romance; Comedy; Adventure; Magic; Drama; Fantasy; Slice of Life; Supernatural,seinen,completed,2005.0,safe,ja,11729,9.1189,9.073787004845975,50,2,"[{""id"": ""226cb066-337d-4838-80fe-dff903a48b3b"", ""relation"": ""spin_off"", ""title"": ""Sonogo no Hero""}, {""id"": ""c7f8ec0a-89ce-4403-95ae-70ea6fb7aa7f"", ""relation"": ""doujinshi"", ""title"": ""Hoshi no Samidare - Sami Anal (Doujinshi)""}]"
505,77a32af5-e060-4f21-8576-2590c899fb52,Lost in the Cloud,Lost in the Cloud,Paskim,Paskim,Long Strip; Boys' Love; Drama; School Life; Web Comic; Full Color,,completed,2021.0,suggestive,ko,2832,9.3459,9.073299684404557,2,0,[]
506,4710b856-0585-40d2-a87e-099fc032511f,"Isekai Izakaya ""Nobu""",Otherwordly Izakaya Nobu,Semikawa Natsuya,Virginia Nitouhei,Comedy; Isekai; Fantasy; Slice of Life; Cooking; Supernatural; Adaptation,seinen,ongoing,2015.0,safe,ja,37873,9.1176,9.07296827437398,185,2,"[{""id"": ""75a1c932-9792-41e1-a4a2-f2dddf1030ee"", ""relation"": ""shared_universe"", ""title"": ""Isekai Izakaya \""Gen\""""}, {""id"": ""b348f89d-7154-49b9-b855-6a28b99474fc"", ""relation"": ""alternate_story"", ""title"": ""Isekai Izakaya \""Nobu\"" - Shinobu to Taishou Koto Gohan""}]"
507,1f9fb803-733a-4104-bea3-f4b449da5e3c,Tonari no Kurokawa-san,My Neighbor Ms. Kurokawa,Itou Kyousuke,Itou Kyousuke,Romance; Comedy; School Life; Slice of Life,shounen,ongoing,2024.0,safe,ja,82657,9.0908,9.072112241526751,69,0,[]
508,4fd4f8c0-fab8-4ee5-ab9e-5907720afed9,Iken Senki Völundio,Völundio ~Divergent Sword Saga~,Nanao Nanaki,Nanao Nanaki,Action; Comedy; Adventure; Magic; Drama; Fantasy,shounen,ongoing,2020.0,safe,ja,20899,9.1546,9.071746707135256,94,3,"[{""id"": ""10a4985d-0713-462e-a9d6-767bf91e4fd7"", ""relation"": ""shared_universe"", ""title"": ""Helck""}, {""id"": ""1c909da4-bb40-4f69-b221-9b73d9f0c727"", ""relation"": ""shared_universe"", ""title"": ""Piwi""}, {""id"": ""4e439dc4-18ef-4ee0-9629-b86e7118cb1c"", ""relation"": ""shared_universe"", ""title"": ""Acaria""}]"
509,356562c0-62f5-4aaa-8cea-4fe7a28f4bc7,Disney Twisted Wonderland: The Comic—Episode of Heartslabyul,Disney Twisted Wonderland: The Comic—Episode of Heartslabyul,Koono Sumire; Wakana Hazuki,Koono Sumire; Wakana Hazuki,School Life; Fantasy; Adaptation,shounen,completed,2021.0,safe,ja,3321,9.3566,9.07080863953676,8,6,"[{""id"": ""3e7d016d-43c8-4270-b83e-cbbe9d890505"", ""relation"": ""sequel"", ""title"": ""Disney Twisted Wonderland: The Comic—Episode of Savanaclaw""}, {""id"": ""4aeedd65-d29d-4c77-a090-ef33830b14af"", ""relation"": ""side_story"", ""title"": ""Twst 4koma""}, {""id"": ""689eba6d-10b0-4057-bcff-d2df9ab7765a"", ""relation"": ""sequel"", ""title"": ""Disney Twisted Wonderland: The Comic—Episode of Scarabia""}, {""id"": ""767b0346-b8be-42d8-99a0-62c3590138fa"", ""relation"": ""sequel"", ""title"": ""Disney Twisted Wonderland: The Comic—Episode of Octavinelle""}, {""id"": ""a8f78ad3-6be0-40b6-8661-628be3076ea1"", ""relation"": ""spin_off"", ""title"": ""Disney Twisted Wonderland: Anthology Comic""}, {""id"": ""c1c332f0-2279-40f5-b4e2-6cb6e887e3d2"", ""relation"": ""doujinshi"", ""title"": ""Disney Twisted Wonderland - 2-kaime hon (Doujinshi)""}]"
510,7e905fc7-d534-479e-9880-f89effbf30e2,"Kimi ga Hoeru Tame no Uta wo,",Howling Song for Husky Girl,Kashikaze,Kashikaze,Girls' Love; School Life; Music,,ongoing,2024.0,safe,ja,18766,9.1328,9.069529984634336,22,0,[]
511,101c7648-2599-4167-a4e8-5e1bc07fedae,"Urenokori no Dorei Elf o Hirotta no de, Musume ni Suru Koto ni Shita",My Daughter Was an Unsold Elf Slave,Haruka Touko,Sawamura Akira,Monsters; Action; Animals; Comedy; Magic; Drama; School Life; Fantasy; Slice of Life; Adaptation,shounen,ongoing,2023.0,safe,ja,53218,9.0983,9.06891540293527,58,0,[]
512,2d7ab8f4-f3b2-4a8c-8ea3-1e5f75d9332b,Touhou Project Niji Sousaku Series - Koumakan no Onnatachi,Touhou Project Niji Sousaku Series - Koumakan no Onnatachi,Risui,Risui,Romance; Comedy; Martial Arts; Magic; Girls' Love; Fantasy; Adaptation,shoujo,ongoing,2024.0,safe,ja,4862,9.2715,9.068907557448984,5,1,"[{""id"": ""8f1c66ee-1df7-44cb-82b0-046417041095"", ""relation"": ""adapted_from"", ""title"": ""Touhou Gairai Ihen ~ Strange Creators of Outer World.""}]"
513,48905e2d-4fe6-4f4d-90bc-bfe6e60b82c1,Chikan Otoko,Molester Man,Yokota Takuma; Anonymous,Yokota Takuma,Romance; Comedy; Doujinshi; Drama; Slice of Life,,completed,2004.0,safe,ja,7729,9.1124,9.067820120751676,102,1,"[{""id"": ""7b514e78-ce00-44c2-aa6f-718e17f782f2"", ""relation"": ""alternate_story"", ""title"": ""Train Man - Net Development, the Love Story of a Local Train""}]"
514,9be148dc-e8fc-4ca5-bd78-e0a142a27ca8,Surviving Romance,Surviving Romance,Lee Yeon,Lee Yeon,Thriller; Reincarnation; Time Travel; Action; Psychological; Long Strip; Survival; Zombies; Isekai; Gore; Drama; Horror; Web Comic; Supernatural; Mystery; Full Color,,completed,2021.0,safe,ko,10099,9.1913,9.06759881439291,111,0,[]
515,c071276e-abd4-4711-8b14-544431eb152a,Kimi no Na wa.,Kimi no Na wa.,Shinkai Makoto,Kotone Ranmaru,Genderswap; Romance; Drama; School Life; Slice of Life; Supernatural,seinen,completed,2016.0,safe,ja,4546,9.1888,9.066227952893918,20,8,"[{""id"": ""011674d5-2279-4944-843e-dc580616f7fb"", ""relation"": ""doujinshi"", ""title"": ""Kimi no Na wa - Kimi no Mama (Doujinshi)""}, {""id"": ""0311b163-a021-4c27-bd26-3f83f280115f"", ""relation"": ""shared_universe"", ""title"": ""Tenki no Ko""}, {""id"": ""0a13dd9b-fb3c-4724-b125-591c5d270ff3"", ""relation"": ""alternate_story"", ""title"": ""Kimi no Na wa. Another Side: Earthbound""}, {""id"": ""1361ec65-5ddb-4e0c-9684-ad051eb62eaf"", ""relation"": ""doujinshi"", ""title"": ""Kimi no Na wa. - & and & (Doujinshi)""}, {""id"": ""3678c04c-0492-46f7-a52b-87f46e6b6b46"", ""relation"": ""shared_universe"", ""title"": ""Kotonoha no Niwa""}, {""id"": ""81751fba-3828-44ee-916e-c154e5388cad"", ""relation"": ""doujinshi"", ""title"": ""Kimi no Na wa -  Thoughts & Dreams (Doujinshi)""}, {""id"": ""9832d67f-e6ec-4552-ab24-41213ec1d8fe"", ""relation"": ""doujinshi"", ""title"": null}, {""id"": ""ebca9d76-09c1-4815-bc4f-070f67c5b26c"", ""relation"": ""doujinshi"", ""title"": ""Kimi no Na wa. - Okashii Onee-chan (Doujinshi)""}]"
516,5e77d9e2-2e44-431a-a995-5fefd411e55e,Ookami Shounen wa Kyou mo Uso wo Kasaneru,The boy who cried wolf tells a lie today also,namo,namo,Romance; Comedy; Crossdressing; Drama; School Life; Web Comic; Slice of Life,,completed,2014.0,safe,ja,22353,9.0814,9.065260446584318,173,0,[]
517,927617bf-a212-44d6-9ff0-3d941fbaae2a,Sylph no Hanahime,The Flower Princess of Sylph,Kamejiro,Kamejiro,Action; Romance; Comedy; Adventure; Magic; Girls' Love; Drama; Fantasy,,ongoing,2022.0,safe,ja,11585,9.1296,9.064863332424775,22,0,[]
518,8685b705-d626-44a0-b449-2ccd5ae5959d,Mujikbaeksu Gye Baek-sun,Jobless Gye Baek-sun,Zirarval,Zirarval,Long Strip; Comedy; Drama; Web Comic; Slice of Life; Full Color,,completed,2023.0,safe,ko,20585,9.1295,9.064590893222238,94,0,[]
519,8c3526df-a784-4441-b58e-ea521f968afb,A Beloved Existence,A Beloved Existence,Hyang U Creative,Hyang U Creative,Long Strip; Romance; Comedy; Drama; School Life; Web Comic; Slice of Life; Full Color,,completed,2020.0,safe,ko,9828,9.1888,9.06447666534326,94,0,[]
520,ff7acd30-a447-4ebc-9dc9-3ad588ccaa8d,Sherbet Above the Sea of Fog,Sherbet Above the Sea of Fog,BonesBloodFlesh (뼈피살),Dongom,Long Strip; Romance; Comedy; Girls' Love; Fantasy; Web Comic; Supernatural; Full Color,,completed,2023.0,safe,ko,9651,9.1702,9.063924742484732,20,0,[]
521,1d2967dd-d157-4cbb-84ed-ea7cf7140d14,Yume de Furarete Hajimaru Yuri,Our Yuri Started with Me Getting Rejected in a Dream,Hijiki (ヒジキ),Hijiki (ヒジキ),Romance; Comedy; Girls' Love; School Life; Slice of Life,,ongoing,2022.0,suggestive,ja,48292,9.0851,9.063507817043961,36,0,[]
522,5311ac6f-3651-43a8-bb9c-b40dea7ab72d,"Ichido Dake Demo, Koukai Shitemasu","Even If It Was Just Once, I Regret It",Miyahara Miyako,Miyahara Miyako,Award Winning; Romance; Comedy; Girls' Love; Slice of Life,shounen,completed,2019.0,suggestive,ja,47132,9.074,9.063036376057797,272,0,[]
523,65263bf9-4f87-4513-b72f-ad6436b3911c,Wotaku ni Koi wa Muzukashii,Wotakoi: Love Is Hard for Otaku,Fujita,Fujita,Romance; Comedy; Office Workers; Slice of Life,josei,completed,2014.0,safe,ja,77338,9.0802,9.062763963584294,238,1,"[{""id"": ""611576ff-df9b-45da-a47e-50df2ba0302f"", ""relation"": ""side_story"", ""title"": ""Wotaku ni Koi wa Muzukashii Comic Anthology""}]"
524,fd2d7c3e-87ab-4775-a1e3-17403994043b,Majo to Youhei,The Witch and the Mercenary,Chouhoukiteki Kaeru,Miyagi Makoto,Monsters; Action; Magic; Drama; Fantasy; Slice of Life; Adaptation,shounen,ongoing,2024.0,safe,ja,13365,9.2035,9.062186284022394,13,0,[]
525,b24d2c22-5b28-44d4-a77f-0e920cd960a6,Wolf-chan wa Sumashitai,Wolf-chan Wants to Be Clear,Honn Noshiori,Honn Noshiori,Romance; Comedy; School Life; Slice of Life,,ongoing,2023.0,safe,ja,60439,9.0874,9.061861328474254,46,0,[]
526,71b16e06-8c0d-42a3-b457-73cf55343bc0,Magmell Shinkai Suizokukan,Magmell Shinkai Suizokukan,Sugishita Kiyomi,Sugishita Kiyomi,Animals; Slice of Life; Mystery,seinen,ongoing,2017.0,safe,ja,6102,9.324,9.061658251009781,32,0,[]
527,03bcdcf5-1550-4ccb-9c4e-4793cb4b8380,Capeta,Capeta,Soda Masahito,Soda Masahito,Award Winning; Comedy; Sports; Drama,shounen,completed,2003.0,safe,ja,3149,9.4406,9.061250020382921,26,0,[]
528,07d3503f-d35e-4dd2-aeb3-3973f7d20750,Mystery to Iunakare,Don't Call it Mystery,Tamura Yumi,Tamura Yumi,Thriller; Award Winning; Crime; Philosophical; Drama; Police; Slice of Life; Mystery; Tragedy,josei,ongoing,2017.0,safe,ja,4082,9.4152,9.060510591382041,23,0,[]
529,6bf844c8-2ce4-401a-a761-3151042efe30,Tokidoki Bosotto Russia-go de Dereru Tonari no Alya-san,Alya Sometimes Hides Her Feelings in Russian,Sansan Sun,Tenamachi Saho,Romance; Comedy; Harem; Drama; School Life; Slice of Life; Adaptation,shounen,ongoing,2022.0,suggestive,ja,115391,9.0711,9.06015409092598,138,7,"[{""id"": ""89d951cf-f381-4b8a-bda1-45611e6bd598"", ""relation"": ""spin_off"", ""title"": ""Tokidoki Bosotto Roshiago de Dereru Yuusha no Alya-san""}, {""id"": ""8fae11ec-290d-461a-b55c-f4fcb6fa076c"", ""relation"": ""side_story"", ""title"": null}, {""id"": ""a8361b11-b6a5-4ac7-ab3e-07b9f1e2adae"", ""relation"": ""doujinshi"", ""title"": null}, {""id"": ""c6e9eeff-7a7c-471e-87f6-008ff493f337"", ""relation"": ""side_story"", ""title"": null}, {""id"": ""ccd322e2-47cb-4376-b91a-3f68b81b35ae"", ""relation"": ""alternate_version"", ""title"": ""Tokidoki Bosotto Russia-go de Dereru Tonari no Alya-san (Oneshot)""}, {""id"": ""ea405424-0b30-4f05-a5bc-6107241ffb05"", ""relation"": ""side_story"", ""title"": ""Tokidoki Bosotto Roshiago de Dereru Tonari no Alya-san Momoko Gashuu""}, {""id"": ""f83a3672-7940-4510-aadf-dd141bc6a1f4"", ""relation"": ""doujinshi"", ""title"": null}]"
530,13785f54-007b-485d-8997-be0f0523e189,Crows,Crows,Takahashi Hiroshi (高橋ヒロシ),Takahashi Hiroshi (高橋ヒロシ),Action; Comedy; Drama; School Life; Delinquents,shounen,completed,1990.0,safe,ja,4653,9.2477,9.059999943689096,12,20,"[{""id"": ""081d25db-d663-4eed-9899-fba7cb246ba3"", ""relation"": ""same_franchise"", ""title"": ""Kuzu!! - Another Crows: Kuzugami Tatsuo""}, {""id"": ""136faa55-554e-4a3c-ad10-d4ae26d2736b"", ""relation"": ""prequel"", ""title"": ""Crows Zero Reboot""}, {""id"": ""31354e3a-5369-410a-98d0-d6491518c125"", ""relation"": ""side_story"", ""title"": ""Crows Explode -Gaiden-""}, {""id"": ""3c078883-d60e-4435-bd38-8f37b46ba9c9"", ""relation"": ""spin_off"", ""title"": ""Crows Gaiden Housenka - the beginning of HOUSEN""}, {""id"": ""65325afa-32f3-49d1-b84e-4bdf9d02bf7a"", ""relation"": ""prequel"", ""title"": ""Crows Zero""}, {""id"": ""65b6e67f-7f90-4046-bc9d-376edd5f7f70"", ""relation"": ""same_franchise"", ""title"": null}, {""id"": ""68095946-ece2-4090-b0df-698f1cdb2a70"", ""relation"": ""prequel"", ""title"": ""Crows ZERO II - Suzuran x Housen""}, {""id"": ""6cd8ae64-94bc-4833-b596-fe1f881e8bd6"", ""relation"": ""spin_off"", ""title"": ""Crows Respect""}, {""id"": ""72f7ca5a-a766-4f76-9a4b-9810e17a9ec9"", ""relation"": ""sequel"", ""title"": ""Harumichi""}, {""id"": ""92701b20-044d-4795-b02e-f2b960639ce8"", ""relation"": ""sequel"", ""title"": ""Sono Go No Crows""}, {""id"": ""96d02f4f-ff02-410f-878f-a12f529237b0"", ""relation"": ""sequel"", ""title"": ""Shinsouban WORST""}, {""id"": ""9ed3ecbc-b64e-4d26-b144-f118dd283769"", ""relation"": ""side_story"", ""title"": ""Crows Gaiden - Katagiri Ken Monogatari""}, {""id"": ""a14f5a2f-0ec1-4fa5-a443-0fc9f935cf50"", ""relation"": ""spin_off"", ""title"": ""Crows Gaiden - Linda Linda""}, {""id"": ""a95f521e-b307-487c-83c9-311c7cf953c3"", ""relation"": ""sequel"", ""title"": ""WORST""}, {""id"": ""ae5fd9f5-dee7-4ec6-bab4-db26c42aa0df"", ""relation"": ""alternate_version"", ""title"": ""Shinsouban Crows""}, {""id"": ""b939206a-34c1-4b9a-b802-0647bfa59f2f"", ""relation"": ""sequel"", ""title"": ""Dustland""}, {""id"": ""c42cd15c-969d-4f6c-9b8b-6a02a17a073e"", ""relation"": ""prequel"", ""title"": ""Crows Gaiden: Crows Explode""}, {""id"": ""c5ed17f7-d52b-48f6-b574-fadcf75ab0d1"", ""relation"": ""side_story"", ""title"": ""WORST Gaiden Saburoku Santa Namonaki Karasu-tachi""}, {""id"": ""c99a68b2-78fd-4837-b9a2-1b2616aa2bf2"", ""relation"": ""alternate_story"", ""title"": ""Crows Ladies""}, {""id"": ""e2949aaa-1054-41c5-a727-30b4d7c9967d"", ""relation"": ""side_story"", ""title"": ""Crows Gaiden""}]"
531,b98c4daf-be1a-46c8-ad83-21d532995240,Wǒ de shíwù kàn qǐlái hěn kě'ài',My Food Looks Very Cute,Xi Ling LuoBo (西凌萝卜); Lily Club (橘姬社),Xi Ling LuoBo (西凌萝卜); Lily Club (橘姬社),Monsters; Long Strip; Girls' Love; Fantasy; Vampires; Monster Girls; Web Comic; Supernatural; Full Color,,completed,2020.0,suggestive,zh,22780,9.0936,9.059951691542944,60,0,[]
532,607151d3-ff0f-4233-ab4e-e4d4d83c6a59,The Shocking Reality of a Loan Shark Collecting Money,The Shocking Reality of a Loan Shark Collecting Money,Pageratta,Pageratta,Comedy; Drama; Web Comic; Slice of Life,,completed,2019.0,safe,ja,10676,9.0844,9.059861895954594,204,0,[]
533,f30a1d56-f3a4-4848-8cf2-b4369e784dcb,The Beginning After the End (Book Version),The Beginning After the End (Book Version),TurtleMe,Fuyuki23,Reincarnation; Monsters; Action; Demons; Adventure; Magic; Isekai; Gore; School Life; Fantasy; Adaptation; Full Color; Tragedy,,ongoing,2021.0,safe,en,3125,9.515,9.059492220823616,0,1,"[{""id"": ""4ada20eb-085a-491a-8c49-477ab42014d7"", ""relation"": ""alternate_version"", ""title"": ""The Beginning After the End""}]"
534,d9339050-0957-46e9-a30a-4466eaa0a1e8,Fugue Across Worlds,Fugue Across Worlds,Lily Club (橘姬社); Wenzhi Lizi (文枝栗子),Ke Ran Bing (可燃冰),Historical; Long Strip; Romance; Mafia; Girls' Love; Web Comic; Full Color,shoujo,ongoing,2022.0,safe,zh,7787,9.1991,9.058911200103479,10,0,[]
535,1d330951-583e-423e-9cd7-abcd6f761f53,Ane no Tomodachi,My Older Sister's Friend,Takase Waka,Takase Waka,Romance; Comedy; School Life; Slice of Life; Gyaru,seinen,ongoing,2024.0,suggestive,ja,84950,9.0781,9.05791501119167,45,1,"[{""id"": ""29d27f31-7ed2-4626-bcba-027077bff932"", ""relation"": ""shared_universe"", ""title"": ""Kawaisugiru Danshi ga Ouchi de Matteimasu""}]"
536,f75812e9-27bb-44d5-9cb1-25de07ceb326,Voynich Hotel,The Voynich Hotel,Dowman Sayman,Dowman Sayman,Romance; Comedy; Gore; Horror; Slice of Life; Supernatural; Mystery,seinen,completed,2006.0,suggestive,ja,13873,9.0894,9.057416179958329,66,3,"[{""id"": ""3dff8c44-40ea-4a3b-bf6f-4eac9070c678"", ""relation"": ""shared_universe"", ""title"": ""Oddman 11""}, {""id"": ""a64dd18b-2760-4a47-83a3-38119264fa1e"", ""relation"": ""shared_universe"", ""title"": ""Nickelodeon""}, {""id"": ""bd413470-2326-4da7-87c7-729675be0f18"", ""relation"": ""shared_universe"", ""title"": ""Melancholia""}]"
537,e6a2254a-a8e3-477d-9460-94c9b7b81399,Dachou Juujin no Hachamecha Musou: Aho Kawaii Saikyou Shuzoku no Leader ni Narimashita,The Ostrich Beastman's Wild and Unrivaled Rampage: I Became the Leader of the Stupidly Cute Strongest Race,Sairiumu,Marisuke,Reincarnation; Genderswap; Monsters; Action; Survival; Isekai; Fantasy; Monster Girls; Adaptation,shounen,ongoing,2025.0,safe,ja,19271,9.1164,9.05729274505148,65,0,[]
538,9faba8cf-60df-4894-9370-22571592c8d3,Ano Koro no Aoi Hoshi,The Blue Star on That Day,Kani,Kani,Psychological; Romance; Girls' Love; Drama; School Life,,ongoing,2019.0,safe,ja,16066,9.1206,9.057218594164544,47,0,[]
539,6f5435ad-a6e4-4f15-b607-7bdfcb9bf9fa,Chanto Suki tte Ieru Ko Musou,"The Girl Who Can Properly Say ""I Love You"" is Unstoppable",Nanana Nana (七菜なな); Akakage,Akakage,Romance; Comedy; Harem; School Life; Adaptation; Gyaru,shounen,ongoing,2025.0,safe,ja,61824,9.0848,9.056143863884476,75,0,[]
540,d8f9afe2-aa44-4bc6-9145-eebb1f282372,Giji Harem,Pseudo Harem,Saitou Yuu,Saitou Yuu,Romance; Comedy; Drama; School Life; Web Comic; Slice of Life,shounen,completed,2018.0,safe,ja,81142,9.0645,9.055723326806115,617,0,[]
541,cf69e2fd-9833-4f89-9cad-f470a280a256,How to Win My Husband Over,How to Win My Husband Over,Kitty&Spice,Siru,Reincarnation; Psychological; Long Strip; Romance; Magic; Isekai; Drama; Fantasy; Villainess; Adaptation; Full Color,,ongoing,2021.0,safe,ko,17643,9.1434,9.055552442651555,8,0,[]
542,af9aad67-fe97-4174-91a4-263979d62b0b,Akdang-deul ui Huwonja ga Doeeotda,The Patron of Villains,LICO; Bom Han Bang-ul  (봄한방울); Namisa (나미사),Jogen (조겐),Reincarnation; Monsters; Action; Long Strip; Comedy; Adventure; Magic; Isekai; Drama; Fantasy; Adaptation; Full Color,,ongoing,2025.0,safe,ko,35863,9.0974,9.055144115239209,44,0,[]
543,c595a11d-8610-48c8-bd72-1755a5b6372b,Kimi wa Shuumatsu,My Beloved Apocalypse,Nakatani Nio,Nakatani Nio,Romance; Comedy; Drama; School Life; Horror; Slice of Life; Supernatural; Mystery,shounen,ongoing,2025.0,safe,ja,23129,9.1303,9.055103781721964,31,0,[]
544,e182b09f-09ab-4201-8f37-0ced6822eb39,Watashi ga Motenai no wa Dou Kangaetemo Omaera ga Warui!,"No Matter How I Look at It, It's You Guys' Fault I'm Not Popular!",Tanigawa Nico,Tanigawa Nico,Comedy; Drama; School Life; Slice of Life,shounen,ongoing,2011.0,safe,ja,30721,9.0936,9.054676086738887,352,44,"[{""id"": ""04508712-07ef-4899-a6ca-b2a571d0719f"", ""relation"": ""doujinshi"", ""title"": ""Watashi ga Motenai no wa Dou Kangaetemo Omaera ga Warui! - Meow for the Moon (Doujinshi)""}, {""id"": ""045e0739-b27a-4db8-9e01-053ed4420ae7"", ""relation"": ""doujinshi"", ""title"": ""Watashi ga Motenai no wa Dou Kangaetemo Omaera ga Warui! - Watashi no Jishuren wa Dou Kangaetemo Kore ga Tadashii! (Doujinshi)""}, {""id"": ""0f422587-f519-4efd-89e6-d8a77c372c82"", ""relation"": ""doujinshi"", ""title"": ""Watashi ga Motenai no wa Dou Kangaetemo Omaera ga Warui! - Nee-chan ga Kawaii kara Otouto ga Yokujo suru (Doujinshi)""}, {""id"": ""14523d5a-9a90-407f-ac61-6a10fda486b1"", ""relation"": ""doujinshi"", ""title"": ""Watashi ga Motenai no wa Dou Kangaetemo Omaera ga Warui! - Yuri-chan, Yuri-chan Everywhere (Doujinshi)""}, {""id"": ""1d2af82f-8304-466d-85a2-5376833235c6"", ""relation"": ""doujinshi"", ""title"": ""Watashi ga Motenai no wa Dou Kangaetemo Omaera ga Warui! - Untitled YoshiMako""}, {""id"": ""22900097-8200-4243-944e-8d5edd51d21b"", ""relation"": ""doujinshi"", ""title"": ""Watashi ga Motenai no wa Dou Kangaetemo Omaera ga Warui! - I'm Not Popular, But I Have the Best Friends! (Doujinshi)""}, {""id"": ""28f30288-619e-4eda-88a1-b43e9435dee8"", ""relation"": ""doujinshi"", ""title"": ""Watashi ga Motenai no wa Dou Kangaetemo Omaera ga Warui! - Futaki x Kibako (Doujinshi)""}, {""id"": ""3a778055-3477-46ee-95b3-0ce331e7de36"", ""relation"": ""doujinshi"", ""title"": ""Watashi ga Motenai no wa Dou Kangaetemo Omaera ga Warui! - Kokonoe Kazura (Doujinshi)""}, {""id"": ""3aee3a06-f12f-4efc-b9c1-379ce81de924"", ""relation"": ""doujinshi"", ""title"": ""Watashi ga Motenai no wa Dou Kangaetemo Omaera ga Warui! - Drop the Honorifics (Doujinshi)""}, {""id"": ""3af7682b-6bd8-4d40-8a52-802ada5a13a1"", ""relation"": ""doujinshi"", ""title"": ""Watashi ga Motenai no wa Dou Kangaetemo Omaera ga Warui! - The Same Scent (Doujinshi)""}, {""id"": ""3fc031ac-ab61-4820-a663-2d08c4da29d2"", ""relation"": ""doujinshi"", ""title"": ""Watashi ga Motenai no wa Dou Kangaetemo Omaera ga Warui! - Looking For Familiar Blue (Doujinshi)""}, {""id"": ""42a2a831-4a23-487d-b9bf-b43f2d08ff4b"", ""relation"": ""doujinshi"", ""title"": ""Watamote - Mo Onna no Takuhaibin (Doujinshi)""}, {""id"": ""51d75ebf-eda0-43fa-932c-04cd6b169943"", ""relation"": ""doujinshi"", ""title"": ""Watashi ga Motenai no wa Dou Kangaetemo Omaera ga Warui! - It's Okay, Ucchi (Doujinshi)""}, {""id"": ""54bf2f52-86e2-43b9-a221-3444d0d12250"", ""relation"": ""doujinshi"", ""title"": ""Watashi ga Motenai no wa Dou Kangaetemo Omaera ga Warui! - I Imagined a Watamote Dating Sim, Just Hear Me Out""}, {""id"": ""5ca8a46d-3806-46fe-bcb4-c45407dce3bc"", ""relation"": ""doujinshi"", ""title"": ""Watashi ga Motenai no wa Dou Kangaetemo Omaera ga Warui! - Be the One 『Katou Asuka Won't Hang Her Head』 (Doujinshi)""}, {""id"": ""5ef1b09f-07c4-4c75-9237-d6b091acb62c"", ""relation"": ""doujinshi"", ""title"": ""Watashi ga Motenai no wa Dou Kangaetemo Omaera ga Warui! - Nemo no Anal wa Pink Iro (Doujinshi)""}, {""id"": ""697b4b17-ec52-40a4-b09a-6b663aa60a61"", ""relation"": ""doujinshi"", ""title"": ""Watashi ga Motenai no wa Dou Kangaetemo Omaera ga Warui! - Shiki Channel (Doujinshi)""}, {""id"": ""6b1a16c4-a27e-462b-8781-b7cb10d80251"", ""relation"": ""doujinshi"", ""title"": ""Watashi ga Motenai no wa Dou Kangaetemo Omaera ga Warui! - MokoMote (Doujinshi)""}, {""id"": ""6f76b81c-011f-42a3-a228-8f1c57784527"", ""relation"": ""doujinshi"", ""title"": ""Watashi ga Motenai no wa Dou Kangaetemo Omaera ga Warui! - Since I'm Not Popular, I'll Become a Hero (Doujinshi)""}, {""id"": ""78d20696-e7ad-4d77-8c5a-897f0a294cd0"", ""relation"": ""doujinshi"", ""title"": ""Watashi ga Motenai no wa Dou Kangaetemo Omaera ga Warui! - Mt. Yuri (Doujinshi)""}, {""id"": ""88b246bb-fd04-43ce-a03a-af03d8ad45b1"", ""relation"": ""doujinshi"", ""title"": ""Watashi ga Motenai no wa Dou Kangaetemo Omaera ga Warui! - Daigakusei Dashi Roomshare Suru (Doujinshi)""}, {""id"": ""894aa5df-c71e-4c64-b813-3f53b0163803"", ""relation"": ""doujinshi"", ""title"": ""Watashi ga Motenai no wa Dou Kangaetemo Omaera ga Warui! - Kuroki-san, Anone. (Doujinshi)""}, {""id"": ""8e26e18d-9237-440c-8d2a-c0b4d7ecb30c"", ""relation"": ""doujinshi"", ""title"": ""Watashi ga Motenai no wa Dou Kangaetemo Omaera ga Warui! - Since I'm Not Popular, I'll Go Swimming (Doujinshi)""}, {""id"": ""8e98b608-3d5a-4b73-b940-c2f2a904c321"", ""relation"": ""doujinshi"", ""title"": ""Watashi ga Motenai no wa Dou Kangaetemo Omaera ga Warui! - Tomoko wa Sonna Koto Iwanai (Doujinshi)""}, {""id"": ""98611db0-1235-496b-87e2-dfffc5aa6853"", ""relation"": ""doujinshi"", ""title"": ""Watashi ga Motenai no wa Dou Kangaetemo Omaera ga Warui! - Emily (Doujinshi)""}, {""id"": ""a4cef7e1-1558-41f0-8c0d-ae5e546dd859"", ""relation"": ""doujinshi"", ""title"": ""Watashi ga Motenai no wa Dou Kangaetemo Omaera ga Warui! -Maid Bikini Series (Doujinshi)""}, {""id"": ""b0054c84-b001-47ea-a20e-fdf06aa944d6"", ""relation"": ""doujinshi"", ""title"": ""Watashi ga Motenai no wa Dou Kangaetemo Omaera ga Warui! - There's Slope Magic (Doujinshi)""}, {""id"": ""b65ac216-2791-4127-9939-4c725e4fd319"", ""relation"": ""doujinshi"", ""title"": ""Watashi ga Motenai no wa Dou Kangaetemo Omaera ga Warui! - Moko's House (Doujinshi)""}, {""id"": ""bc06fd51-63c6-4f22-800a-e6499c9b00d5"", ""relation"": ""doujinshi"", ""title"": ""Watashi ga Motenai no wa Dou Kangaetemo Omaera ga Warui! - Since I'm Not Popular, We'll Reunite (Doujinshi)""}, {""id"": ""c56828ad-16b4-4e8b-8eb5-bf024e9335e8"", ""relation"": ""doujinshi"", ""title"": ""Watashi ga Motenai no wa Dou Kangaetemo Omaera ga Warui! - Since I'm Not Popular, I'll Crackship (Doujinshi)""}, {""id"": ""c74e00ef-06db-4e54-973c-1393d7ee7428"", ""relation"": ""doujinshi"", ""title"": ""Watashi ga Motenai no wa Dou Kangaetemo Omaera ga Warui! - To My Dearest (Doujinshi)""}, {""id"": ""cb0980f7-b454-424f-aeab-594e1cbbd796"", ""relation"": ""doujinshi"", ""title"": ""Watashi ga Motenai no wa Dou Kangaetemo Omaera ga Warui! - Living Together (Doujinshi)""}, {""id"": ""ceb80493-e7da-4f4e-a081-bdcd3f6e0073"", ""relation"": ""doujinshi"", ""title"": ""Watashi ga Motenai no wa Dou Kangaetemo Omaera ga Warui! - MokoMote Ecstasy (Doujinshi)""}, {""id"": ""d05f9410-754e-4d95-b0d7-8dd8b73e157b"", ""relation"": ""doujinshi"", ""title"": ""Watashi ga Motenai no wa Dou Kangaetemo Omaera ga Warui! - Ecchi Tamura-san (Doujinshi)""}, {""id"": ""d5ebf8d6-cd60-43c8-8a2a-f58c0e2ceadf"", ""relation"": ""doujinshi"", ""title"": ""Watashi ga Motenai no wa Dou Kangaetemo Omaera ga Warui! - I Was Popular, But I Guess I Have No Choice But to Save the World! (Doujinshi)""}, {""id"": ""d6ca4afa-0a87-44f3-9bb0-1a92e287baf0"", ""relation"": ""doujinshi"", ""title"": ""Watashi ga Motenai no wa Dou Kangaetemo Omaera ga Warui! - http://d99.biz/arc1/ (Doujinshi)""}, {""id"": ""dcccc332-da23-42e9-8f00-31e669c7d6ac"", ""relation"": ""doujinshi"", ""title"": ""Watashi ga Motenai no wa Dou Kangaetemo Omaera ga Warui! - Katou Asuka the Mojyo (Doujinshi)""}, {""id"": ""e1de6ba8-16f0-442c-a70f-49cc83a72c62"", ""relation"": ""doujinshi"", ""title"": ""Watashi ga Motenai no wa Dou Kangaetemo Omaera ga Warui! - You'll Be My Tailwind (Doujinshi)""}, {""id"": ""f041ea0e-ff10-4ee1-8900-7c2d2e4dc8a1"", ""relation"": ""doujinshi"", ""title"": ""Watashi ga Motenai no wa Dou Kangaetemo Omaera ga Warui! - Sunny Day For Girls (Doujinshi)""}, {""id"": ""f1c864c3-94cf-4722-8569-ab3d7ca6117a"", ""relation"": ""spin_off"", ""title"": ""Watashi no Tomodachi ga Motenai no wa Dou Kangaete mo Omaera ga Warui.""}, {""id"": ""f1e64d47-0868-4b2b-999a-982271aeba89"", ""relation"": ""spin_off"", ""title"": ""Watashi ga Motenai no wa Dou Kangaete mo Omaera ga Warui! Anthology""}, {""id"": ""f9993f8a-965d-4c04-b9f5-f8986238f6a5"", ""relation"": ""doujinshi"", ""title"": ""Watashi ga Motenai no wa Dou Kangaetemo Omaera ga Warui! - Ucchi Emiri Must Absolutely Not Call Her Gross (Doujinshi)""}, {""id"": ""f9acad01-c277-43df-9185-1c9412fc6030"", ""relation"": ""doujinshi"", ""title"": ""Watashi ga Motenai no wa Dou Kangaetemo Omaera ga Warui! - A Maid Café Is Opened Again! (Doujinshi)""}, {""id"": ""fcd42841-8e3c-4282-86f5-b72f5ac830c4"", ""relation"": ""doujinshi"", ""title"": ""Watashi ga Motenai no wa Dou Kangaete mo Omaera ga Warui! Watashi ga Moshimo no Tomoko nara Motenai Douri ga Aru Hazu Nai!""}]"
545,e326fcfb-ec60-4f6b-877b-ab2448c678d3,"Loop 7-kaime no Akuyaku Reijou wa, Moto Tekikoku de Jiyuu Kimama na Hanayome Seikatsu o Mankitsu Suru",7th Time Loop: The Villainess Enjoys a Carefree Life Married to Her Worst Enemy!,Amekawa Touko,Kino Hinoki,Time Travel; Romance; Fantasy; Villainess; Adaptation,shoujo,ongoing,2020.0,safe,ja,57559,9.0906,9.05466123171066,210,0,[]
546,b4ba2a5a-c5fb-48fd-89e5-c852271a6193,Oyaji,The Old Man,Moriyama Tsuru,Moriyama Tsuru,Action; Psychological; Gore; Drama; Tragedy,seinen,completed,2000.0,suggestive,ja,2197,9.1779,9.054647134435317,31,0,[]
547,d7e7cc2d-d04d-4bba-a16a-be66f6d21628,Lying Puppies Get Eaten,Lying Puppies Get Eaten,_Px_,_Px_,Animals; Long Strip; Romance; Boys' Love; School Life; Web Comic; Full Color,,ongoing,2024.0,suggestive,zh,2289,9.3471,9.054518009704116,5,0,[]
548,eb95c066-5f46-483a-af69-a83b5cf324ee,Seihantai na Kimi to Boku,You and I Are Polar Opposites,Agasawa Koucha,Agasawa Koucha,Romance; Comedy; School Life; Slice of Life; Gyaru,shounen,completed,2022.0,safe,ja,27651,9.0983,9.054413815946551,33,2,"[{""id"": ""621cf340-6ef1-4b3b-bd0f-82b6837312fe"", ""relation"": ""shared_universe"", ""title"": ""Koori no Jouheki""}, {""id"": ""d2d0b8ea-4dfc-4d72-b584-5b26380f9bed"", ""relation"": ""shared_universe"", ""title"": ""Koori no Jouheki (Book Version)""}]"
549,8e95570e-93a7-494d-8e83-bd755e3b631d,Kaisou Toshi Danpenshuu,Fragments of the Layered City,Tsukumizu,Tsukumizu,Sci-Fi; Slice of Life,seinen,ongoing,2026.0,safe,ja,2115,9.5527,9.05355284996994,13,1,"[{""id"": ""5b93fa0f-0640-49b8-974e-954b9959929b"", ""relation"": ""sequel"", ""title"": ""Shoujo Shuumatsu Ryoukou""}]"
550,8aa6cbe7-fe17-4e8b-be67-e561b4a6d25a,1/11,1/11,Nakamura Takatoshi,Nakamura Takatoshi,Romance; Sports; Drama; Slice of Life; Supernatural,shounen,completed,2010.0,safe,ja,2720,9.2664,9.05273465996486,63,0,[]
551,57064865-2e29-4f9f-b7d6-7d2dfc22dc25,Tenshi no Kyoryu,The Dinosaur Angel,Penguin Box,Penguin Box,Oneshot; Historical; Ghosts; Animals; Fantasy; Supernatural; Full Color,,completed,2022.0,safe,ja,989,9.3447,9.052666013223817,3,0,[]
552,85c4540f-c43d-4438-bcc6-778581c091e7,Kodomo no Kamisama,Kodomo no Kamisama,Misu Shinya,Misu Shinya,Oneshot; Romance; Drama; Slice of Life; Supernatural,shounen,completed,,safe,ja,2870,9.1046,9.052444295387216,66,0,[]
553,28f86472-0fab-4229-96da-6d3c9b2633de,Boku no Kanojo wa Dekkawaii (Pre-Serialization),My Girlfriend Is a Colossal Cutie (Pre-Serialization),sanorin,sanorin,Oneshot; Romance; Comedy; School Life,shounen,completed,2024.0,safe,ja,21582,9.0737,9.052249106536339,40,0,[]
554,4d97b35d-2d9f-4369-964f-3b0ce2c7fbbc,Muhanui Mabeopsa,The Infinite Mage,REDICE Studio (레드아이스 스튜디오); Kimchi Woo (김치우); Kiraz (REDICE STUDIO),Themis (테미스),Action; Long Strip; Adventure; Magic; School Life; Fantasy; Adaptation; Full Color,,ongoing,2023.0,safe,ko,28598,9.0931,9.052226441602853,41,0,[]
555,769a5e79-0670-4188-8582-035f0a3cc051,Zannen Onna Kanbu Black General-san,Precarious Woman Executive Miss Black General,jin,jin,Sci-Fi; Monsters; Action; Romance; Comedy; Superhero; Martial Arts; Military; Monster Girls; Slice of Life,shounen,completed,2015.0,suggestive,ja,26632,9.1082,9.052107181511099,195,0,[]
556,61b0d21c-b703-4999-910d-ebffc44791bb,Akuyaku Reijou Tensei Ojisan,From Bureaucrat to Villainess: Dad's Been Reincarnated!,Ueyama Michirou,Ueyama Michirou,Reincarnation; Time Travel; Genderswap; Comedy; Video Games; Magic; Isekai; School Life; Fantasy; Villainess; Slice of Life,seinen,ongoing,2020.0,safe,ja,51298,9.0758,9.05156997463559,279,0,[]
557,3486c56e-47db-4d62-a9b4-71ea44acbaec,Centuria,Centuria,Kuramori Tooru,Kuramori Tooru,Monsters; Action; Survival; Magic; Gore; Drama; Horror; Fantasy; Supernatural; Mystery; Tragedy,shounen,ongoing,2024.0,safe,ja,27105,9.1147,9.050939619263154,51,0,[]
558,b69ac2ac-a439-4c13-bad5-ba27928f3bf5,My Girl,My Girl,Yumeka Sumomo,Yumeka Sumomo,Drama; Slice of Life,seinen,completed,2006.0,safe,ja,5464,9.1419,9.049887939936108,33,0,[]
559,fe1394fe-3d67-48fb-b452-06580d2dd9d7,Wakaba-san'chi no Aoi Koi,The Wakaba Home's Blue Loves,Ogata Akane,Ogata Akane,Romance; Comedy; School Life; Web Comic; Slice of Life,shounen,ongoing,2024.0,safe,ja,26300,9.119,9.049725402439075,25,0,[]
560,f5e77778-2a45-4f27-909f-326fa4a49b70,Seven Days Diner,Seven Days Diner,Sanka Kumaru,Sanka Kumaru,Oneshot; Romance; Office Workers; Slice of Life; Cooking,shounen,completed,2021.0,safe,ja,5476,9.1274,9.049483501160369,3,0,[]
561,8a074cbf-b6d0-4bb6-b098-6dcce0729b2e,Usagi-moku Shachiku-ka,Usagi-moku Shachiku-ka,Fujisawa Kamiya,Fujisawa Kamiya,Comedy; Slice of Life; Supernatural,seinen,completed,2017.0,safe,ja,7090,9.133,9.048702052923964,179,0,[]
562,d5e2bd89-e300-4262-a799-fb4f79bdb777,Kaichou wa Maid-sama!,Maid Sama,Fujiwara Hiro,Fujiwara Hiro,Romance; Comedy; Drama; School Life; Slice of Life,shoujo,completed,2005.0,safe,ja,13845,9.106,9.048315689371826,18,2,"[{""id"": ""e2785a91-460c-4d79-bb5b-f647a9d26b09"", ""relation"": ""side_story"", ""title"": ""Kaichou wa Maid-sama! Marriage""}, {""id"": ""ed9806cc-273a-4307-acf9-d6ec41b7ae5c"", ""relation"": ""doujinshi"", ""title"": ""Kaichou wa Maid-sama! - elle* (Doujinshi)""}]"
563,273e000d-884b-451c-835d-3f57951d397a,Isegye Camping euro Healing Life,Peaceful Camping Life in Another World,GEUMUIHAENG (금의행); Irinbun (일인분),MKk (맹깐),Action; Long Strip; Comedy; Adventure; Isekai; Fantasy; Web Comic; Slice of Life; Cooking; Full Color,,ongoing,2024.0,safe,ko,9351,9.19,9.047875716631259,16,0,[]
564,af7cc594-4f6a-4c0a-8f74-16748910dee5,Akagami no Shirayukihime,Akagami no Shirayukihime,Akizuki Sorata,Akizuki Sorata,Animals; Romance; Comedy; Adventure; Military; Drama; School Life; Fantasy; Slice of Life; Cooking,shoujo,ongoing,2006.0,safe,ja,21432,9.129,9.047744809251663,82,1,"[{""id"": ""75d157e9-018c-489b-bdf1-829be4a7f253"", ""relation"": ""doujinshi"", ""title"": ""Akagami no Shirayukihime - Obiyuki (Doujinshi)""}]"
565,a9a3d2c8-fb68-4067-948b-7602f1bb060d,Tsukuritai Onna to Tabetai Onna,Tsukuritai Onna to Tabetai Onna,Yuzaki Sakaomi,Yuzaki Sakaomi,Romance; Girls' Love; Slice of Life; Cooking,josei,ongoing,2021.0,safe,ja,5756,9.3673,9.046785227836356,11,0,[]
566,f5c25341-d6ff-4585-8548-3a48fc7654d9,Momose Akira no Hatsukoi Hatan-chuu.,Akira Failing in Love,Harekawa Shinta,Harekawa Shinta,Romance; Comedy; School Life; Slice of Life,shounen,ongoing,2024.0,suggestive,ja,94820,9.0624,9.045266770189002,96,0,[]
567,652aad4c-3a40-40dd-9809-07d17b7a57ea,A Story About a Totally Straightforward Girlfriend,A Story About a Totally Straightforward Girlfriend,Kiyomiya Kousuke,Kiyomiya Kousuke,Romance; Comedy; School Life; Web Comic; Slice of Life,shounen,ongoing,2019.0,safe,ja,39147,9.0831,9.043507417385065,107,0,[]
568,3867b8ae-9c02-4579-8a4a-c480fb92b9bb,Shoujo Jiten,Shoujo Jiten,Mariyasu,Mariyasu,Ghosts; Comedy; Drama; Supernatural; Mystery,,hiatus,2018.0,safe,ja,3654,9.3409,9.04257916845345,47,0,[]
569,2443c0cf-e3e1-4305-bf57-b5c7f370781b,Yuukoku no Moriarty: The Remains,Moriarty the Patriot: The Remains,Saita Yosuke,Miyoshi Hikaru,Historical; Psychological; Crime; Drama; Police; Mystery; Adaptation,shounen,completed,2023.0,safe,ja,1662,9.5375,9.041954335395468,3,1,"[{""id"": ""1d9fad4e-b81a-4498-8cce-e5ddfb1e4f03"", ""relation"": ""main_story"", ""title"": ""Moriarty the Patriot""}]"
570,193f91a0-51ef-4653-b3d7-a3f75c42ee9b,Ame to Kimi to,Ame to Kimi to,Nikaidou Ko,Nikaidou Ko,Animals; Comedy; Slice of Life; Supernatural,seinen,ongoing,2020.0,safe,ja,13716,9.1877,9.04097990867122,27,0,[]
571,4dff5c5e-bad0-4dc6-a356-638b188b9eec,"Shinimodori no Mahou Gakkou Seikatsu o, Moto Koibito to Prologue kara (※Tadashi Koukando wa Zero)",Re-Living My Life with a Boyfriend Who Doesn't Remember Me,Mutsuhana Eiko,Shirakawa Gin,Reincarnation; Time Travel; Romance; Comedy; Drama; School Life; Fantasy; Mystery; Adaptation,shoujo,ongoing,2022.0,safe,ja,8570,9.2255,9.040777102180522,6,0,[]
572,1aa29670-ce7e-4dc4-b032-fa39e19dd241,Old-fashioned Cupcake,Old-fashioned Cupcake,Sagan Sagan,Sagan Sagan,Romance; Boys' Love; Office Workers; Slice of Life,,completed,2019.0,erotica,ja,5057,9.1611,9.040752596186328,34,0,[]
573,b80ea8bd-7293-4e61-965a-14594059dde1,7-Kakan Gentei Kanojo,Girlfriend Limited to 7 Days.,Amazaki Suika,Amazaki Suika,Romance; Comedy; Girls' Love; School Life; Gyaru,seinen,completed,2024.0,suggestive,ja,27557,9.0618,9.040283231483258,30,0,[]
574,8283a222-48df-4474-b52a-938444368fb3,False Child,False Child,Kawamura Taku,Kawamura Taku,Psychological; Animals; Comedy; Drama; Slice of Life; Supernatural,shounen,completed,2022.0,safe,ja,7072,9.1501,9.040131829801004,27,0,[]
575,47e7bee9-8f16-4fb0-a46b-88d38bf6769c,The Soaking-Wet Unnie Next Door Wants Me To Touch Her Down There?,The Soaking-Wet Unnie Next Door Wants Me To Touch Her Down There?,Cho Sangduck (조상덕),Cho Sangduck (조상덕),Oneshot; Long Strip; Romance; Girls' Love; Web Comic; Slice of Life; Full Color,,completed,2024.0,erotica,ko,7352,9.0852,9.039080457462216,10,0,[]
576,7aee516e-4633-47e9-bf15-49196ce2d195,Ore Monogatari!!,My Love Story!!,Kawahara Kazune,Aruko,Award Winning; Romance; Comedy; Drama; School Life; Slice of Life,shoujo,completed,2011.0,safe,ja,7862,9.1656,9.038946493029824,29,2,"[{""id"": ""04c06d4a-7601-4221-b9f7-5ecbb71b6e56"", ""relation"": ""side_story"", ""title"": ""Ore Koi!!""}, {""id"": ""9f80722b-56cb-4c6d-b77a-56d5123a531b"", ""relation"": ""side_story"", ""title"": ""Ore Ride!!""}]"
577,22d6d048-9f9f-4c3a-95c2-3b145f110e20,Watashi no Oshi wa Akuyaku Reijou.,I'm in Love with the Villainess,Inori.,Aono Shimo,Reincarnation; Romance; Comedy; Video Games; Magic; Girls' Love; Isekai; Drama; School Life; Fantasy; Villainess; Adaptation,shounen,ongoing,2020.0,suggestive,ja,99751,9.0489,9.038592293742196,571,6,"[{""id"": ""29d75c94-cf52-4869-ad65-2127c09cfef1"", ""relation"": ""spin_off"", ""title"": null}, {""id"": ""521d0474-93d8-4644-b3d6-b7bb409f80e5"", ""relation"": ""spin_off"", ""title"": null}, {""id"": ""88b69b43-92cb-4236-8d46-a85d968b4ed1"", ""relation"": ""spin_off"", ""title"": ""I'm in Love with the Villainess ~Another Revolution Story~""}, {""id"": ""b77e25ea-8d0e-47a3-83e8-45300c1c6910"", ""relation"": ""spin_off"", ""title"": ""Watashi no Oshi wa Akuyaku Reijou. Maid's Kitchen""}, {""id"": ""bb1ad274-276c-441d-956a-6998db995eaf"", ""relation"": ""spin_off"", ""title"": null}, {""id"": ""d114f167-ff25-4833-b346-462d39925fd8"", ""relation"": ""spin_off"", ""title"": null}]"
578,71ad0a8c-1a51-4f51-9a0a-5d20c1fa3ec5,Kanata Kara,From Far Away,Hikawa Kyouko,Hikawa Kyouko,Award Winning; Action; Romance; Comedy; Adventure; Isekai; Drama; Fantasy; Supernatural,shoujo,completed,1991.0,safe,ja,1866,9.3739,9.038334808292651,35,0,[]
579,81eab389-c68d-473a-b810-1ebf7cd45fd7,Ultimate Rock-Paper-Scissors,Ultimate Rock-Paper-Scissors,Inukorosuke,Inukorosuke,Traditional Games; Action; Ninja; Comedy; Sports; Supernatural,shounen,completed,2015.0,safe,ja,1910,9.1393,9.036907179461688,94,1,"[{""id"": ""2a4bfc28-7bf4-4eb7-bbab-55db7da3222c"", ""relation"": ""sequel"", ""title"": ""Ultimate Oasobi""}]"
580,f616e4e3-bad7-41f2-84a4-7c083bd883bc,Yuki no Yousei,Snow Fairy,Serizawa Tomo,Serizawa Tomo,Animals; Romance; Boys' Love; Slice of Life,,completed,2021.0,safe,ja,2183,9.1936,9.03677888568588,8,0,[]
581,a846b1d7-2e57-4622-acdf-9c584d07ce7f,Tyrant of the Tower Defense Game,Tyrant of the Tower Defense Game,Ryueun Garam (류은가람); Ha Jung (하정),Gyong (굥),Reincarnation; Monsters; Action; Long Strip; Survival; Adventure; Video Games; Magic; Isekai; Gore; Drama; Fantasy; Web Comic; Adaptation; Full Color,,ongoing,2022.0,safe,ko,16397,9.1126,9.036527328517652,42,0,[]
582,a08cd14f-68d4-4942-9305-2fe9d7d0339e,Boroboro no Elf-san wo Shiawase ni Suru Kusuriuri-san,The Apothecary Is Gonna Make This Ragged Elf Happy,Akasaka Kyou; Giba-chan,Hosokawa Shingi,Psychological; Romance; Drama; Medical; Monster Girls; Slice of Life; Adaptation; Tragedy,seinen,ongoing,2025.0,suggestive,ja,62324,9.0628,9.03637605044259,154,2,"[{""id"": ""88c9e6d5-bea6-40ec-bf17-805fa5250026"", ""relation"": ""same_franchise"", ""title"": ""Boroboro ni Sareru Elf-san""}, {""id"": ""91488ad0-df54-4d46-abad-5a7f0712bbf0"", ""relation"": ""same_franchise"", ""title"": ""Elf-san Kako Hen Color Ver.""}]"
583,f1d82e50-4c28-4621-a470-8f107eddeccd,Daetteum Chakgakdanghaetda Goemul Cheonjaebaeu-ro,The Otherworldly Genius Method Actor,jungseongmanyeo (중성마녀); Jangtan (장탄),Haega (해가),Long Strip; Drama; Fantasy; Web Comic; Adaptation; Full Color,,ongoing,2024.0,safe,ko,5186,9.1928,9.035726059973756,16,0,[]
584,ab42e764-fb01-40f4-b961-751343902e7e,Murazukuri Game no NPC ga Namami no Ningen to shika Omoenai,The NPCs in this Village Sim Game Must Be Real!,Hirukuma,Morita Kazuhiko,Monsters; Action; Survival; Adventure; Video Games; Magic; Drama; Fantasy; Supernatural; Mystery; Adaptation,seinen,completed,2019.0,safe,ja,52684,9.0528,9.03568027967168,481,0,[]
585,fd917921-5e97-479f-b22c-5d7f00e1c830,JoJo no Kimyou na Bouken: Part 5 - Ougon no Kaze Color-ban,"JoJo's Bizarre Adventure, Part 5: Golden Wind - Digital Colored Comics",Araki Hirohiko,Araki Hirohiko,Official Colored; Action; Comedy; Crime; Mafia; Adventure; Drama; Slice of Life; Supernatural; Mystery; Tragedy,shounen,completed,2013.0,safe,ja,12843,9.0672,9.033781842032987,30,5,"[{""id"": ""38ab6c55-beed-4124-b24f-d2f90744cf72"", ""relation"": ""doujinshi"", ""title"": ""JoJo's Bizarre Adventure - Egao ga Tsukuru Chi wa Kirei (Doujinshi)""}, {""id"": ""56210003-f5cd-4e11-93a5-b1a5a24102f9"", ""relation"": ""doujinshi"", ""title"": ""JoJo's Bizarre Adventure - Judas Iscariot""}, {""id"": ""67e8e880-1777-4be9-b811-10a99470c7ce"", ""relation"": ""doujinshi"", ""title"": ""JoJo's Bizarre Adventure - UNDER GROUND (Doujinshi)""}, {""id"": ""72d1ae71-4391-4bb2-9f39-784af3cc3c71"", ""relation"": ""sequel"", ""title"": ""JoJo no Kimyou na Bouken: Part 6 - Stone Ocean Color-ban""}, {""id"": ""b7af9467-a5d3-470a-86e9-b5ae4a82e0cd"", ""relation"": ""prequel"", ""title"": ""JoJo no Kimyou na Bouken: Part 4 - Diamond wa Kudakenai Color-ban""}]"
586,d7ae4a0f-bb85-48d9-98c2-45144f27374b,Charlotte,Charlotte,Maeda Jun,Ikezawa Shin; Tsurusaki Yuu,Comedy; Drama; School Life; Slice of Life; Supernatural; Mystery; Tragedy,seinen,completed,2015.0,safe,ja,8655,9.1628,9.033210054653857,65,1,"[{""id"": ""5eb8572e-785b-4d26-9cda-e1f33770ee25"", ""relation"": ""spin_off"", ""title"": ""Charlotte the 4-koma - Seshun o Kakenukero!""}]"
587,34f043ef-a423-422a-8e26-a54720645ee5,Miss Angel and Miss Devil,Miss Angel and Miss Devil,매우맑음 (Maeu Malgeum),매우맑음 (Maeu Malgeum),Long Strip; Comedy; Girls' Love; Fantasy; Web Comic; Full Color,,ongoing,2016.0,safe,ko,8118,9.1381,9.03190839141136,90,0,[]
588,e5ce88e2-8c46-482d-8acf-5c6d5a64a585,Noragami,Noragami: Stray God,Adachi Toka,Adachi Toka,Reincarnation; Monsters; Action; Psychological; Ghosts; Romance; Comedy; Adventure; Drama; Slice of Life; Supernatural; Mystery,shounen,completed,2010.0,safe,ja,40086,9.0671,9.031396478724984,91,3,"[{""id"": ""0ce0590f-a7da-47b0-8fce-9aeb9052309b"", ""relation"": ""side_story"", ""title"": ""Noragami - Clash, O Ye Gods of Calamity""}, {""id"": ""849b18e4-83fd-481b-b243-8ca4f900a973"", ""relation"": ""spin_off"", ""title"": ""Noragami: Stray Stories""}, {""id"": ""9bab85a9-3560-4584-a962-5c7139fb537e"", ""relation"": ""doujinshi"", ""title"": ""Noragami - Even Gods Fall From Trees (Doujinshi)""}]"
589,01c60e88-6a8d-449b-a538-f4946070b108,Akumetsu,Akumetsu,Yoshiaki Tabata,Yogo Yuki,Sci-Fi; Action; Psychological; Comedy; Superhero; Mafia; Gore; Drama; School Life; Delinquents; Police,shounen,completed,2002.0,safe,ja,11504,9.0967,9.031364166494177,48,0,[]
590,cf51fa02-6841-49be-9575-9d1ce8a20751,Kami-sama no Uroko,Kami-sama no Uroko,Hinohara Meguru,Hinohara Meguru,Romance; Boys' Love; Magic; Supernatural,,hiatus,2017.0,erotica,ja,7493,9.1523,9.031307951330605,23,0,[]
591,0a2fd70d-e4de-49fb-8e81-89311d46b329,Ruri Dragon (Oneshot),Ruri Dragon (Oneshot),Shindou Masaoki,Shindou Masaoki,Oneshot; Monsters; Animals; Comedy; Fantasy; Monster Girls; Slice of Life,shounen,completed,2020.0,safe,ja,10103,9.0867,9.030144599548413,14,0,[]
592,8483f361-a149-463d-aada-61fa1d94ff7d,Sachiiro no One Room,Sachiiro no One Room,Hakuri,Hakuri,Thriller; Psychological; Romance; Crime; Drama; Police; Slice of Life; Tragedy,shounen,completed,2016.0,safe,ja,35187,9.0583,9.030030089449559,246,1,"[{""id"": ""3f9c9bbe-98ff-4c9e-aee2-2bea51ddec06"", ""relation"": ""spin_off"", ""title"": ""Sachiiro no One Room Gaiden - Seikai no Meitantei""}]"
593,316d3d09-bb83-49da-9d90-11dc7ce40967,Honzuki no Gekokujou: Shisho ni Naru tame ni wa Shudan o Erandeiraremasen—Dai-3 Bu: Ryouchi ni Hon o Hirogeyou!,Ascendance of a Bookworm: I’ll do anything to become a librarian!—Part 3: Let’s spread books through the duchy!,Kazuki Miya,Namino Ryou; Shiina You,Survival; Magic; Isekai; Drama; Fantasy; Slice of Life; Supernatural; Adaptation,shounen,ongoing,2018.0,safe,ja,22154,9.1414,9.029981971697651,100,20,"[{""id"": ""0c3b8f0e-7bef-4b04-be2a-75641936d3d3"", ""relation"": ""doujinshi"", ""title"": ""Honzuki no Gekokujou - Girl Power, Dunkelfelger Style (Doujinshi)""}, {""id"": ""111cf88b-8c92-4075-8927-21b62b9ac5d8"", ""relation"": ""doujinshi"", ""title"": ""Honzuki no Gekokujou - Puniman Fantasy (Doujinshi)""}, {""id"": ""1a656f81-0b34-4b90-a0d7-83a898f45406"", ""relation"": ""sequel"", ""title"": ""Honzuki no Gekokujou: Shisho ni Naru tame ni wa Shudan o Erandeiraremasen—Dai-5 Bu: Todaeta Chishiki o Tsunageyou!""}, {""id"": ""1c2a3fd6-0846-4b57-8fe9-5aa07a457559"", ""relation"": ""doujinshi"", ""title"": ""Honzuki no Gekokujou - Fukakouryoku Harenchi FerMai R18 Matome (Doujinshi)""}, {""id"": ""3017d3e0-bf34-4772-b752-bcc93b763ff9"", ""relation"": ""spin_off"", ""title"": ""Ascendance of a Bookworm Official Comic Anthology""}, {""id"": ""3574e587-2d98-42f0-a6c1-ed4f10674aed"", ""relation"": ""doujinshi"", ""title"": ""Honzuki no Gekokujou - Alas, she's from Dunkelfelger (Doujinshi)""}, {""id"": ""41d7ba50-56c6-4f3b-acb7-2df16ee941a6"", ""relation"": ""doujinshi"", ""title"": ""Honzuki no Gekokujou - My Condolences, Adolphine (Doujinshi)""}, {""id"": ""58508521-2f39-4924-a322-f159bdd0e4d2"", ""relation"": ""doujinshi"", ""title"": ""Honzuki no Gekokujou - Rozemyne and Furdinand: Their First Halloween (Doujinshi)""}, {""id"": ""759c4bbc-d953-41e0-8113-41ab58b8b7d6"", ""relation"": ""spin_off"", ""title"": ""Honzuki no Gekokujou ~Shisho ni Naru Tame ni wa Shudan wo Erandeiraremasen~ Drama CD3""}, {""id"": ""84db59ae-0555-4de1-9f5c-a80c779729d1"", ""relation"": ""sequel"", ""title"": ""Honzuki no Gekokujou: Hannerōre no Kizoku-in Gonensei Ichi - Koishite Mitai O'hime-sama""}, {""id"": ""85ce7857-3d01-4b0a-adff-7a4cba347ced"", ""relation"": ""sequel"", ""title"": ""Honzuki no Gekokujou: Shisho ni Naru tame ni wa Shudan o Erandeiraremasen—Dai-4 Bu: Kizokuin no Toshokan o Sukuitai!""}, {""id"": ""9057b11b-ae4b-4143-b93e-f17a2abc798e"", ""relation"": ""doujinshi"", ""title"": ""Honzuki no Gekokujou - My Condolences, Adolphine 2 (Doujinshi)""}, {""id"": ""a10c2c7e-0b55-4127-84ea-87a96b0873eb"", ""relation"": ""side_story"", ""title"": ""Honzuki no Gekokujou Junior Bunko 4Koma""}, {""id"": ""bc1f7b65-b9a1-464c-b308-1fc246a327e0"", ""relation"": ""doujinshi"", ""title"": ""Honzuki no Gekokujou - Mother and Daughter (Doujinshi)""}, {""id"": ""c0ad8919-4646-4a61-adf9-0fd6d8612efa"", ""relation"": ""prequel"", ""title"": ""Honzuki no Gekokujou: Shisho ni Naru tame ni wa Shudan o Erandeiraremasen—Dai-1 Bu: Hon ga Nai nara Tsukureba Ii!""}, {""id"": ""cd51bb77-afa8-475a-b5b7-39caa200759b"", ""relation"": ""doujinshi"", ""title"": ""Honzuki no Gekokujou - 30 Day Countdown Until the Final Volume (Doujinshi)""}, {""id"": ""d185f1f0-cd3b-4130-bd0f-9ae1796cac7b"", ""relation"": ""doujinshi"", ""title"": ""Honzuki no Gekokujou - Plantin Hoikuen Rosemain Sensei no Yoru no Enchou Hoiku (Doujinshi)""}, {""id"": ""e6ced9c5-ba94-4a99-b335-e878ae74170b"", ""relation"": ""side_story"", ""title"": ""Honzuki no Gekokujou: Ferdinand no Yakata ni Te""}, {""id"": ""f01459fc-19a1-4c60-ad7b-44031b5d942b"", ""relation"": ""doujinshi"", ""title"": ""Honzuki no Gekokujou - Macha's Twitter Collection""}, {""id"": ""f1311d54-99bc-49ed-b12f-099b9a40c104"", ""relation"": ""prequel"", ""title"": ""Honzuki no Gekokujou: Shisho ni Naru tame ni wa Shudan o Erandeiraremasen—Dai-2 Bu: Hon no Tamenara Miko ni Naru!""}]"
594,1dc3ebf9-c86c-431c-bcca-5e35ac124f28,Baekjakga ui Mangnani ga Doeeotda,Lout of Count's Family,PING (별나래); Yu Ryeo Han (유려한),PAN4,Reincarnation; Monsters; Action; Long Strip; Comedy; Survival; Adventure; Magic; Isekai; Fantasy; Web Comic; Adaptation; Full Color,,ongoing,2020.0,safe,ko,54986,9.0588,9.029581704195989,455,0,[]
595,a6b7f9e1-11d8-4a76-ac77-7c37baf24be0,Toumei Otoko to Ningen Onna: Sonouchi Fuufu ni Naru Futari,The Invisible Man and His Soon-to-Be Wife,IWATOBINEKO,IWATOBINEKO,Romance; Comedy; Office Workers; Fantasy; Supernatural,seinen,ongoing,2021.0,safe,ja,13121,9.1609,9.028946555440264,7,0,[]
596,42b7188b-8e95-4b7e-9177-5eb62938ffb4,Made In Abyss (Fan Colored),Made in Abyss,Tsukushi Akihito,Tsukushi Akihito,Sci-Fi; Loli; Monsters; Fan Colored; Adventure; Drama; Fantasy; Mystery; Tragedy,seinen,ongoing,2018.0,suggestive,ja,2448,9.4145,9.028793149105429,10,0,[]
597,d080f85f-a6ef-4e0a-9569-c0709b60d8c0,Isshou Senkin,ST✰R: Strike it Rich,Sandrovich Yabako,MAAM,Action; Martial Arts; Gore; Delinquents,shounen,ongoing,2023.0,safe,ja,18119,9.1584,9.028553472654028,24,8,"[{""id"": ""2063ced4-bf94-4471-8772-75f6720be008"", ""relation"": ""shared_universe"", ""title"": ""Kengan Omega""}, {""id"": ""44de2381-a8fd-45fc-a4c8-038d0095e098"", ""relation"": ""shared_universe"", ""title"": ""Dumbbell Nan Kilo Moteru?""}, {""id"": ""47d82a25-a8c9-4fcb-a367-8af61e5dd951"", ""relation"": ""shared_universe"", ""title"": null}, {""id"": ""885bed69-7d08-47a8-b25c-a37759c97c5f"", ""relation"": ""shared_universe"", ""title"": ""Kengan Ashura""}, {""id"": ""e54416b4-eea5-481a-936a-405801d7fb9c"", ""relation"": ""shared_universe"", ""title"": null}, {""id"": ""e835fd4e-5dc0-4348-ad6e-4a7fbece3df8"", ""relation"": ""shared_universe"", ""title"": ""Tokon Shimai""}, {""id"": ""eadae675-abb6-48b8-a0b1-956644f19c96"", ""relation"": ""shared_universe"", ""title"": null}, {""id"": ""ff74c70d-3117-40a8-8ccf-1ce70fcea92f"", ""relation"": ""shared_universe"", ""title"": null}]"
598,60879eb7-3845-4dff-b86d-5a612108053b,Diamond no Ace,Ace of Diamond,Terajima Yuuji,Terajima Yuuji,Award Winning; Comedy; Sports; Drama; School Life,shounen,completed,2006.0,safe,ja,5037,9.2057,9.028439322550764,10,186,"[{""id"": ""00706f18-3dd0-4fef-bec1-c3a0a500c943"", ""relation"": ""doujinshi"", ""title"": ""Diamond no Ace - Sawamura no Pantsu (Doujinshi)""}, {""id"": ""00e3d40d-02c2-4bdb-bf79-18f6743058f0"", ""relation"": ""side_story"", ""title"": ""Daiya no C""}, {""id"": ""023304b0-7d7c-4eec-a06a-4dd5ff92fdd7"", ""relation"": ""doujinshi"", ""title"": ""Diamond no Ace - Arui wa Kyoushin to Iu Na no Inu (Doujinshi)""}, {""id"": ""02842d59-63a1-466d-af61-d6b0f1850729"", ""relation"": ""doujinshi"", ""title"": ""Diamond no Ace - Watari Dori (Doujinshi)""}, {""id"": ""04b1e985-7a2b-4585-bca7-8962faa26be7"", ""relation"": ""doujinshi"", ""title"": ""Diamond no Ace - Tensai no Ruuru (Doujinshi)""}, {""id"": ""0905ad95-89ef-4e54-868e-39fda63afb36"", ""relation"": ""doujinshi"", ""title"": ""Diamond no Ace - Inochi Mijikashi (Doujinshi)""}, {""id"": ""0aed7397-f63f-47da-9577-c241106ff77b"", ""relation"": ""doujinshi"", ""title"": ""Diamond no Ace - Hitori Takuma (Doujinshi)""}, {""id"": ""0d150dc1-7741-455d-993b-b7962f217cf5"", ""relation"": ""doujinshi"", ""title"": ""Daiya no A - Hot Count (Doujinshi)""}, {""id"": ""0dd10139-290c-4f5a-a7cb-a63f3c3ae79c"", ""relation"": ""spin_off"", ""title"": ""Ace of Diamond - Diamond (Doujinshi)""}, {""id"": ""0ed334fb-6b1f-48ce-8643-62ea05a57094"", ""relation"": ""doujinshi"", ""title"": ""Diamond no Ace: Sutoppu! Miyuki kun (Doujinshi)""}, {""id"": ""12ad09f5-efed-4ebd-a32e-2ec3baff2c7f"", ""relation"": ""doujinshi"", ""title"": ""Diamond no Ace - Blood Is Not Thicker Than Water (Doujinshi)""}, {""id"": ""14aa342b-454e-4ba3-bfb3-503303b74c90"", ""relation"": ""doujinshi"", ""title"": ""Diamond no Ace - Nightfall: Friends With Benefits FuruSawa (Doujinshi)""}, {""id"": ""14ff188a-0de3-44c4-bf59-31c3794892fd"", ""relation"": ""doujinshi"", ""title"": ""Ace of Diamond - 1117 (Doujinshi)""}, {""id"": ""167b304c-4ebe-4903-8c07-57d558cdd3b2"", ""relation"": ""doujinshi"", ""title"": ""Daiya no A - Yumegiwa Baseball (Doujinshi)""}, {""id"": ""16cb0352-5166-45bf-9a8d-36464cc8a0a0"", ""relation"": ""doujinshi"", ""title"": ""Diamond no Ace - SR Miyuki Kimasen (Doujinshi)""}, {""id"": ""16fdcbd1-8bbc-439c-93ee-95ded0b6b365"", ""relation"": ""doujinshi"", ""title"": ""Diamond no Ace - We Stopped Counting The Outs (Doujinshi)""}, {""id"": ""17e53534-066a-4e28-9260-cf511a8121e7"", ""relation"": ""doujinshi"", ""title"": ""Daiya no A - News na Aitsu (Doujinshi)""}, {""id"": ""1ad6d0ea-bed0-41cc-81a4-7868a5543730"", ""relation"": ""doujinshi"", ""title"": ""Diamond no Ace - Te no Naka ni Miyuki kun 02 (Doujinshi)""}, {""id"": ""1bcc3516-45ef-45eb-9d36-f12ab2f197bb"", ""relation"": ""doujinshi"", ""title"": ""Diamond no Ace - Omae no Himitsu o Shitteiru (Doujinshi)""}, {""id"": ""1d8976bf-b91b-4f19-a5b9-9e9e11c688c5"", ""relation"": ""doujinshi"", ""title"": ""Diamond no Ace - Yukemuri Hatsukoi Jijou (Doujinshi)""}, {""id"": ""1e06376a-5287-4be7-815c-dafa7e87fbb4"", ""relation"": ""doujinshi"", ""title"": ""Diamond no Ace - Tsukiautte Kekkyoku Nani Surya Iin Da Yo (Doujinshi)""}, {""id"": ""1e28213a-bbd8-47a6-9491-f0ccd83ce18a"", ""relation"": ""doujinshi"", ""title"": ""Diamond no ace - Tsuu Sutroaiku (Doujinshi)""}, {""id"": ""20cd6a0d-05f6-437c-86c1-261cc0b500cd"", ""relation"": ""doujinshi"", ""title"": ""Diamond no Ace - Stop! (Doujinshi)""}, {""id"": ""21880d24-7ade-428b-8b6e-96ff8932045e"", ""relation"": ""doujinshi"", ""title"": ""Diamond no Ace - Intercrural Sex Misawa Sumata Anthology (Doujinshi)""}, {""id"": ""23b80190-836b-4087-ab6b-bd658402f840"", ""relation"": ""doujinshi"", ""title"": ""Diamond no ace - Pisces no Ohire Aries no Tsunosaki made Tooku (Doujinshi)""}, {""id"": ""2462c143-7bae-4e3d-acb8-ef6d290069e6"", ""relation"": ""doujinshi"", ""title"": ""Diamond no ace - Fuyu no Kurashi (Doujinshi)""}, {""id"": ""255e5bc9-6fe3-4faa-bf44-4f1d21396f14"", ""relation"": ""doujinshi"", ""title"": ""Diamond no Ace - Good Morning, World's End (Doujinshi)""}, {""id"": ""277ad26d-6b35-4ede-8f9b-d25f40f948ee"", ""relation"": ""doujinshi"", ""title"": ""Ace of Diamond - Hey!Nyan (Doujinshi)""}, {""id"": ""2a372c85-0e9c-495f-b0e9-6e431d4a7c17"", ""relation"": ""doujinshi"", ""title"": ""Diamond no Ace - Please Call Me (Doujinshi)""}, {""id"": ""32aeccea-7725-43c9-8539-47f9e5a8e4e6"", ""relation"": ""doujinshi"", ""title"": ""Ace of Diamond - How to Train my Doggy (Doujinshi)""}, {""id"": ""34b3fd8c-97d5-404c-a178-afe46f3493db"", ""relation"": ""doujinshi"", ""title"": ""Diamond no Ace - Gogo Hachi-ji no Sono Ato ni (Doujinshi)""}, {""id"": ""35b25a87-afca-41de-9b72-3f5ff56bef8d"", ""relation"": ""doujinshi"", ""title"": ""Ace of Diamond - Peach! (Doujinshi)""}, {""id"": ""36ba20cc-ae26-4823-808f-bdbccffb321a"", ""relation"": ""doujinshi"", ""title"": ""Daiya no A - 2nd year fall Sawamura and retired Miyuki-senpai Manga (Doujinshi)""}, {""id"": ""371392cd-d0cd-4e76-9087-da3c6bd844eb"", ""relation"": ""doujinshi"", ""title"": ""Ace of Diamond - With You Fall to Winter (Doujinshi)""}, {""id"": ""373aa475-265f-4de2-80dc-f039770788ad"", ""relation"": ""doujinshi"", ""title"": ""Daiya no A - Daigakusei Misawa no Nichijou 2 (Doujinshi)""}, {""id"": ""38f965b3-9b0e-4e97-aa7f-555ee59faa25"", ""relation"": ""doujinshi"", ""title"": ""Diamond no Ace - Sincerest Apologies For My Stupid Dog (Doujinshi)""}, {""id"": ""38ff1dd3-2147-4586-ada4-6442e11a40be"", ""relation"": ""doujinshi"", ""title"": ""Diamond no Ace - Te no Naka ni Miyuki kun 01 (Doujinshi)""}, {""id"": ""399a2219-c987-4f8d-bdf0-198f40c04715"", ""relation"": ""doujinshi"", ""title"": ""Diamond no Ace - Miyuki Kazuya wa Sawamura Eijun ni Tsukushitai (Doujinshi)""}, {""id"": ""3a2ccbf3-908e-4441-823c-d9e639e2ac47"", ""relation"": ""doujinshi"", ""title"": ""Diamond no Ace - Allrounder Superdarling (Doujinshi)""}, {""id"": ""3b097862-ef0b-41b1-b972-704cb2f8a34e"", ""relation"": ""doujinshi"", ""title"": ""Diamond no Ace - Kotatsumuri no to Aru Ichi Nichi (Doujinshi)""}, {""id"": ""3b91cbe9-7d0f-401c-98a0-4c70e0621645"", ""relation"": ""doujinshi"", ""title"": ""Diamond no Ace - Konnano Hajimete (Doujinshi)""}, {""id"": ""3d158cd2-c57a-4fe5-992e-1516b664f054"", ""relation"": ""doujinshi"", ""title"": ""Diamond no Ace - Running Rainy Days (Doujinshi)""}, {""id"": ""3fdd6041-28b5-443a-8ec3-c0ce8c7740d6"", ""relation"": ""doujinshi"", ""title"": ""Diamond no Ace - Love Me For All Seasons (Doujinshi)""}, {""id"": ""400c6ecf-f72a-43a1-989f-aab66b187407"", ""relation"": ""doujinshi"", ""title"": ""Diamond no Ace - Sawamura ga Inu ni. (Doujinshi)""}, {""id"": ""40d8ada1-4a30-4d92-96f6-825c18e1c8a1"", ""relation"": ""doujinshi"", ""title"": ""Ace of Diamond - High Grade Missile Alpha EX Gold (Doujinshi)""}, {""id"": ""4114c349-3179-48d5-8b71-5a8eec5eb0b7"", ""relation"": ""doujinshi"", ""title"": ""Diamond no Ace - Inu Demo Kuwanai (Doujinshi)""}, {""id"": ""42125e1e-8d63-4285-bacd-345db34fa280"", ""relation"": ""doujinshi"", ""title"": ""Diamond no Ace - Itadakimasu no Mahou (Doujinshi)""}, {""id"": ""4223784a-c084-4c0d-8854-d4045dbd27c3"", ""relation"": ""doujinshi"", ""title"": ""Diamond no Ace - The Day Before New Year's Eve (Doujinshi)""}, {""id"": ""42420671-ca64-499b-87d5-c07f53e7686b"", ""relation"": ""doujinshi"", ""title"": ""Diamond no Ace - Kimi Kurui (Doujinshi)""}, {""id"": ""46c58f5d-d19f-4adf-8f20-71a756e551fd"", ""relation"": ""doujinshi"", ""title"": ""Diamond no Ace - Aitsu no Kuchibiru ga Zenbu Warui (Doujinshi)""}, {""id"": ""474fc3fb-c67b-4ec9-bbe5-d7a9acf8d7e8"", ""relation"": ""doujinshi"", ""title"": ""Diamond no Ace - Nee, Chotto Mimi Kashite (Doujinshi)""}, {""id"": ""47851e9e-a5aa-47ad-b8ef-c76d4c2ae4e8"", ""relation"": ""doujinshi"", ""title"": ""Diamond no Ace - Ore to Hiiroo no 365 Nichi (Doujinshi)""}, {""id"": ""4b09e1ed-242a-48e5-b759-fd268390a62f"", ""relation"": ""doujinshi"", ""title"": ""Diamond no Ace - GYU (Doujinshi)""}, {""id"": ""4bf1be1d-494a-4778-b4b9-0581d7248862"", ""relation"": ""doujinshi"", ""title"": ""Diamond no Ace - Miyuki senpai to H ga shitai (Doujinshi)""}, {""id"": ""4e50ca6c-d9c6-468d-bb56-a9058b1d6413"", ""relation"": ""doujinshi"", ""title"": ""Diamond no Ace - Tsukiautte Nani Suru No? (Doujinshi)""}, {""id"": ""4f6da708-6529-4350-b8b8-f3a8cd2605c8"", ""relation"": ""doujinshi"", ""title"": ""Diamond no Ace - Neko to Shuchou no Tsuyoi Inu (Doujinshi)""}, {""id"": ""50aa3ea8-4815-4bd9-9bed-2bd83e33fa3a"", ""relation"": ""doujinshi"", ""title"": ""Diamond no Ace - Ooru Sutaa Chaneru 2 (Doujinshi)""}, {""id"": ""517973e1-87ab-47ff-befe-6e6cc48b7e87"", ""relation"": ""doujinshi"", ""title"": ""Diamond no Ace - Sawamura Eijun's Unfortunate Day (Doujinshi)""}, {""id"": ""5218e5ef-d8ce-4a41-a0e0-f98e65873a8d"", ""relation"": ""doujinshi"", ""title"": ""Diamond no Ace - Prince Prince (Doujinshi)""}, {""id"": ""524f734e-e7a8-4617-b60d-f14ff7804ec3"", ""relation"": ""doujinshi"", ""title"": ""Daiya no A - Katte na Mane ha Yurushimasen (Doujinshi)""}, {""id"": ""537309af-b06e-4381-ad5d-87febee0841d"", ""relation"": ""doujinshi"", ""title"": ""Ace of Diamond - Citrine in This Hand (Doujinshi)""}, {""id"": ""540b1059-0b66-4cd4-ae8e-eda6b6b3498a"", ""relation"": ""doujinshi"", ""title"": ""Ace of Diamond - That's not What I Meant! (Doujinshi)""}, {""id"": ""551c2dd4-aa9b-4d84-b8d8-6d2757f3bd84"", ""relation"": ""doujinshi"", ""title"": ""Diamond no Ace - Tsumari Hajime kara Kekka wa Miete ita to iu wake da (Doujinshi)""}, {""id"": ""560bda62-590e-45da-8533-c1ff6b1c48a4"", ""relation"": ""doujinshi"", ""title"": null}, {""id"": ""57a9ca09-5211-4f02-a495-25a22263f00c"", ""relation"": ""doujinshi"", ""title"": ""Diamond no Ace - Cafe After School (Doujinshi)""}, {""id"": ""57c1ad04-f013-4fa6-8ee8-312d4403a522"", ""relation"": ""doujinshi"", ""title"": ""Diamond no Ace - Aniki no Kareshi to Kisu Shita Riyuu (Doujinshi)""}, {""id"": ""59702e24-c969-488d-ab76-4764767586f3"", ""relation"": ""doujinshi"", ""title"": ""Diamond no Ace - Hug: A Book About Bondage (Doujinshi)""}, {""id"": ""59b24921-158b-4f85-abee-caf45f666dbc"", ""relation"": ""doujinshi"", ""title"": ""Diamond no Ace - Virgin Killer (Doujinshi)""}, {""id"": ""5c4c6026-7bc6-459c-a332-1593f3168d9c"", ""relation"": ""doujinshi"", ""title"": ""Diamond no Ace - A Steamy Onsen Trip for Four (Doujinshi)""}, {""id"": ""5de37775-cae3-4600-b89b-51b1320b69c4"", ""relation"": ""doujinshi"", ""title"": ""Diamond no Ace - Goodbye Maple (Doujinshi)""}, {""id"": ""5f08d516-54fe-4c69-988a-7b5b35d7b205"", ""relation"": ""doujinshi"", ""title"": ""Daiya no Ace - Toilet Nite (Doujinshi)""}, {""id"": ""6048c587-cd54-4171-bc7e-dc11f49e39e1"", ""relation"": ""doujinshi"", ""title"": ""Diamond no Ace - Kawaisa Amatte (Doujinshi)""}, {""id"": ""609b1b25-4236-4d0b-aa3d-8e17b269a035"", ""relation"": ""doujinshi"", ""title"": ""Diamond no Ace - Sonna ni Minaide (Doujinshi)""}, {""id"": ""60cd672b-2dc3-4f4e-b691-a6715f5b43f1"", ""relation"": ""doujinshi"", ""title"": ""Diamond no Ace - Rain (Doujinshi)""}, {""id"": ""626d4cf3-7ef4-450d-b43a-22a53d7ad1c5"", ""relation"": ""doujinshi"", ""title"": ""Diamond no Ace - Good Night Baby (Doujinshi)""}, {""id"": ""632bf30d-a995-48f1-82f6-abd39f854ff7"", ""relation"": ""doujinshi"", ""title"": ""Ace of Diamond - In the Closet (Doujinshi)""}, {""id"": ""64e38a93-47bf-4b9f-bb0d-768bc49f78c7"", ""relation"": ""doujinshi"", ""title"": ""Diamond no ace - Yubisaki to Mesen no Saki (Doujinshi)""}, {""id"": ""64f06406-ae3e-4e7d-ba87-94d06e490f9c"", ""relation"": ""doujinshi"", ""title"": ""Diamond no Ace - A Dream is a Wish Your Heart Makes (Doujinshi)""}, {""id"": ""67e217e7-ca46-431e-8ace-c97b01ae1c56"", ""relation"": ""doujinshi"", ""title"": ""Diamond no Ace - Kuramochi-kun ga Miyuki no Nekomi o Osou hon (Doujinshi)""}, {""id"": ""68787d98-846d-4889-9ca5-6f5a1738f3be"", ""relation"": ""doujinshi"", ""title"": ""Ace of Diamond - Kitty on Your Lap (Doujinshi)""}, {""id"": ""696622d7-ddfb-4361-82fc-150eaa9a8848"", ""relation"": ""doujinshi"", ""title"": ""Diamond no Ace - Goodbye Sorrow (Doujinshi)""}, {""id"": ""6a1a3934-c063-4558-a903-6b29c9274074"", ""relation"": ""doujinshi"", ""title"": ""Ace of Diamond - Brother (Doujinshi)""}, {""id"": ""6f562574-6958-4626-9cac-3283e95ee79b"", ""relation"": ""doujinshi"", ""title"": ""Diamond no Ace - Mei-san wa Kisu ga Suki (Doujinshi)""}, {""id"": ""706710c3-eae0-415f-bfae-e7b444d2a166"", ""relation"": ""doujinshi"", ""title"": ""Diamond no Ace - Honto o Misete (Doujinshi)""}, {""id"": ""70a7e757-1274-424c-a263-cdd0e9d64c7a"", ""relation"": ""doujinshi"", ""title"": ""Diamond no Ace - You Are My Beloved Nirvana (Doujinshi)""}, {""id"": ""719b5902-94dc-4bf7-a4f3-84066862c326"", ""relation"": ""doujinshi"", ""title"": ""Diamond no Ace - Ashita ni Hanasaku Made (Doujinshi)""}, {""id"": ""71e4362d-6ea0-44a7-8f57-f8b57a9a1df2"", ""relation"": ""doujinshi"", ""title"": ""Ace of Diamond - CHI KAI (Doujinshi)""}, {""id"": ""728e3a01-9594-45dc-a231-e3db903dc9d7"", ""relation"": ""doujinshi"", ""title"": ""Diamond no Ace - K no Shiretsu M no Doukou (Doujinshi)""}, {""id"": ""736be4d7-118c-4f86-895b-fa042dbd6990"", ""relation"": ""doujinshi"", ""title"": ""Diamond no Ace - Translation Unruly Baby Story (Doujinshi)""}, {""id"": ""754bb90c-c410-4996-af57-8732c0da9d57"", ""relation"": ""doujinshi"", ""title"": ""Diamond no Ace - Stop!! Sawamura kun! (Doujinshi)""}, {""id"": ""784b1f88-72b0-4a05-8d83-33129309b22c"", ""relation"": ""doujinshi"", ""title"": ""Ace of Diamond - A Boy And A Youth (Doujinshi)""}, {""id"": ""7a355167-c58b-492b-99dd-a09139b0b5dd"", ""relation"": ""doujinshi"", ""title"": ""Diamond no Ace - Kimi wa Boku no Suki na Hito (Doujinshi)""}, {""id"": ""7bb7e5ae-a784-4009-98b2-8ad4a7541548"", ""relation"": ""sequel"", ""title"": ""Diamond no Ace: Act II""}, {""id"": ""7e5a4cbe-8e03-47b4-b13d-51ba7f83dcaf"", ""relation"": ""doujinshi"", ""title"": ""Diamond no Ace - Mikubiri Honey (Doujinshi)""}, {""id"": ""7f089510-b38e-4e64-9566-77741085461d"", ""relation"": ""doujinshi"", ""title"": ""Diamond no Ace - Makimono C (Doujinshi)""}, {""id"": ""8433af43-2690-48f8-bcc8-46bd57a3acd4"", ""relation"": ""doujinshi"", ""title"": ""Diamond no Ace - Shiai no Ato wa (Doujinshi)""}, {""id"": ""84ddb491-91e7-4c13-ab76-e100c6d512f0"", ""relation"": ""doujinshi"", ""title"": ""Ace of Diamond - Sweet Coffee Café au Lait BITTER (Doujinshi)""}, {""id"": ""86a43335-9ac8-4eee-93e5-c98f0e475c33"", ""relation"": ""doujinshi"", ""title"": ""Diamond no Ace - You Say I'm Crazy (Doujinshi)""}, {""id"": ""882f5908-5c8c-4f4d-a7ba-4b91d3a55724"", ""relation"": ""doujinshi"", ""title"": ""Diamond no Ace - Tsugou no Ii Hanashi Taihen Moushi Wakenai no Desu ga (Doujinshi)""}, {""id"": ""887a5e6c-9c9f-4e9a-bef0-bb1362cc0af9"", ""relation"": ""doujinshi"", ""title"": ""Ace of Diamond - Hand in Hand (Doujinshi)""}, {""id"": ""8936b9dd-016a-4ade-a393-8810db1144d5"", ""relation"": ""doujinshi"", ""title"": ""Diamond no Ace - G (Doujinshi)""}, {""id"": ""8a3c2ebd-b9b7-418c-ab51-e82e29d2a1dc"", ""relation"": ""doujinshi"", ""title"": ""Diamond no Ace - Ame ga Yamu Made (Doujinshi)""}, {""id"": ""8b3095c2-3d37-4308-8858-d016d04c0f56"", ""relation"": ""doujinshi"", ""title"": ""Ace of Diamond - Wavering (Doujinshi)""}, {""id"": ""8c7d553e-f3c8-4704-820b-0831692f1030"", ""relation"": ""doujinshi"", ""title"": ""Diamond no Ace - Sweet Spot (Doujinshi)""}, {""id"": ""8c8217dc-b00b-41c4-bdf4-654537c32623"", ""relation"": ""doujinshi"", ""title"": ""Diamond no Ace - Senpai, Kocchi Muite (Doujinshi)""}, {""id"": ""8cc27e68-9a1b-4d3c-b123-b13e39715d0e"", ""relation"": ""doujinshi"", ""title"": ""Daiya no Ace - Ubatta Monogachi (Doujinshi)""}, {""id"": ""8d654f51-bdf0-4148-a0db-a1f424b4a9a7"", ""relation"": ""doujinshi"", ""title"": ""Ace of Diamond - Day Cruise (Doujinshi)""}, {""id"": ""8f2c7356-a15a-4d1c-bc6a-6781191014dd"", ""relation"": ""doujinshi"", ""title"": ""Diamond no Ace - Sorekara Sara ni Hitotsuki Gurai (Doujinshi)""}, {""id"": ""908fc069-18ed-4fda-8669-c2f4c8e03b53"", ""relation"": ""doujinshi"", ""title"": ""Diamond no Ace - Nondemo Yappari XXX Shitai (Doujinshi)""}, {""id"": ""90f13f9f-2b18-4801-9bb7-b21a19bdd4bc"", ""relation"": ""doujinshi"", ""title"": ""Diamond no Ace - Kimi ni Yumechuu (Doujinshi)""}, {""id"": ""92ce7763-a1f5-42ad-b7fd-68a6c426323a"", ""relation"": ""doujinshi"", ""title"": ""Diamond no Ace - I've Become Small Enough to Fit in a Palm?! (Doujinshi)""}, {""id"": ""942384a6-06cf-4538-93a6-ca025d69b343"", ""relation"": ""doujinshi"", ""title"": ""Diamond no Ace - Happy Life (Doujinshi)""}, {""id"": ""955f7ec4-1de7-4cb7-9699-d7f9ede1b3c7"", ""relation"": ""doujinshi"", ""title"": ""Daiya no Ace - tipsy (Doujinshi)""}, {""id"": ""95d405f7-73a3-4526-84ba-fae3515fc05b"", ""relation"": ""doujinshi"", ""title"": ""Diamond no Ace - Arutoshi no Oshougatsu (Doujinshi)""}, {""id"": ""962d0405-7f2f-40b9-ab85-d1adabe44a75"", ""relation"": ""doujinshi"", ""title"": ""Diamond no Ace - Namaiki Kouhai to Ikesukanai Senpai (Doujinshi)""}, {""id"": ""964d0633-0fa7-4298-8977-42f3c6b5bc7f"", ""relation"": ""doujinshi"", ""title"": ""Ace of Diamond - Easter Bunny (Doujinshi)""}, {""id"": ""9660d0cd-13c5-484c-86b6-a2fe241feac7"", ""relation"": ""doujinshi"", ""title"": ""Diamond no Ace - Secret (Doujinshi)""}, {""id"": ""96b8bd64-cfb5-441d-8a99-a43224c3537d"", ""relation"": ""doujinshi"", ""title"": ""Diamond no Ace - Futsuu no Nichijou o Kimi to (Doujinshi)""}, {""id"": ""97482f5b-3261-4451-8698-20fd9ef5a8f5"", ""relation"": ""doujinshi"", ""title"": ""Diamond no Ace - Omnibus of Rainy Days (Doujinshi)""}, {""id"": ""97c85d0d-9fd4-4833-ada4-65ad8e90cb70"", ""relation"": ""doujinshi"", ""title"": ""Diamond no Ace - Niyuukan Yuugi (Doujinshi)""}, {""id"": ""9afb6c2a-7c71-4e79-bf58-05b168844f84"", ""relation"": ""doujinshi"", ""title"": ""Diamond no Ace - Yoi Yume o (Doujinshi)""}, {""id"": ""9eaf0db5-b3d9-4c04-b98d-2f64fb178dd6"", ""relation"": ""doujinshi"", ""title"": ""Daiya no A - Pro Misawa (Doujinshi)""}, {""id"": ""a177bd0c-e95f-4635-b4b0-f6978d9525c4"", ""relation"": ""doujinshi"", ""title"": ""Diamond no Ace - Omegaverse - Kimi ga Nozoma Nai Sekai (Doujinshi)""}, {""id"": ""a2ca5cd4-5e14-4048-b360-6b44628410d8"", ""relation"": ""doujinshi"", ""title"": ""Diamond no Ace - Special Blend for You (Doujinshi)""}, {""id"": ""a40678f1-fe2c-4258-98d8-bf0e93e58f99"", ""relation"": ""doujinshi"", ""title"": ""Ace of Diamond - A Manga Where Miyuki and Sawamura Somehow End Up Dating (Doujinshi)""}, {""id"": ""a7f780c6-3eed-4129-960d-c13c638d67d6"", ""relation"": ""doujinshi"", ""title"": ""Diamond no Ace - Ai Hama Gokoro Koi Shita Gokoro (Doujinshi)""}, {""id"": ""ac499988-c4d2-45f1-bb6c-bc63124b7ec6"", ""relation"": ""doujinshi"", ""title"": ""Daiya no A - Shinaito Derenai Heya (Doujinshi)""}, {""id"": ""ad3e54d8-edd0-4e29-ac9b-e3529f4606f9"", ""relation"": ""doujinshi"", ""title"": ""Diamond no Ace - Declaration of Personal Affairs (Doujinshi)""}, {""id"": ""add55031-78a6-45b5-a4fb-e3483c29355f"", ""relation"": ""doujinshi"", ""title"": ""Ace of Diamond - Autumn Misawa (Doujinshi)""}, {""id"": ""b398d215-16b3-4c73-b4b7-9854bf45578f"", ""relation"": ""doujinshi"", ""title"": ""Diamond no Ace - No. 1 ni Naritakute (Doujinshi)""}, {""id"": ""b45121b1-98eb-421e-ba1d-23e0d2c80763"", ""relation"": ""doujinshi"", ""title"": ""Daiya no A - Senpai, Kore Toremashita (Doujinshi)""}, {""id"": ""b63fb425-5de2-4fb2-84a4-a91b836d5d71"", ""relation"": ""doujinshi"", ""title"": ""Diamond no Ace - Ryou-san, Sawatte Ii Desu ka (Doujinshi)""}, {""id"": ""b6605a38-4747-4a9d-8844-e31c1d66c5cf"", ""relation"": ""doujinshi"", ""title"": ""Diamond no Ace - Ano Ko wa Kawaii Cheergirl (Doujinshi)""}, {""id"": ""b6b01e1c-a192-4996-ad7d-0541d2660adb"", ""relation"": ""doujinshi"", ""title"": ""Diamond no Ace - Haruona (Doujinshi)""}, {""id"": ""b9317a95-faa3-43d6-bf99-8bab0fb8d1fa"", ""relation"": ""doujinshi"", ""title"": ""Diamond no Ace - A Physical Devil (Doujinshi)""}, {""id"": ""b95a8d41-9ba9-4f34-850f-b5a2de497c48"", ""relation"": ""doujinshi"", ""title"": ""Diamond no Ace - When Yakushi's Baseball Club Goes To Nationals (Doujinshi)""}, {""id"": ""b9832307-b2d4-4812-8b50-5aa2e4475ec6"", ""relation"": ""doujinshi"", ""title"": ""Diamond no Ace - MSWK (Doujinshi)""}, {""id"": ""bb3607f1-db7f-4f06-b43a-59d41a0fa07e"", ""relation"": ""doujinshi"", ""title"": ""Diamond no Ace - Ore no (Doujinshi)""}, {""id"": ""bd62afc3-c32f-4fdc-9f82-efe546fa14a0"", ""relation"": ""doujinshi"", ""title"": ""Diamond no Ace - Oyasumi Paradox (Doujinshi)""}, {""id"": ""be22417f-642f-438c-abb6-07b48e9a2648"", ""relation"": ""doujinshi"", ""title"": ""Diamond no Ace - Omae to no XXX Shoujiki (Doujinshi)""}, {""id"": ""beb23074-b511-4ebb-becc-63656ad93f30"", ""relation"": ""doujinshi"", ""title"": ""Diamond no Ace - Love Cultivates (Doujinshi)""}, {""id"": ""bf590b0c-b3fd-47e6-9419-0ca7cafe4a7b"", ""relation"": ""doujinshi"", ""title"": ""Diamond no Ace - Tsuruhananasu no Mahou wo Toitara (Doujinshi)""}, {""id"": ""bff4225e-5e09-4f47-97bd-24c76544b2fa"", ""relation"": ""doujinshi"", ""title"": ""Diamond no Ace - Yukemuri Hatsukoi no Jijou Zenpen (Doujinshi)""}, {""id"": ""c326fc03-3563-4494-921c-f7eb1a0d3729"", ""relation"": ""doujinshi"", ""title"": ""Ace of Diamond - Kiss Me Crybaby (Doujinshi)""}, {""id"": ""c3ce898b-85fc-436d-8ad6-b0bf72eaeca1"", ""relation"": ""doujinshi"", ""title"": ""Diamond no Ace - Halloween Engage (Doujinshi)""}, {""id"": ""c543268a-3a6b-48ee-ad96-bca859d17b1e"", ""relation"": ""doujinshi"", ""title"": ""Diamond no Ace - A Human Nightmare (Doujinshi)""}, {""id"": ""c570b4d1-f431-4430-832f-13de44c157f1"", ""relation"": ""doujinshi"", ""title"": ""Ace of Diamond - Sparkling, Twinkling, Shattering (Doujinshi)""}, {""id"": ""c5b4bc35-e9eb-4fb5-b0be-d1c38705666a"", ""relation"": ""doujinshi"", ""title"": ""Diamond no Ace - Kimi to Boku (Doujinshi)""}, {""id"": ""c7dcd3cc-dc3b-4426-abe2-6753e1aa87cf"", ""relation"": ""doujinshi"", ""title"": ""Diamond no Ace - Shiranai Koto Bakari (Doujinshi)""}, {""id"": ""c96bd666-0985-4532-b383-7669d88ccb36"", ""relation"": ""doujinshi"", ""title"": ""Diamond no Ace - Kiri de Neko Shimasu (Doujinshi)""}, {""id"": ""ca16b78b-1b43-4f05-aa43-3c3a9ab32748"", ""relation"": ""doujinshi"", ""title"": ""Ace of Diamond - My Best Friend's Love Story (Doujinshi)""}, {""id"": ""ce4cbf0c-02eb-4e27-a446-b2d855964e20"", ""relation"": ""doujinshi"", ""title"": ""Diamond no Ace - Inokuri-gumi Holiday (Doujinshi)""}, {""id"": ""ce9e587f-42ff-4bd6-8c95-b696901a700d"", ""relation"": ""doujinshi"", ""title"": ""Diamond no ace - Miss Fly High (Doujinshi)""}, {""id"": ""cf80b936-a3c7-42b7-8038-332bc224572d"", ""relation"": ""doujinshi"", ""title"": ""Ace of Diamond - I Picked Up A Dragon With My Tail (Doujinshi)""}, {""id"": ""d2d2ef0c-e4b4-47ef-b9ad-fa747ece587e"", ""relation"": ""doujinshi"", ""title"": ""Diamond no Ace - Koujichuu ni Tsuki Katagawa Kougo Tsuukou (Doujinshi)""}, {""id"": ""d37a2540-2330-4f8d-a8ef-6d584c701cb7"", ""relation"": ""doujinshi"", ""title"": ""Osake de Sunao ni Natta kara""}, {""id"": ""d4a95e6b-4d03-4abd-aa55-292488ae4e17"", ""relation"": ""doujinshi"", ""title"": ""Ace of Diamond - Shimogamo Love Incident (Doujinshi)""}, {""id"": ""d5bd66c5-5358-4ee0-8aac-55f1162e952d"", ""relation"": ""doujinshi"", ""title"": ""Diamond no Ace - Ki ga Tsukeba Miyuki Kazuya no Heya ni Iru (Doujinshi)""}, {""id"": ""de6d3208-febc-45e7-a33d-34eeea33d8dd"", ""relation"": ""doujinshi"", ""title"": ""Daiya no A - Melted Chocolate (Doujinshi)""}, {""id"": ""e3625111-f22c-43b7-9366-fe6e31064963"", ""relation"": ""doujinshi"", ""title"": ""Prove""}, {""id"": ""e402982a-8d03-4779-a86a-9902d819cc45"", ""relation"": ""doujinshi"", ""title"": ""Ace of Diamond - Quartet (Doujinshi)""}, {""id"": ""e5c84a66-1e95-4669-8383-628ca84c4ded"", ""relation"": ""doujinshi"", ""title"": ""Diamond no Ace - Stardust Romanticist (Doujinshi)""}, {""id"": ""e723c7e1-b340-4ef3-b750-c6d70e2db08b"", ""relation"": ""doujinshi"", ""title"": ""Diamond no Ace - Addicted (Doujinshi)""}, {""id"": ""e7f8a811-722c-42ad-8e10-3774769be838"", ""relation"": ""doujinshi"", ""title"": ""Daiya no Ace - unaffected (Doujinshi)""}, {""id"": ""e82b9367-2ae6-4906-8c55-2bedea676026"", ""relation"": ""doujinshi"", ""title"": ""Diamond no Ace - Misawa no ero hon (Doujinshi)""}, {""id"": ""e8b982e4-2f86-4807-9d35-50f8cff1535e"", ""relation"": ""doujinshi"", ""title"": ""Diamond no Ace - Natsu no Kurashi (Doujinshi)""}, {""id"": ""e924e80d-461d-4f7a-b554-5487be765618"", ""relation"": ""doujinshi"", ""title"": ""Daiya no Ace - Me wa Kuchi Hodo ni (Doujinshi)""}, {""id"": ""e92c542c-1dbd-4c90-8ba5-796011cf7b33"", ""relation"": ""doujinshi"", ""title"": ""Diamond no Ace - Lips of Fascination (Doujinshi)""}, {""id"": ""e9e31a32-16e6-4b13-81e7-7be9ba15e146"", ""relation"": ""doujinshi"", ""title"": ""Diamond no Ace - Doukei kara Hajimaru (Doujinshi)""}, {""id"": ""eb7ad2a9-4ecd-42db-9ec9-6daaed3fc247"", ""relation"": ""doujinshi"", ""title"": ""Diamond no Ace - Murmur (Doujinshi)""}, {""id"": ""ebd9b0fb-8750-4faa-9c81-23ea213bee51"", ""relation"": ""doujinshi"", ""title"": ""Diamond no Ace - Doku Kurawaba Sara Made (Doujinshi)""}, {""id"": ""ec12caf0-5af0-4f95-87b6-db57853ca916"", ""relation"": ""doujinshi"", ""title"": ""Diamond no Ace - GLASS (Doujinshi)""}, {""id"": ""ee6556b2-7225-4334-87be-b192c8f277eb"", ""relation"": ""spin_off"", ""title"": ""Brass of Diamond!! Seidou High School Brass Band Club""}, {""id"": ""ee763d54-32a4-4e7d-87ee-7d9a47eb8746"", ""relation"": ""doujinshi"", ""title"": ""Ace of Diamond - Please be My Santa! (Doujinshi)""}, {""id"": ""eec7f9c5-4ce3-4094-8a50-898e2811b9fc"", ""relation"": ""doujinshi"", ""title"": ""Ace of Diamond - Seido High School (Doujinshi)""}, {""id"": ""f063a1d4-9349-4a24-9bf0-6ca1abdfa454"", ""relation"": ""doujinshi"", ""title"": ""Ace of Diamond - Change!! (Doujinshi)""}, {""id"": ""f3f8defe-f54e-408e-8793-d0d5050c8278"", ""relation"": ""doujinshi"", ""title"": ""Ace of Diamond - Singin' in the Rain (Doujinshi)""}, {""id"": ""f3fdb854-a6e9-4dd2-aa08-3a153049516c"", ""relation"": ""doujinshi"", ""title"": ""Diamond no Ace - Atsui no Ippai Choudai na (Doujinshi)""}, {""id"": ""fbf58997-8570-4c54-a086-e16172da330e"", ""relation"": ""doujinshi"", ""title"": ""Diamond no Ace - Suki da nante Ittara (Doujinshi)""}, {""id"": ""fc2a4177-2000-4327-8b6f-0a27927eca0f"", ""relation"": ""doujinshi"", ""title"": ""Diamond no Ace - Ofuro de... (Doujinshi)""}, {""id"": ""fc3ce925-42bb-44a9-945b-1fd717c8ecc5"", ""relation"": ""doujinshi"", ""title"": ""Diamond no ace - Miyuki Senpai wa Naka ni Haitte Moraitai (Doujinshi)""}, {""id"": ""fc9f1ad0-ae78-4196-85f0-aca740cea094"", ""relation"": ""doujinshi"", ""title"": ""Diamond no Ace - Tsukiai Hajimete Ni ka Getsu Chotto (Doujinshi)""}, {""id"": ""fcb3c253-fa92-4565-aa52-550d0010eadf"", ""relation"": ""doujinshi"", ""title"": ""Diamond no Ace - Youkoso Misawa Paaku e! (Doujinshi)""}, {""id"": ""fd12b71d-06e6-4f21-86b9-2943c4ad323c"", ""relation"": ""doujinshi"", ""title"": ""Diamond no Ace - Ryou-san, Jiken Desu (Doujinshi)""}, {""id"": ""fe835a68-e0d4-433e-9618-dd21b3217410"", ""relation"": ""doujinshi"", ""title"": ""Diamond no Ace - Oshiete Yo Omega (Doujinshi)""}, {""id"": ""ff7fa833-43cf-4fa5-9301-0321cc157633"", ""relation"": ""doujinshi"", ""title"": ""Diamond no Ace - Chika Chika Fura Fura (Doujinshi)""}]"
599,0de4c50b-16d7-4839-9e7d-95795e5612e3,Sesame Salt and Pudding,Sesame Salt and Pudding,Suzuki Yufuko,Suzuki Yufuko,Romance; Comedy; Slice of Life,josei,completed,2018.0,safe,ja,11721,9.0687,9.02786860435042,268,0,[]
600,c0189f4a-dee6-48f4-abbe-53a4359cbcfb,Kita no Toridenite,A Snow Fox at the Northern Fort,Mikuni Tsukasa,Akaya Tawa,Reincarnation; Animals; Comedy; Isekai; Fantasy; Slice of Life; Adaptation,josei,ongoing,2020.0,safe,ja,18831,9.091,9.027563842315562,21,0,[]
601,3ac55057-52e9-471d-a208-7a684cad8ac6,Museru Kurai no Ai o Ageru,Museru Kurai no Ai o Ageru,Iwashita Keiko,Iwashita Keiko,Romance; School Life; Slice of Life; Music,shoujo,ongoing,2022.0,safe,ja,11788,9.1649,9.026198281140086,5,0,[]
602,d553645b-03a3-4fc8-9a9c-57f91cbbab89,Jirai nandesu ka? Chihara-san,"Are You a Landmine, Chihara-san?",Ryon,Ryon,Romance; Comedy; School Life,shounen,ongoing,2021.0,suggestive,ja,61795,9.0509,9.026107480313424,34,0,[]
603,cb676e05-8e6e-4ec4-8ba0-d3cb4f033cfa,Ending Maker,Ending Maker,Chwiryong (취룡),DOES,Reincarnation; Monsters; Action; Demons; Long Strip; Romance; Comedy; Adventure; Video Games; Magic; Isekai; Fantasy; Web Comic; Adaptation; Full Color,,ongoing,2022.0,safe,ko,14858,9.1155,9.026089565437243,26,0,[]
604,3c6f718e-12ef-462e-b774-0e37b7242503,Friend Girl Friend,Friend Girlfriend,Rukako,Rukako,Romance; Girls' Love; Drama; School Life,shoujo,ongoing,2026.0,safe,ja,23820,9.0779,9.02444281375415,30,0,[]
605,bc998000-171b-4fbe-9dd8-570e56c0845d,Maitsuki Niwa-tsuki Ooya-tsuki,Monthly in the Garden with My Landlord,Yodokawa,Yodokawa,Romance; Comedy; Girls' Love; Slice of Life,seinen,completed,2021.0,safe,ja,24713,9.0476,9.024097312022908,26,0,[]
606,4b0315ba-322f-434e-b5bd-89f1c001ebbd,Ironfist Chinmi,Ironfist Chinmi,Maekawa Takeshi,Maekawa Takeshi,Award Winning; Action; Comedy; Martial Arts; Adventure,shounen,completed,1983.0,safe,ja,2015,9.3206,9.023874151588563,11,2,"[{""id"": ""1bc764c5-0d15-48ce-b7e3-8164506afa53"", ""relation"": ""side_story"", ""title"": ""Chinmi The Other's Story""}, {""id"": ""ee0ba0ee-3f52-49d1-b2c0-efc30f1cdba2"", ""relation"": ""sequel"", ""title"": ""New Kung Fu Boy""}]"
607,7306af45-fdff-4b65-ae2d-df573fa59cec,Aston Machan o Yoroshiku Onegaishimasu,Please Treat Aston Machan Well,Bacius; BETEMIUS; BETEMIUS (Circle),Bacius; BETEMIUS; BETEMIUS (Circle),Oneshot; Psychological; Doujinshi; Drama; Tragedy,,completed,2024.0,safe,ja,1291,9.3058,9.023034069539031,4,1,"[{""id"": ""50d011bb-09a6-46c7-8078-7ba96558a864"", ""relation"": ""based_on"", ""title"": ""Uma Musume (Franchise)""}]"
608,d6c1f26b-095a-411e-ae8f-faca5c39538a,Solo Leveling (Book Version),Solo Leveling (Book Version),h-goon (현군); Chugong (추공); Gi So-Ryeong (기소령),REDICE Studio (레드아이스 스튜디오); Jang Sung-Rak (장성락),Award Winning; Monsters; Action; Adventure; Magic; Drama; Fantasy; Supernatural; Adaptation; Full Color; Gyaru,,completed,,safe,ko,2568,9.4362,9.023020480434194,0,3,"[{""id"": ""32d76d19-8a05-4db0-9fc2-e0b0648fe9d0"", ""relation"": ""alternate_version"", ""title"": ""Na Honjaman Level-Up""}, {""id"": ""ade0306c-f4b6-4890-9edb-1ddf04df2039"", ""relation"": ""sequel"", ""title"": ""Na Honjaman Level Up: Ragnarok""}, {""id"": ""c3ea5ce6-f659-4fe9-95b6-520cec9fcb13"", ""relation"": ""sequel"", ""title"": ""Solo Leveling: Ragnarok (Pre-serialization)""}]"
609,bfb95591-fa3a-405c-a69d-32d7b1243451,Paint,Paint,/a/non,/a/non,Thriller; Self-Published; 4-Koma; Slice of Life; Mystery,,completed,,safe,en,974,9.1598,9.02291970656624,112,0,[]
610,50fc2f0f-aeac-4152-82ba-164b3bb3b5b3,The Monstrous Duke's Adopted Daughter,The Monstrous Duke's Adopted Daughter,Liaran (리아란),MinJakk,Long Strip; Romance; Magic; Drama; Fantasy; Slice of Life; Adaptation; Full Color,,completed,2019.0,safe,ko,79974,9.0377,9.022486333562272,1072,0,[]
611,4684953a-6bbc-4c05-82d1-808ce77960ea,Akumade Amai Watashi no Kanojo,My Girlfriend is Devilishly Sweet,Yatosaki Haru,Yatosaki Haru,Demons; Romance; Comedy; Girls' Love; Drama; Cooking,shounen,completed,2024.0,suggestive,ja,30861,9.0449,9.022442384930388,73,0,[]
612,6fca468e-3d9c-4c9c-b260-6ab38ec77778,Chikyuu Kiroku 0001,Earth Recording 0001,Kuramori Tooru,Kuramori Tooru,Oneshot; Sci-Fi; Drama; Web Comic; Aliens; Tragedy,,completed,2020.0,safe,ja,3641,9.0912,9.021849500053936,31,0,[]
613,2b5a3b43-effb-4f54-aa9b-d6093d523452,Silent Witch: Chinmoku no Majo no Kakushigoto,Secrets of the Silent Witch,Isora Matsuri,Tana Tobi,Romance; Comedy; Adventure; Magic; Drama; School Life; Fantasy; Mystery; Adaptation,shoujo,ongoing,2021.0,safe,ja,25209,9.0809,9.021699303373213,24,3,"[{""id"": ""5e3519f1-9b4b-4890-85c3-82ea2ac6f676"", ""relation"": ""spin_off"", ""title"": ""Silent Witch: Another—Kekkai no Majutsushi no Nariagari""}, {""id"": ""6656966f-93d9-4faa-ba03-139b282255aa"", ""relation"": ""alternate_story"", ""title"": ""Oshiete! Silent Witch""}, {""id"": ""b3c24dcc-55fe-46d8-9030-fa553f1712fe"", ""relation"": ""side_story"", ""title"": ""Chinmoku no Majo no Tsukanoma""}]"
614,b13f783d-a112-436f-a291-792421dd117d,Love Advice from the Great Duke of Hell,Love Advice from the Great Duke of Hell,Unfins,Unfins,Demons; Long Strip; Comedy; Fantasy; Web Comic; Full Color,,completed,2018.0,safe,en,5308,9.2063,9.021686465332612,34,0,[]
615,e31b62b8-68ec-4bb6-bf7e-33db5be5e0b0,Boku no Suki na Hito ga Suki na Hito,My Crush's Crush,Aoi Sekina,Tsuzura Ryou,Romance; Comedy; Harem; School Life,seinen,ongoing,2022.0,suggestive,ja,55792,9.0444,9.021632024871538,76,0,[]
616,c875bebb-8d03-4c8e-89dd-a3235f28df62,Niwatori Fighter,Rooster Fighter,Sakuratani Shuu,Sakuratani Shuu,Sci-Fi; Action; Demons; Animals; Comedy; Survival; Superhero; Post-Apocalyptic; Gore; Supernatural,shounen,ongoing,2020.0,safe,ja,14235,9.1279,9.020936879927433,171,0,[]
617,bd9cc854-8177-435e-a9fb-399c8bad5e16,Project SEKAI COLORFUL STAGE! feat. Hatsune Miku Comic Anthology,Project SEKAI COLORFUL STAGE! feat. Hatsune Miku Comic Anthology,Sachiko; Katsura Ichiho; Kirai Yuu; Aku; Yamaguchi Eito; Konno Paru; Suzuka; Anno; sofra; Kitano Ririo; Kakitsubata Waka,Sachiko; Katsura Ichiho; Kirai Yuu; Aku; Yamaguchi Eito; Konno Paru; Suzuka; Anno; sofra; Kitano Ririo; Kakitsubata Waka,Comedy; Anthology; Slice of Life; Music,,completed,2021.0,safe,ja,2402,9.4207,9.020187266747307,1,0,[]
618,bd29a3d0-9551-45e3-b1ac-941214e535b5,Heterogenia Linguistico: Ishuzoku Gengogaku Nyuumon,Heterogenia Linguistico: An Introduction to Interspecies Linguistics,Seno Salt,Seno Salt,Monsters; Adventure; Fantasy; Monster Girls; Slice of Life,,ongoing,2018.0,safe,ja,24127,9.0745,9.020096538555654,154,0,[]
619,175cf215-2122-4656-9fac-37ac092438af,Akira,,Otomo Katsuhiro,Otomo Katsuhiro,Thriller; Award Winning; Sci-Fi; Action; Superhero; Post-Apocalyptic; Military; Gore; Horror; Delinquents,seinen,completed,1982.0,safe,ja,11691,9.1156,9.019744778820387,20,0,[]
620,cfcc577d-14a3-4332-beaa-346068d2afbd,Tamon-kun Ima Docchi!?,Tamon's B-Side,Shiwasu Yuki,Shiwasu Yuki,Romance; Comedy; School Life; Slice of Life; Music,shoujo,ongoing,2021.0,safe,ja,7357,9.2095,9.01953755088176,7,0,[]
621,53ef1720-7a5d-40ad-90b0-2f9ca0a1ab01,Soul Eater,,Ookubo Atsushi ,Ookubo Atsushi ,Monsters; Action; Comedy; Martial Arts; Magic; Gore; School Life; Fantasy,shounen,completed,2004.0,suggestive,ja,25833,9.0601,9.019332965827733,23,4,"[{""id"": ""2608716b-ba2c-4dcf-87dc-5d4865048eaa"", ""relation"": ""doujinshi"", ""title"": ""Soul Eater - Bloody God Child (Doujinshi)""}, {""id"": ""5a8cf324-048b-43fe-beb1-125a374bc81f"", ""relation"": ""side_story"", ""title"": ""Soul Eater Not!""}, {""id"": ""ca102eb0-0607-4f88-a272-eb37591850e6"", ""relation"": ""doujinshi"", ""title"": ""Soul Eater - Soul Breaker (Doujinshi)""}, {""id"": ""ec514ef4-fb77-43b9-b9b4-528229de1308"", ""relation"": ""prequel"", ""title"": ""En'en no Shouboutai""}]"
622,2d0d55b1-1c35-4f99-965d-7665e5b9c415,For Better or For Worse,For Better or For Worse,Noh Hueda,Eunren (은렌),Reincarnation; Long Strip; Romance; Comedy; Isekai; Drama; Fantasy; Villainess; Adaptation; Full Color,shoujo,ongoing,2020.0,safe,ko,39707,9.062,9.019175144353225,425,0,[]
623,bc58f72b-4f06-4eb6-a3f5-442c002f3b27,Miss Not-So Sidekick,Miss Not-So Sidekick,Ellian Yang (엘리아냥),YumYum,Reincarnation; Long Strip; Romance; Comedy; Magic; Isekai; Fantasy; Web Comic; Adaptation; Full Color,,ongoing,2017.0,safe,ko,27990,9.0572,9.019053666360668,465,0,[]
624,642bf922-094b-4a98-b0b7-8d6add31b729,Neko Oji: Salaryman reincarnated as a kitten!,Neko Oji: Salaryman reincarnated as a kitten!,yajima,yajima,Reincarnation; Animals; Comedy; Slice of Life; Full Color,,ongoing,2023.0,safe,ja,4963,9.1975,9.01860594177233,20,0,[]
625,75226848-a988-4d04-8536-46e49a7d1735,Kamibukuro-kun wa Koishiteru,Kamibukuro-kun wa Koishiteru,Riko Amaebi,Riko Amaebi,Romance; Comedy; School Life; Slice of Life,shoujo,completed,2020.0,safe,ja,27327,9.0367,9.017787418403495,235,0,[]
626,f1311d54-99bc-49ed-b12f-099b9a40c104,Honzuki no Gekokujou: Shisho ni Naru tame ni wa Shudan o Erandeiraremasen—Dai-2 Bu: Hon no Tamenara Miko ni Naru!,Ascendance of a Bookworm: I’ll do anything to become a librarian!—Part 2: I’ll even join the temple to read books!,Kazuki Miya,Suzuka,Reincarnation; Comedy; Magic; Isekai; Drama; Fantasy; Slice of Life; Cooking; Adaptation,,completed,2018.0,safe,ja,36064,9.0624,9.017775477355723,232,21,"[{""id"": ""0c3b8f0e-7bef-4b04-be2a-75641936d3d3"", ""relation"": ""doujinshi"", ""title"": ""Honzuki no Gekokujou - Girl Power, Dunkelfelger Style (Doujinshi)""}, {""id"": ""111cf88b-8c92-4075-8927-21b62b9ac5d8"", ""relation"": ""doujinshi"", ""title"": ""Honzuki no Gekokujou - Puniman Fantasy (Doujinshi)""}, {""id"": ""1a656f81-0b34-4b90-a0d7-83a898f45406"", ""relation"": ""sequel"", ""title"": ""Honzuki no Gekokujou: Shisho ni Naru tame ni wa Shudan o Erandeiraremasen—Dai-5 Bu: Todaeta Chishiki o Tsunageyou!""}, {""id"": ""1c2a3fd6-0846-4b57-8fe9-5aa07a457559"", ""relation"": ""doujinshi"", ""title"": ""Honzuki no Gekokujou - Fukakouryoku Harenchi FerMai R18 Matome (Doujinshi)""}, {""id"": ""3017d3e0-bf34-4772-b752-bcc93b763ff9"", ""relation"": ""spin_off"", ""title"": ""Ascendance of a Bookworm Official Comic Anthology""}, {""id"": ""316d3d09-bb83-49da-9d90-11dc7ce40967"", ""relation"": ""sequel"", ""title"": ""Honzuki no Gekokujou: Shisho ni Naru tame ni wa Shudan o Erandeiraremasen—Dai-3 Bu: Ryouchi ni Hon o Hirogeyou!""}, {""id"": ""3574e587-2d98-42f0-a6c1-ed4f10674aed"", ""relation"": ""doujinshi"", ""title"": ""Honzuki no Gekokujou - Alas, she's from Dunkelfelger (Doujinshi)""}, {""id"": ""41d7ba50-56c6-4f3b-acb7-2df16ee941a6"", ""relation"": ""doujinshi"", ""title"": ""Honzuki no Gekokujou - My Condolences, Adolphine (Doujinshi)""}, {""id"": ""5262ae1c-b1e3-4d4e-b42f-b439fd03ce68"", ""relation"": ""doujinshi"", ""title"": ""Honzuki no Gekokujou - Fanatics Times Two (Doujinshi)""}, {""id"": ""58508521-2f39-4924-a322-f159bdd0e4d2"", ""relation"": ""doujinshi"", ""title"": ""Honzuki no Gekokujou - Rozemyne and Furdinand: Their First Halloween (Doujinshi)""}, {""id"": ""759c4bbc-d953-41e0-8113-41ab58b8b7d6"", ""relation"": ""spin_off"", ""title"": ""Honzuki no Gekokujou ~Shisho ni Naru Tame ni wa Shudan wo Erandeiraremasen~ Drama CD3""}, {""id"": ""84db59ae-0555-4de1-9f5c-a80c779729d1"", ""relation"": ""sequel"", ""title"": ""Honzuki no Gekokujou: Hannerōre no Kizoku-in Gonensei Ichi - Koishite Mitai O'hime-sama""}, {""id"": ""85ce7857-3d01-4b0a-adff-7a4cba347ced"", ""relation"": ""sequel"", ""title"": ""Honzuki no Gekokujou: Shisho ni Naru tame ni wa Shudan o Erandeiraremasen—Dai-4 Bu: Kizokuin no Toshokan o Sukuitai!""}, {""id"": ""9057b11b-ae4b-4143-b93e-f17a2abc798e"", ""relation"": ""doujinshi"", ""title"": ""Honzuki no Gekokujou - My Condolences, Adolphine 2 (Doujinshi)""}, {""id"": ""a10c2c7e-0b55-4127-84ea-87a96b0873eb"", ""relation"": ""side_story"", ""title"": ""Honzuki no Gekokujou Junior Bunko 4Koma""}, {""id"": ""bc1f7b65-b9a1-464c-b308-1fc246a327e0"", ""relation"": ""doujinshi"", ""title"": ""Honzuki no Gekokujou - Mother and Daughter (Doujinshi)""}, {""id"": ""c0ad8919-4646-4a61-adf9-0fd6d8612efa"", ""relation"": ""prequel"", ""title"": ""Honzuki no Gekokujou: Shisho ni Naru tame ni wa Shudan o Erandeiraremasen—Dai-1 Bu: Hon ga Nai nara Tsukureba Ii!""}, {""id"": ""cd51bb77-afa8-475a-b5b7-39caa200759b"", ""relation"": ""doujinshi"", ""title"": ""Honzuki no Gekokujou - 30 Day Countdown Until the Final Volume (Doujinshi)""}, {""id"": ""d185f1f0-cd3b-4130-bd0f-9ae1796cac7b"", ""relation"": ""doujinshi"", ""title"": ""Honzuki no Gekokujou - Plantin Hoikuen Rosemain Sensei no Yoru no Enchou Hoiku (Doujinshi)""}, {""id"": ""e6ced9c5-ba94-4a99-b335-e878ae74170b"", ""relation"": ""side_story"", ""title"": ""Honzuki no Gekokujou: Ferdinand no Yakata ni Te""}, {""id"": ""f01459fc-19a1-4c60-ad7b-44031b5d942b"", ""relation"": ""doujinshi"", ""title"": ""Honzuki no Gekokujou - Macha's Twitter Collection""}]"
627,3aa2c2e6-9f3a-4381-a185-d7ee3e9f1f30,Semantic Error,Semantic Error,Jeosuri,Angy,Long Strip; Romance; Comedy; Boys' Love; Drama; School Life; Web Comic; Adaptation; Full Color,,ongoing,2020.0,suggestive,ko,7750,9.153,9.017721721064452,78,0,[]
628,c8552e8c-c90e-4936-aac7-a73855550ed7,Tanaka-kun wa Itsumo Kedaruge,Tanaka-kun is Always Listless,Uda Nozomi,Uda Nozomi,Comedy; School Life; Slice of Life,shounen,completed,2013.0,safe,ja,18463,9.0949,9.015968675204546,102,2,"[{""id"": ""04b21815-2644-4c64-b0de-ae252457d41c"", ""relation"": ""spin_off"", ""title"": ""Tanaka-kun wa Itsumo Kedaruge Anthology""}, {""id"": ""b2db242c-bba4-45b5-9581-e73a075f534b"", ""relation"": ""doujinshi"", ""title"": ""TYPE""}]"
629,09bbbb75-1086-4e7c-b775-ae9ee1816e0d,Versus,Versus,ONE,Azuma Kyoutarou,Award Winning; Sci-Fi; Monsters; Action; Demons; Survival; Martial Arts; Magic; Gore; Fantasy; Supernatural; Tragedy,shounen,ongoing,2022.0,suggestive,ja,25964,9.0842,9.015668367458268,40,0,[]
630,7b7ea081-437c-4b8d-9274-84b12457dea5,I Married the Male Lead's Dad,I Married the Male Lead's Dad,Gyammi; Ko Eun Chae (고은채); Sanho,Eongsseu,Reincarnation; Long Strip; Romance; Magic; Isekai; Drama; Fantasy; Web Comic; Adaptation; Full Color,,hiatus,2020.0,safe,ko,49016,9.0505,9.014524149530637,941,0,[]
631,6f81b440-3ece-4d24-ac12-1d460a1a3ca3,Futari Machiaruki,Two-Person Town-Walking,Kohara Omi,Kohara Omi,Romance; Comedy; Slice of Life,josei,ongoing,2025.0,safe,ja,6959,9.1898,9.014460222489058,14,0,[]
632,4e5efe91-12d2-4056-b21b-5ad6b7a2e29d,Boukensha Sakaba no Ryourinin,The Cook at the Adventurers' Tavern,Kurodome Hagane,Amei Ryou,Monsters; Comedy; Magic; Isekai; Fantasy; Monster Girls; Slice of Life; Cooking; Adaptation,seinen,ongoing,2024.0,safe,ja,10910,9.1341,9.014163324283066,8,0,[]
633,b3583a62-1184-4a61-b18e-9497a81b1673,The Star of Girls' Garden,The Star of Girls' Garden,Wayama Yama,Wayama Yama,Award Winning; Romance; Comedy; School Life; Slice of Life,josei,ongoing,2020.0,safe,ja,5827,9.2282,9.014149959377718,18,0,[]
634,2063ced4-bf94-4471-8772-75f6720be008,Kengan Omega,Kengan Omega,Sandrovich Yabako,Daromeon,Action; Martial Arts; Drama,shounen,ongoing,2019.0,safe,ja,33316,9.0514,9.013869541535461,445,9,"[{""id"": ""2b95bf19-05c9-4ce3-8bba-d2e4e623c94c"", ""relation"": ""shared_universe"", ""title"": ""Fist of the Seeker""}, {""id"": ""44de2381-a8fd-45fc-a4c8-038d0095e098"", ""relation"": ""shared_universe"", ""title"": ""Dumbbell Nan Kilo Moteru?""}, {""id"": ""47d82a25-a8c9-4fcb-a367-8af61e5dd951"", ""relation"": ""shared_universe"", ""title"": null}, {""id"": ""885bed69-7d08-47a8-b25c-a37759c97c5f"", ""relation"": ""prequel"", ""title"": ""Kengan Ashura""}, {""id"": ""d080f85f-a6ef-4e0a-9569-c0709b60d8c0"", ""relation"": ""shared_universe"", ""title"": ""Isshou Senkin""}, {""id"": ""e54416b4-eea5-481a-936a-405801d7fb9c"", ""relation"": ""shared_universe"", ""title"": null}, {""id"": ""e835fd4e-5dc0-4348-ad6e-4a7fbece3df8"", ""relation"": ""shared_universe"", ""title"": ""Tokon Shimai""}, {""id"": ""eadae675-abb6-48b8-a0b1-956644f19c96"", ""relation"": ""shared_universe"", ""title"": null}, {""id"": ""ff74c70d-3117-40a8-8ccf-1ce70fcea92f"", ""relation"": ""shared_universe"", ""title"": null}]"
635,c70980c2-f60f-425b-8995-331a7b9dd88a,Moonlight Garden,Moonlight Garden,Kang Unnie,Misspm,Historical; Long Strip; Romance; Reverse Harem; Girls' Love; Doujinshi; Drama; Web Comic; Supernatural,,completed,2017.0,erotica,ko,4454,9.1634,9.012808472938374,15,0,[]
636,6994b74a-2ecd-4a54-8d23-d2adff5e0b0c,Player,Player,Jong-Seok Park (박종석),Hyeon-Jun Oh (오현준),Monsters; Action; Long Strip; Comedy; Survival; Adventure; Magic; Isekai; Drama; Fantasy; Web Comic; Supernatural; Full Color,,completed,2020.0,safe,ko,24296,9.0643,9.012516136907335,69,0,[]
637,dc10dbb6-2bb2-4d52-8440-85ca9ed2d9a6,Yú qíng kě dài,Long-Awaited Feelings,Lily Club (橘姬社); Ice Free Herbal Jelly (去冰仙草冻),Jinjiang Literature City (晋江文学城); AirRabbitYan,Reincarnation; Time Travel; Long Strip; Romance; Girls' Love; Drama; Adaptation; Full Color,,ongoing,2021.0,safe,zh,10122,9.1077,9.012313067747233,18,0,[]
638,830daff3-61ce-4b74-af72-ae08345c02af,On a Leash,On a Leash,Aji,Aji,Action; Long Strip; Romance; Martial Arts; Sexual Violence; Girls' Love; Military; Drama; Fantasy; Web Comic; Full Color,,completed,2017.0,erotica,ko,6030,9.151,9.011964362696167,30,0,[]
639,dfb1718e-6702-4606-bdb5-5ae3fa76b3b9,Shrink ~Psychiatrist Yowai~,,Nanami Jin,Tsukiko,Psychological; Sexual Violence; Medical; Slice of Life,seinen,ongoing,2019.0,suggestive,ja,5161,9.2913,9.011922090657238,26,0,[]
640,a8f78ad3-6be0-40b6-8661-628be3076ea1,Disney Twisted Wonderland: Anthology Comic,Disney Twisted Wonderland: Anthology Comic,Toboso Yana,Sakura Fujimoto; Ichirou no Nozomi; Himako Neko; Rui Karasuzuki; Yuu Ginno; Sho Yuzuki; Tsubaki Totsuka; Haruto Shiota; Kitaguni Rato; Ayano Natsume; Kaname Monika; Hakuda Takeda; Ryou Miyama; Zarame Watari; Nohara Mosae; Majiko!,Comedy; Anthology; Video Games; Magic; Fantasy; Slice of Life,,ongoing,2020.0,safe,ja,3458,9.3617,9.011899185971574,17,2,"[{""id"": ""356562c0-62f5-4aaa-8cea-4fe7a28f4bc7"", ""relation"": ""adapted_from"", ""title"": ""Disney Twisted Wonderland: The Comic—Episode of Heartslabyul""}, {""id"": ""4aeedd65-d29d-4c77-a090-ef33830b14af"", ""relation"": ""doujinshi"", ""title"": ""Twst 4koma""}]"
641,f0cd1baa-b503-4111-8f6d-3082e3eea8b8,Hana Himeru Kimi no Meteor,Hana Himeru Kimi no Meteor,Tamamori Betty,Tamamori Betty,Romance; Drama; Fantasy; Vampires; Slice of Life,josei,ongoing,2023.0,suggestive,ja,5878,9.243,9.011881672924087,7,0,[]
642,09bd6580-9626-447f-ae9f-b221f33ade74,Classmates,Classmates,Nakamura Asumiko (中村明日美子),Nakamura Asumiko (中村明日美子),Romance; Boys' Love; Drama; School Life; Slice of Life,,completed,2006.0,safe,ja,4562,9.1208,9.01139771572674,10,4,"[{""id"": ""3013997c-a82c-4438-9c43-4964a23f0de6"", ""relation"": ""spin_off"", ""title"": ""Sora and Hara""}, {""id"": ""7c327954-8810-465a-943d-ad1e9c62199e"", ""relation"": ""sequel"", ""title"": ""Graduate""}, {""id"": ""90d80cd4-0f0f-4f63-bb3d-88a61a5591dd"", ""relation"": ""spin_off"", ""title"": ""Doukyuusei & Sotsugyousei Fanbook""}, {""id"": ""b34b4888-991a-4f54-a49d-066c3ace80a2"", ""relation"": ""sequel"", ""title"": ""Sajou Rihito no Chichi to Sono Buka""}]"
643,5c21aab3-dba7-46fd-be36-6c860a22d950,Martial Wild West,Martial Wild West,Cup Ramen,Jeong Han-Gill,Reincarnation; Action; Long Strip; Martial Arts; Adventure; Isekai; Web Comic; Full Color,,ongoing,2022.0,safe,ko,4045,9.3115,9.01066250164232,8,0,[]
644,8ae4d0f6-152a-4956-8664-4405758d26ae,Asper Kanojo,That's My Atypical Girl,Hagimoto Souhachi,Morita Renji,Psychological; Romance; Drama; Slice of Life,seinen,completed,2018.0,safe,ja,26389,9.0442,9.0105637335419,369,1,"[{""id"": ""ef4be24f-60bf-4865-b545-61589ee0619f"", ""relation"": ""side_story"", ""title"": ""Asper Kanojo - Short Stories Plus""}]"
645,0c76e194-919d-4143-a7a4-f7b3504183d9,Revelation of Youth,Revelation of Youth,Hanseo,Hanseo,Long Strip; Romance; Comedy; School Life; Web Comic,,ongoing,2022.0,safe,ko,7136,9.2058,9.01038807858249,10,0,[]
646,851d53fd-5e67-4e90-9d5a-3eba5cf73a97,Piano Forest,Piano Forest,Isshiki Makoto,Isshiki Makoto,Award Winning; Comedy; Drama; School Life; Slice of Life; Music,seinen,completed,1998.0,safe,ja,2578,9.2997,9.010357834266003,20,0,[]
647,32eac372-ebb0-4a53-998b-7129b6889021,Emma,Emma,Mori Kaoru,Mori Kaoru,Award Winning; Historical; Romance; Drama; Slice of Life; Cooking; Music,seinen,completed,2002.0,safe,ja,6416,9.1155,9.01020332770636,17,2,"[{""id"": ""31aaa7de-9e5c-4a2c-ae46-d2982c475549"", ""relation"": ""doujinshi"", ""title"": ""Emma - Polychrome (Doujinshi)""}, {""id"": ""93b98af5-1424-4793-a73c-7622300aa094"", ""relation"": ""side_story"", ""title"": ""Mori Kaoru Shuuishuu - Anything and Something""}]"
648,b35f67b6-bfb9-4cbd-86f0-621f37e6cb41,Tomodachi Game,Friends Games,Yamaguchi Mikoto,Satou Yuuki (佐藤友生),Psychological; Survival; Drama; Mystery,shounen,completed,2013.0,suggestive,ja,33471,9.0426,9.009124560051204,142,0,[]
649,624907a9-9aac-4998-8f1e-bed15ab26d71,Kenrantaru Grande Scène,La Magnifique Grande Scène,Cuvie,Cuvie,Psychological; Sports; Drama; Slice of Life,seinen,ongoing,2013.0,safe,ja,4788,9.3155,9.00884023703591,86,0,[]
650,aeffffd7-20cf-4bf4-854e-e2800a952f6a,Kuriko to Biyori,,Yukimoto Shuuji,Yukimoto Shuuji,Comedy; Drama; Slice of Life; Cooking,seinen,completed,2022.0,safe,ja,4610,9.3089,9.008701555183848,5,0,[]
651,f26c0ae5-c8f6-4630-979e-9a5d310bd795,I Only Want to Beat You,I Only Want to Beat You,Amadoji (아마도지),Sasak (사삭),Long Strip; Romance; Comedy; Drama; School Life; Web Comic; Slice of Life; Full Color,,completed,2019.0,safe,ko,21997,9.0672,9.008391616974762,69,1,"[{""id"": ""487d4452-af4e-414b-a409-6b46d7dc7f6d"", ""relation"": ""shared_universe"", ""title"": ""She Hates Me""}]"
652,6fa586f1-bbc3-4bc1-bea4-55132873f771,Dovahlove Special Edition (Doujinshi),Dovahlove Special Edition (Doujinshi),Okamura,Okamura,Oneshot; Doujinshi; Fantasy; Monster Girls,,completed,,safe,ja,1026,9.2892,9.008279431609438,20,0,[]
653,b4668276-4b3e-49e0-98e7-fcc6841f7680,Blue Lock - Episode Nagi,Blue Lock - Episode Nagi,Kaneshiro Muneyuki,Sannomiya Kouta,Sports; Drama,shounen,completed,2022.0,safe,ja,6802,9.1606,9.007357413098063,0,3,"[{""id"": ""3ce9d095-ab42-4d7c-ad9e-3c6972de31b9"", ""relation"": ""adapted_from"", ""title"": ""Another Blue Lock: Episode Harajuku""}, {""id"": ""4141c5dc-c525-4df5-afd7-cc7d192a832f"", ""relation"": ""adapted_from"", ""title"": ""Blue Lock""}, {""id"": ""bc42b9f9-a502-4678-8278-70c2fcebdba5"", ""relation"": ""adapted_from"", ""title"": ""Another Blue Lock: Episode Omotesando""}]"
654,23fed86c-a2f0-4cdc-a1b3-13596aac6e7c,Dugeundugeun Daejakjeon,The Heart-Pounding Operation,Choi Jun-Young,Giryeong,Long Strip; Romance; Comedy; School Life; Full Color,,ongoing,2025.0,safe,ko,6172,9.2389,9.00713460942941,7,0,[]
655,8e3740ef-34f9-4ed4-928d-465f685f4c30,Afterlife Diner,Afterlife Diner,Assam (아쌈); Hyung Sangjun,Hwajeong,Long Strip; Drama; Fantasy; Web Comic; Slice of Life; Cooking; Supernatural; Adaptation; Full Color,,ongoing,2023.0,safe,ko,7384,9.1606,9.006257410901398,7,0,[]
656,50e0025c-8747-4edd-987d-baabf2caeb67,The Perks of Being a Villainess,The Perks of Being a Villainess,Mango Kim (망고킴); Sudal (수달),Yoteh (요테),Reincarnation; Long Strip; Romance; Comedy; Magic; Isekai; Drama; Fantasy; Villainess; Adaptation; Full Color,,hiatus,2022.0,safe,ko,25737,9.0548,9.005864205317502,24,0,[]
657,e959ee87-cae7-4903-82b3-fa8800bb8ce6,The Lady and the Beast,The Lady and the Beast,Maginot Line (마지노선),Hongseul,Reincarnation; Long Strip; Romance; Comedy; Magic; Fantasy; Web Comic; Supernatural; Adaptation; Full Color,,completed,2020.0,safe,ko,65156,9.0294,9.005732245097134,875,0,[]
658,d8a00acf-2c05-4cd9-8d58-5e8c7c432f7b,Ninja Slayer - Kyoto Heru on Asu,"Ninja Slayer: Kyoto, Hell on Earth",Yoshiaki Tabata; Bradley Bond; Philip Ninj@ Morzez,Yogo Yuki,Thriller; Sci-Fi; Action; Ninja; Comedy; Zombies; Superhero; Martial Arts; Samurai; Mafia; Adventure; Sexual Violence; Magic; Military; Wuxia; Isekai; Gore; Adaptation,shounen,ongoing,2019.0,suggestive,ja,1471,9.5665,9.00434323066961,1,4,"[{""id"": ""05dcdc0c-7b79-49c9-b67a-f3a132ac6055"", ""relation"": ""doujinshi"", ""title"": ""Madness Combat x Ninja Slayer""}, {""id"": ""d1b5c090-2840-47b6-9396-86bf8def31a3"", ""relation"": ""alternate_story"", ""title"": ""Ninja Slayer Kills""}, {""id"": ""d460cec6-552e-4739-909e-c71836dbea89"", ""relation"": ""prequel"", ""title"": ""Ninja Slayer""}, {""id"": ""fb7c4d5e-3655-4432-93f6-5061a9e03c1b"", ""relation"": ""alternate_story"", ""title"": ""Ninja Slayer: Glamorous Killers""}]"
659,73cc2493-418a-47b8-8d15-182b46cfa37e,10000 Kounen Sougankyou,"10,000 Light-Year Binoculars",Narumi Arata,Narumi Arata,Oneshot; Sci-Fi; Romance; Drama; Web Comic; Slice of Life; Aliens; Full Color,,completed,2020.0,safe,ja,2750,9.0837,9.004121382840102,31,0,[]
660,b4615bd9-7cbd-4243-a8a2-5c24671663e0,Yajin Tensei: Karate Survivor in Another World,Karate Survivor in Another World,Yazin,Kobayashi Takahito,Reincarnation; Monsters; Action; Crime; Survival; Martial Arts; Adventure; Isekai; Gore; Drama; Fantasy; Adaptation,seinen,ongoing,2019.0,safe,ja,42123,9.0277,9.003772010078366,304,0,[]
661,a7ecd60e-24d3-4e26-9e7a-0c5792b92a67,The Perks of Being an S-Class Heroine,The Perks of Being an S-Class Heroine,Irinbi (이린비),Grrr (구르),Reincarnation; Long Strip; Romance; Isekai; Fantasy; Web Comic; Adaptation; Full Color,shoujo,hiatus,2022.0,safe,ko,12227,9.1023,9.003464146979207,6,0,[]
662,8c6e0eb8-fb94-44a3-9bf4-fa72dee36775,Your Throne,Your Throne,Sam (삼),Sam (삼),Thriller; Psychological; Long Strip; Romance; Drama; Fantasy; Villainess; Supernatural; Mystery; Full Color; Tragedy,,hiatus,2020.0,safe,ko,23731,9.0626,9.00220552644328,389,0,[]
663,53d632ed-4a2f-4fb7-a7b0-8c6e9cd0ae6e,My Secret Crush,My Secret Crush,竹已; Guo Xiao (郭晓),Ju Zhi,Long Strip; Romance; Drama; School Life; Slice of Life; Full Color,,completed,2021.0,safe,zh,4436,9.1831,9.001901463467506,5,2,"[{""id"": ""0866b37c-f4ae-41fd-b6fd-3f68f6c12669"", ""relation"": ""shared_universe"", ""title"": ""Nan hong""}, {""id"": ""5a1514a1-fe92-4c54-9042-1d5744ded8da"", ""relation"": ""shared_universe"", ""title"": ""Folding The Moon""}]"
664,d2d0b8ea-4dfc-4d72-b584-5b26380f9bed,Koori no Jouheki (Book Version),The Ramparts of Ice (Book Version),Agasawa Koucha,Agasawa Koucha,Romance; Comedy; Drama; School Life; Slice of Life; Full Color,shoujo,completed,2023.0,safe,ja,10066,9.1472,9.001581400312713,12,2,"[{""id"": ""621cf340-6ef1-4b3b-bd0f-82b6837312fe"", ""relation"": ""alternate_version"", ""title"": ""Koori no Jouheki""}, {""id"": ""eb95c066-5f46-483a-af69-a83b5cf324ee"", ""relation"": ""shared_universe"", ""title"": ""Seihantai na Kimi to Boku""}]"
665,6ba37a68-bc82-4030-b550-899ecd9446af,Urijip e Nolleowa!,Ring My Bell!,Yeongol,Yeongol,Long Strip; Romance; Comedy; Girls' Love; Full Color,,completed,2019.0,safe,ko,4559,9.1245,9.001366429485607,12,0,[]
666,fc9f891c-6160-45f3-bd49-311e5535f3f6,Curtain Call,Curtain Call,TYPE-MOON,Nakatani,Oneshot; Magic; Drama; Fantasy; Supernatural; Adaptation,,completed,2019.0,safe,ja,955,9.3904,9.001041595524983,12,1,"[{""id"": ""21f5800a-13b8-44f1-8e50-3cff94f1397d"", ""relation"": ""prequel"", ""title"": ""Fate/stay night""}]"
667,dbae4cf5-27de-40eb-b9e1-346c4f2cf8aa,Touhou Suzunaan ~ Forbidden Scrollery.,Touhou Suzunaan ~ Forbidden Scrollery.,ZUN,Moe Harukawa,Fantasy; Slice of Life; Supernatural; Mystery,,completed,2012.0,safe,ja,3691,9.2054,9.000640487855986,11,5,"[{""id"": ""0483d2ef-557e-43ae-9761-2f2f0677625a"", ""relation"": ""shared_universe"", ""title"": ""Touhou Suichouka: Lotus Eater-tachi no Suisei""}, {""id"": ""18ef1e92-f574-4c8c-99af-555e44ba418e"", ""relation"": ""shared_universe"", ""title"": ""Touhou Ibara Kasen ~ Wild and Horned Hermit.""}, {""id"": ""8b98e414-3eae-4b4f-b43b-5e75fbbb0014"", ""relation"": ""shared_universe"", ""title"": ""Touhou Sangetsusei ~ Visionary Fairies in Shrine.""}, {""id"": ""9a954c41-dcc4-4781-b0c5-6300e4e76a99"", ""relation"": ""shared_universe"", ""title"": ""Touhou Sangetsusei: Eastern and Little Nature Deity""}, {""id"": ""f4fa3679-6918-4684-bcb6-377c9f336898"", ""relation"": ""shared_universe"", ""title"": ""Touhou Chireikiden: Hansoku Tantei Satori""}]"
668,c79bcd31-4c0e-43c2-873d-7e614361096e,Heart of Thorns,Heart of Thorns,狐泥,Lily Club (橘姬社),Monsters; Demons; Long Strip; Girls' Love; Drama; Fantasy; Monster Girls; Web Comic; Full Color,,ongoing,2022.0,safe,zh,5017,9.1922,9.000606729239978,22,0,[]
669,e660da42-375c-4fca-80f1-1afbe5342b8f,Fool Night,Fool Night,Yasuda Kasumi,Yasuda Kasumi,Thriller; Sci-Fi; Psychological; Survival; Adventure; Philosophical; Drama; Horror; Fantasy; Police; Supernatural; Mystery; Tragedy,seinen,ongoing,2020.0,safe,ja,12196,9.1346,9.0004486616577,21,0,[]
670,77ae6d99-0d2d-4f63-8903-6246cac20897,"Tearmoon Teikoku Monogatari ~Dantoudai kara Hajimaru, Hime no Tensei Gyakuten Story~",Tearmoon Empire,Mochitsuki Nozomu,Morino Mizu,Reincarnation; Time Travel; Action; Romance; Comedy; Drama; Fantasy; Villainess; Slice of Life; Adaptation,seinen,ongoing,2019.0,suggestive,ja,53587,9.0231,8.998840153729128,380,2,"[{""id"": ""2b9ec26a-0597-4c33-af28-b5afdaa48b7a"", ""relation"": ""side_story"", ""title"": ""Tearmoon Empire: Collection of Short Stories""}, {""id"": ""6997022b-345a-4e05-8f97-1c5c9a4eaf0c"", ""relation"": ""side_story"", ""title"": ""Tearmoon Teikoku Monogatari: Juusha-Tachi no Ochakai""}]"
671,f48bbb5f-8a23-4dea-8177-eb2dbbcbf4fa,Call of the Night (Fan-Colored),Call of the Night (Fan-Colored),Kotoyama,Kotoyama,Psychological; Romance; Comedy; Fan Colored; Drama; Vampires; Monster Girls; Supernatural,shounen,ongoing,2019.0,safe,ja,2516,9.4669,8.99847935694585,3,0,[]
672,203e5733-2cff-4f85-8dfc-a6258205a3ec,The Parodied Neverland,The Parodied Neverland,Miyazaki Shuuhei,Miyazaki Shuuhei,Psychological; Comedy; Survival; Drama; Fantasy; Slice of Life,shounen,completed,2018.0,safe,ja,647,9.5,8.99841061912787,10,1,"[{""id"": ""46e9cae5-4407-4576-9b9e-4c517ae9298e"", ""relation"": ""adapted_from"", ""title"": ""Yakusoku no Neverland""}]"
673,df5f8e3d-64a1-4287-8f08-4a732e9cb757,"Myst, Might, Mayhem","Myst, Might, Mayhem",Madbird (매드버드); Hanjung Wolya (한중월야),REDICE Studio (레드아이스 스튜디오); Kim Tae-Hyung (김태형),Monsters; Action; Demons; Ghosts; Long Strip; Ninja; Martial Arts; Magic; Wuxia; Gore; Fantasy; Web Comic; Supernatural; Adaptation; Full Color,,hiatus,2024.0,safe,ko,7515,9.1541,8.998172338155406,5,2,"[{""id"": ""6e4805a6-75ab-462d-883c-4ddedb8e4df6"", ""relation"": ""sequel"", ""title"": ""Nano Machine""}, {""id"": ""825eb50f-7331-4455-bb0e-c0d58fa9976a"", ""relation"": ""prequel"", ""title"": ""Absolute Sword Sense""}]"
674,4644da00-8f23-44a8-aa99-e3661dcee901,Trigun Maximum,Trigun Maximum,Nightow Yasuhiro,Nightow Yasuhiro,Award Winning; Sci-Fi; Action; Comedy; Adventure; Drama; Supernatural,seinen,completed,1997.0,safe,ja,6515,9.1924,8.997799061100906,18,3,"[{""id"": ""50a34f67-7adb-42b5-96a8-7ebcc72c9c0c"", ""relation"": ""side_story"", ""title"": ""Trigun - Multiple Bullets""}, {""id"": ""c43bff07-d61d-4fc8-81ea-967817bb3b96"", ""relation"": ""prequel"", ""title"": ""Trigun""}, {""id"": ""dbc4103f-cf66-4904-9848-bca0ab8f8509"", ""relation"": ""doujinshi"", ""title"": ""Trigun - Ash (Doujinshi)""}]"
675,6306c976-d776-48c3-b29f-d345e65f272b,Yuru Yuri,Yuru Yuri,Namori,Namori,Comedy; Girls' Love; Drama; School Life; Slice of Life,seinen,ongoing,2008.0,safe,ja,12673,9.1106,8.9977361578878,56,27,"[{""id"": ""0a81ae62-3aaa-4491-aa68-c07fa474769f"", ""relation"": ""doujinshi"", ""title"": ""YuruYuri - NuruYuri (Doujinshi)""}, {""id"": ""24855df1-6997-483c-9f4a-6d08d21bf955"", ""relation"": ""based_on"", ""title"": ""Yuru Yuri - Summertime Blue Blues (Doujinshi)""}, {""id"": ""24855df1-6997-483c-9f4a-6d08d21bf955"", ""relation"": ""doujinshi"", ""title"": ""Yuru Yuri - Summertime Blue Blues (Doujinshi)""}, {""id"": ""287c5986-3b96-4214-a1e8-971caddc2516"", ""relation"": ""doujinshi"", ""title"": ""YuruYuri - Handheld! (Doujinshi)""}, {""id"": ""28d370f1-05a0-4a50-9150-71e19438572c"", ""relation"": ""doujinshi"", ""title"": ""YuruYuri & Fate/Zero - Yuru/Zero (Doujinshi)""}, {""id"": ""3da8a827-b60b-4373-8c7f-205e0ad49838"", ""relation"": ""doujinshi"", ""title"": ""YuruYuri - Requiem for Daydream (Doujinshi)""}, {""id"": ""3f933cec-5afd-46ab-a590-b8ab382de77f"", ""relation"": ""doujinshi"", ""title"": ""Magejun (Doujinshi)""}, {""id"": ""3fb69341-057b-48de-8c41-4622765974f6"", ""relation"": ""doujinshi"", ""title"": ""YuruYuri - Itsumo Miracle! (Doujinshi)""}, {""id"": ""426375f5-4b0e-4ca1-9191-59d20439bf47"", ""relation"": ""doujinshi"", ""title"": ""YuruYuri - Goraku no Toriko (Doujinshi)""}, {""id"": ""42b6755a-788d-4032-b093-4b4bbc047d61"", ""relation"": ""doujinshi"", ""title"": ""YuruYuri - Yui to Kyouko ga Hamu Pero Pecha Rero Surudake no Hon (Doujinshi)""}, {""id"": ""4b2280df-1562-44d9-8ac4-f708f768b753"", ""relation"": ""doujinshi"", ""title"": ""YuruYuri - Ame Tokidoki Yurufaa (doujinshi)""}, {""id"": ""4f71dee8-4f78-4c02-8953-b37f722cb9ee"", ""relation"": ""doujinshi"", ""title"": ""YuruYuri - Akari Complete! (Doujinshi)""}, {""id"": ""71fe50ee-84d7-4515-a3db-86621ec2e941"", ""relation"": ""spin_off"", ""title"": ""Touzainanboku!""}, {""id"": ""74f02c45-c215-4430-a5d3-200e0d33b6a5"", ""relation"": ""doujinshi"", ""title"": ""YuruYuri - Anata no Soba ni Itai no (Doujinshi)""}, {""id"": ""7bbac0c2-f8c0-4369-aab9-9eb920c24ca0"", ""relation"": ""spin_off"", ""title"": ""Yuru Yuri Comic Anthology""}, {""id"": ""86d7f3f2-b4cf-4487-bccf-6365f46c6d5c"", ""relation"": ""doujinshi"", ""title"": ""YuruYuri - Konohanasakuya-hime (Doujinshi)""}, {""id"": ""96fa9341-009d-4045-9c6c-2f95bd2c7807"", ""relation"": ""doujinshi"", ""title"": ""YuruYuri - Sweet Sunflower, Blooming Sakura (Doujinshi)""}, {""id"": ""9ad4148b-8c9e-48d5-89ec-e7b98a660e42"", ""relation"": ""spin_off"", ""title"": ""Oomuro-ke""}, {""id"": ""a52fde59-7cd3-433b-8a44-3b2ec46dd87f"", ""relation"": ""spin_off"", ""title"": ""Tensei Shitara Akari dake ga Slime Datta Ken""}, {""id"": ""aa6048dc-107c-4290-b0f3-91dfc97ffdb9"", ""relation"": ""doujinshi"", ""title"": ""YuruYuri - Koi-suru D-Mail  (Doujinshi)""}, {""id"": ""ba434339-b6bf-4271-82a2-8f706f3cdb2d"", ""relation"": ""doujinshi"", ""title"": ""YuruYuri - Kyou mo Ashita mo Yurui Hibi wo (Doujinshi)""}, {""id"": ""bb4b026c-73b2-4015-8a05-8f451761c0cd"", ""relation"": ""doujinshi"", ""title"": ""YuruYuri - Triangle (Doujinshi)""}, {""id"": ""bdc33cad-bf7d-490b-bb4e-c5adeb1464c4"", ""relation"": ""doujinshi"", ""title"": ""YuruYuri & Pokémon - Something about YuruYuri and Pokémon (Doujinshi)""}, {""id"": ""cec5cc2f-5e9a-4da5-8162-f4c710918bdd"", ""relation"": ""doujinshi"", ""title"": ""YuruYuri - Yui to Kyouko ga Ichaicha Peropero suru Hon (Doujinshi)""}, {""id"": ""d2818adc-93fa-402f-99fe-85bd41b0c714"", ""relation"": ""spin_off"", ""title"": ""Reset!""}, {""id"": ""f09226c5-a694-4b18-8d94-d4ddb69c455a"", ""relation"": ""doujinshi"", ""title"": ""YuruYuri - Mirakurun Summer (Doujinshi)""}, {""id"": ""f125824c-88af-45c1-97bf-3228e10d7984"", ""relation"": ""doujinshi"", ""title"": ""YuruYuri - Yui to Kyouko ga Betabeta Chucchu suru dake no Hon (Doujinshi)""}]"
676,c4c40def-4324-46bb-84fa-8c4792d31ef8,Pulse,Pulse,Ratana Satis,Ratana Satis,Long Strip; Romance; Girls' Love; Drama; Medical,,completed,2016.0,erotica,th,6233,9.0883,8.997407071944192,16,1,"[{""id"": ""99f5eb31-0c9d-4473-a4ff-1a81c2c15882"", ""relation"": ""side_story"", ""title"": ""Mentality""}]"
677,2e3ec8e6-cee0-4779-8f4e-c42ab683ef75,Musuko ga Kawaikute Shikataganai Mazoku no Hahaoya,"Demon Mother: My Son Is so Cute, I Just Can't Help Myself!",Zyugoya,Zyugoya,Action; Demons; Comedy; 4-Koma; Drama; Fantasy; Vampires; Monster Girls; Slice of Life,seinen,completed,2016.0,suggestive,ja,51780,9.02,8.997355686232085,470,2,"[{""id"": ""b1a5751e-fd75-4df1-b8c8-77d8b7b92e9a"", ""relation"": ""shared_universe"", ""title"": ""Oyaku ni Tatsu no de Chi o Kudasai""}, {""id"": ""c0ad1583-c117-406e-959d-7789d53f6732"", ""relation"": ""shared_universe"", ""title"": ""A Blue-Skinned Convenience Store Worker and Her Pals""}]"
678,d8aa410e-a169-4af2-a49c-ac161e2efc7f,Zenbu Zenbu Kimi no Sei,"All, All Because of You",Asazuki Norito,Asazuki Norito,Genderswap; Romance; Comedy; Crossdressing; Slice of Life,seinen,ongoing,2025.0,suggestive,ja,4603,9.2879,8.996977366983568,9,2,"[{""id"": ""0458e53f-59ab-49f0-b99a-9deb16049377"", ""relation"": ""side_story"", ""title"": ""Zenbu Kimi no Sei - Extras / After Story""}, {""id"": ""82476383-e6a9-41a7-b98c-87cc8be9efbb"", ""relation"": ""prequel"", ""title"": ""Zenbu Kimi no Sei""}]"
679,b4c93297-b32f-4f90-b619-55456a38b0aa,"Fuufu Ijou, Koibito Miman.","More than a Married Couple, but Not Lovers",Kanamaru Yuki,Kanamaru Yuki,Romance; Comedy; Drama; School Life; Slice of Life; Gyaru,seinen,hiatus,2018.0,suggestive,ja,127599,9.0046,8.996927459479794,506,0,[]
680,ac743453-99ef-49e5-93e5-265cfff01fe0,RTA Sousha wa Game Sekai kara Kaerenai,Speedrunner Cannot Return from the Game World,Koide Yoshito,Koide Yoshito,Reincarnation; Genderswap; Monsters; Action; Demons; Comedy; Adventure; Video Games; Crossdressing; Magic; Isekai; Fantasy; Vampires; Monster Girls,seinen,ongoing,2023.0,suggestive,ja,43753,9.0273,8.9967139125348,70,0,[]
681,e1ea6681-8a5a-443f-b592-c4a3e2c227c5,Banquet With Deer Crying,Banquet With Deer Crying,Ke Ran Bing (可燃冰),Ke Ran Bing (可燃冰),Action; Long Strip; Martial Arts; Adventure; Girls' Love; Fantasy; Web Comic; Full Color,,completed,2023.0,suggestive,zh,5179,9.158,8.995676266823592,14,0,[]
682,baac09cd-6eb9-43ec-a780-980c8da4f066,Misaki-kun wa Kouryaku Chara Janai,Misaki-kun is Unobtainable,Natsuichi,Natsuichi,Romance; Comedy; Boys' Love; Video Games; Crossdressing; School Life,seinen,ongoing,2024.0,safe,ja,19695,9.0445,8.995676317586893,53,0,[]
683,333f4d22-7753-4e3b-b0da-0a69b2cdce4f,Assassination Classroom,Assassination Classroom,Matsui Yuusei,Matsui Yuusei,Sci-Fi; Action; Comedy; Survival; Martial Arts; Military; Drama; School Life; Mystery,shounen,completed,2012.0,safe,ja,12279,9.0457,8.995569311808856,25,5,"[{""id"": ""0e9f4fe5-348f-483e-956a-56c82477c2cf"", ""relation"": ""doujinshi"", ""title"": ""Ansatsu Kyoushitsu -  Ansatsu Otokonoko Kyoushitsu (Doujinshi)""}, {""id"": ""3ac2514e-de14-4213-8f36-d1c30db87f8b"", ""relation"": ""doujinshi"", ""title"": ""Assassination Classroom - Ijiwaru Assassin (Doujinshi)""}, {""id"": ""8f8c4f0e-93f5-433e-ba13-017746b485ec"", ""relation"": ""doujinshi"", ""title"": ""Jump All Stars Battle (Doujinshi)""}, {""id"": ""d8f32336-a856-4138-9551-aeff2f07f067"", ""relation"": ""doujinshi"", ""title"": ""Ansatsu Kyoushitsu - Nagisa-chan to Hokentaiiku! (Doujinshi)""}, {""id"": ""f4c9f9ef-218e-4943-8252-c0d990c538bc"", ""relation"": ""spin_off"", ""title"": ""Korosensei Quest!""}]"
684,5fa9c811-6afe-4932-8802-af1907a3163f,Shinai Naru Gene e,Shinai Naru Gene e,Azuma Kaya,Azuma Kaya,Historical; Romance; Boys' Love; Drama,,completed,2020.0,erotica,ja,3332,9.2624,8.995348874875505,33,1,"[{""id"": ""34f8fdce-69cc-418c-8885-4af728fe9bb8"", ""relation"": ""adapted_from"", ""title"": ""Rumspringa no Joukei""}]"
685,566ab917-4893-423a-8b0c-787ba77b6def,Toki Doki,,Komi Naoshi,Komi Naoshi,Oneshot; Romance; Drama; School Life; Tragedy,,completed,2016.0,safe,ja,7373,9.0266,8.994318095216371,69,0,[]
686,55fe7e05-6c8e-4164-bd42-4ecfb76c5715,Game sok Barbarian euro Saranamgi,Surviving the Game as a Barbarian,Han Tae-su (한태수); Jung Yoon-kang (정윤강),Midnight Studio (미드나잇스튜디오),Monsters; Action; Long Strip; Romance; Survival; Adventure; Magic; Isekai; Fantasy; Adaptation; Full Color,,ongoing,2023.0,safe,ko,10871,9.1049,8.9942832622989,19,0,[]
687,85ce7857-3d01-4b0a-adff-7a4cba347ced,Honzuki no Gekokujou: Shisho ni Naru tame ni wa Shudan o Erandeiraremasen—Dai-4 Bu: Kizokuin no Toshokan o Sukuitai!,Ascendance of a Bookworm: I’ll do anything to become a librarian!—Part 4:  I want to save the Royal Academy's library!,Kazuki Miya,Katsuki Hikaru,Reincarnation; Isekai; Drama; School Life; Fantasy; Adaptation,shounen,ongoing,2020.0,safe,ja,10703,9.2434,8.993857184743606,27,20,"[{""id"": ""0c3b8f0e-7bef-4b04-be2a-75641936d3d3"", ""relation"": ""doujinshi"", ""title"": ""Honzuki no Gekokujou - Girl Power, Dunkelfelger Style (Doujinshi)""}, {""id"": ""111cf88b-8c92-4075-8927-21b62b9ac5d8"", ""relation"": ""doujinshi"", ""title"": ""Honzuki no Gekokujou - Puniman Fantasy (Doujinshi)""}, {""id"": ""1a656f81-0b34-4b90-a0d7-83a898f45406"", ""relation"": ""sequel"", ""title"": ""Honzuki no Gekokujou: Shisho ni Naru tame ni wa Shudan o Erandeiraremasen—Dai-5 Bu: Todaeta Chishiki o Tsunageyou!""}, {""id"": ""1c2a3fd6-0846-4b57-8fe9-5aa07a457559"", ""relation"": ""doujinshi"", ""title"": ""Honzuki no Gekokujou - Fukakouryoku Harenchi FerMai R18 Matome (Doujinshi)""}, {""id"": ""3017d3e0-bf34-4772-b752-bcc93b763ff9"", ""relation"": ""spin_off"", ""title"": ""Ascendance of a Bookworm Official Comic Anthology""}, {""id"": ""316d3d09-bb83-49da-9d90-11dc7ce40967"", ""relation"": ""prequel"", ""title"": ""Honzuki no Gekokujou: Shisho ni Naru tame ni wa Shudan o Erandeiraremasen—Dai-3 Bu: Ryouchi ni Hon o Hirogeyou!""}, {""id"": ""3574e587-2d98-42f0-a6c1-ed4f10674aed"", ""relation"": ""doujinshi"", ""title"": ""Honzuki no Gekokujou - Alas, she's from Dunkelfelger (Doujinshi)""}, {""id"": ""5262ae1c-b1e3-4d4e-b42f-b439fd03ce68"", ""relation"": ""doujinshi"", ""title"": ""Honzuki no Gekokujou - Fanatics Times Two (Doujinshi)""}, {""id"": ""58508521-2f39-4924-a322-f159bdd0e4d2"", ""relation"": ""doujinshi"", ""title"": ""Honzuki no Gekokujou - Rozemyne and Furdinand: Their First Halloween (Doujinshi)""}, {""id"": ""759c4bbc-d953-41e0-8113-41ab58b8b7d6"", ""relation"": ""spin_off"", ""title"": ""Honzuki no Gekokujou ~Shisho ni Naru Tame ni wa Shudan wo Erandeiraremasen~ Drama CD3""}, {""id"": ""84db59ae-0555-4de1-9f5c-a80c779729d1"", ""relation"": ""sequel"", ""title"": ""Honzuki no Gekokujou: Hannerōre no Kizoku-in Gonensei Ichi - Koishite Mitai O'hime-sama""}, {""id"": ""9057b11b-ae4b-4143-b93e-f17a2abc798e"", ""relation"": ""doujinshi"", ""title"": ""Honzuki no Gekokujou - My Condolences, Adolphine 2 (Doujinshi)""}, {""id"": ""a10c2c7e-0b55-4127-84ea-87a96b0873eb"", ""relation"": ""side_story"", ""title"": ""Honzuki no Gekokujou Junior Bunko 4Koma""}, {""id"": ""bc1f7b65-b9a1-464c-b308-1fc246a327e0"", ""relation"": ""doujinshi"", ""title"": ""Honzuki no Gekokujou - Mother and Daughter (Doujinshi)""}, {""id"": ""c0ad8919-4646-4a61-adf9-0fd6d8612efa"", ""relation"": ""prequel"", ""title"": ""Honzuki no Gekokujou: Shisho ni Naru tame ni wa Shudan o Erandeiraremasen—Dai-1 Bu: Hon ga Nai nara Tsukureba Ii!""}, {""id"": ""cd51bb77-afa8-475a-b5b7-39caa200759b"", ""relation"": ""doujinshi"", ""title"": ""Honzuki no Gekokujou - 30 Day Countdown Until the Final Volume (Doujinshi)""}, {""id"": ""d185f1f0-cd3b-4130-bd0f-9ae1796cac7b"", ""relation"": ""doujinshi"", ""title"": ""Honzuki no Gekokujou - Plantin Hoikuen Rosemain Sensei no Yoru no Enchou Hoiku (Doujinshi)""}, {""id"": ""e6ced9c5-ba94-4a99-b335-e878ae74170b"", ""relation"": ""side_story"", ""title"": ""Honzuki no Gekokujou: Ferdinand no Yakata ni Te""}, {""id"": ""f01459fc-19a1-4c60-ad7b-44031b5d942b"", ""relation"": ""doujinshi"", ""title"": ""Honzuki no Gekokujou - Macha's Twitter Collection""}, {""id"": ""f1311d54-99bc-49ed-b12f-099b9a40c104"", ""relation"": ""prequel"", ""title"": ""Honzuki no Gekokujou: Shisho ni Naru tame ni wa Shudan o Erandeiraremasen—Dai-2 Bu: Hon no Tamenara Miko ni Naru!""}]"
688,7c327954-8810-465a-943d-ad1e9c62199e,Graduate,Graduate,Nakamura Asumiko (中村明日美子),Nakamura Asumiko (中村明日美子),Romance; Comedy; Boys' Love; Drama; School Life; Slice of Life,,completed,2010.0,suggestive,ja,2241,9.2076,8.993012452570643,2,6,"[{""id"": ""0943a9f0-d67d-4c31-b551-7e944d67564e"", ""relation"": ""sequel"", ""title"": ""O.B.""}, {""id"": ""09bd6580-9626-447f-ae9f-b221f33ade74"", ""relation"": ""prequel"", ""title"": ""Classmates""}, {""id"": ""3013997c-a82c-4438-9c43-4964a23f0de6"", ""relation"": ""spin_off"", ""title"": ""Sora and Hara""}, {""id"": ""90d80cd4-0f0f-4f63-bb3d-88a61a5591dd"", ""relation"": ""spin_off"", ""title"": ""Doukyuusei & Sotsugyousei Fanbook""}, {""id"": ""b34b4888-991a-4f54-a49d-066c3ace80a2"", ""relation"": ""sequel"", ""title"": ""Sajou Rihito no Chichi to Sono Buka""}, {""id"": ""dc63fb8b-c71c-4ec3-96e5-75644e2cbc91"", ""relation"": ""sequel"", ""title"": ""Blanc""}]"
689,8599405b-b87b-432f-a08e-0649f53b364a,Acchi Kocchi,Here and There,Ishiki,Ishiki,Romance; Comedy; 4-Koma; School Life; Slice of Life,,ongoing,2006.0,safe,ja,8470,9.2314,8.992382479069148,22,0,[]
690,23aadc44-d2fe-46ca-83a6-6c86fd36ee12,"Bouken ni wa, Buki ga Hitsuyou da! ~Kodawari Rudy no Kajiya-gurashi~",Every Adventure Needs a Weapon! —The Blacksmith Life of Rudy the Obsessed—,Mado Guchimoto,Mado Guchimoto,Monsters; Action; Comedy; Adventure; Magic; Fantasy; Slice of Life,seinen,ongoing,2023.0,safe,ja,26735,9.0439,8.991904528917178,42,1,"[{""id"": ""e0456e4f-e428-4509-90c7-141e69a211b3"", ""relation"": ""shared_universe"", ""title"": ""Onofuri Elf to Yumihiki Dwarf""}]"
691,bcfa196d-d162-45f5-a224-61d26b04a077,Kono Subarashii Sekai ni Shukufuku o!,Konosuba: God's Blessing on This Wonderful World!,Akatsuki Natsume,Watari Masahito,Reincarnation; Loli; Monsters; Action; Romance; Comedy; Adventure; Magic; Isekai; Fantasy; Slice of Life; Supernatural; Adaptation,shounen,ongoing,2014.0,suggestive,ja,33577,9.0485,8.991668441580266,80,103,"[{""id"": ""03426dd2-63c5-493e-853e-485d7c7dc9c0"", ""relation"": ""spin_off"", ""title"": ""Kono Subarashii Sekai ni Nichijou wo!""}, {""id"": ""041fb3b5-ebbc-4f54-b586-1cf34f41babd"", ""relation"": ""doujinshi"", ""title"": ""Kono Subarashii Sekai ni Shukufuku wo! - Sore Ike! Megumin Touzokudan (Doujinshi)""}, {""id"": ""07e8c4d7-8fbb-4c47-8131-0c0f863019c8"", ""relation"": ""doujinshi"", ""title"": ""Kono Subarashii Sekai ni Shukufuku wo! - Megumin no Bakuretsu Mahou After (Doujinshi)""}, {""id"": ""0bc64228-1242-4240-9597-8dd1999c9468"", ""relation"": ""doujinshi"", ""title"": ""Kono Subarashii Sekai ni Shukufuku wo! - Megumin Slime-zuke! (Doujinshi)""}, {""id"": ""13b43e88-e514-40e4-ad16-f7b40f5263fe"", ""relation"": ""doujinshi"", ""title"": ""Kono Subarashii Sekai ni Shukufuku wo! - Kono Innen no Futari de Period o! (Doujinshi)""}, {""id"": ""1526ffe4-5a2a-4507-b6fc-90a590982c4b"", ""relation"": ""doujinshi"", ""title"": ""Kono Subarashii Sekai ni Shukufuku wo! - KonoSuba Goudoushi! (Doujinshi)""}, {""id"": ""1607d8c1-37bc-436a-a6ed-61d1c5944ba5"", ""relation"": ""doujinshi"", ""title"": ""Kono Subarashii Sekai ni Shukufuku wo! - Kono Iyarashii Sei Kishi ni ○○ o! (Doujinshi)""}, {""id"": ""18c41d02-408a-4a84-9aba-713eb3269376"", ""relation"": ""doujinshi"", ""title"": ""bou (Doujinshi)""}, {""id"": ""19c274ed-d3b9-417b-9014-9b1b469c37c2"", ""relation"": ""doujinshi"", ""title"": ""Kono Subarashii Sekai ni Shukufuku wo! - Kono Subarashii Megami to Syukufuku o! (Doujinshi)""}, {""id"": ""1a0c0766-0401-4a69-90b8-2da84dd3d955"", ""relation"": ""doujinshi"", ""title"": ""Kono Subarashii Sekai ni Shukufuku wo! - Kono Subarashii Sekai no Syukufuku (Doujinshi)""}, {""id"": ""1a7d8492-16d9-4302-82b0-b9161b52f10b"", ""relation"": ""doujinshi"", ""title"": ""Kono Subarashii Unmei ni Shukufuku wo! (Doujinshi)""}, {""id"": ""1a85a3c4-215f-4e44-9b94-e1f8471fa123"", ""relation"": ""doujinshi"", ""title"": ""Kono Subarashii Sekai ni Shukufuku wo! - KonoSuba Eris-sama Chippaizuri (Doujinshi)""}, {""id"": ""1aa1d09e-ab5c-420b-8fb0-78c2b910a91a"", ""relation"": ""doujinshi"", ""title"": ""These Spats""}, {""id"": ""1bde51d1-373b-4e3e-9236-30ce675ae65d"", ""relation"": ""doujinshi"", ""title"": ""Kono Subarashii Sekai ni Shukufuku wo! - Kono Nikutarashii Megami no Icha Love o! (Doujinshi)""}, {""id"": ""1db694da-29e8-425a-8aae-4dcaad439432"", ""relation"": ""doujinshi"", ""title"": ""Kono Subarashii Sekai ni Shukufuku wo! - Aqua-san (Doujinshi)""}, {""id"": ""23a09b03-6df4-4d80-8cae-bd2ac5d71116"", ""relation"": ""spin_off"", ""title"": ""Kono Subarashii Sekai ni Shukufuku wo! Megumin Anthology""}, {""id"": ""25190684-e9a2-4fa4-8e19-030cd3e9520d"", ""relation"": ""doujinshi"", ""title"": ""Kono Subarashii Sekai ni Shukufuku wo! - Darkness no \""Shiro Ookami no Mure no Toubatsu\"" Quest (Doujinshi)""}, {""id"": ""2938ea04-e44f-4aad-8129-8e9dca8ef7bf"", ""relation"": ""doujinshi"", ""title"": ""Kono Subarashii Sekai ni Shukufuku wo! - Mousou dake nara Ichininmae (Doujinshi)""}, {""id"": ""294c0b9a-b23d-4d0b-a429-4402c8193127"", ""relation"": ""doujinshi"", ""title"": ""Kono Subarashii Sekai ni Shukufuku wo! - Kono Etsuraku Sugoku nai Desu ka? (Doujinshi)""}, {""id"": ""2d79ac2c-3742-4772-9e57-da547101842b"", ""relation"": ""doujinshi"", ""title"": ""Kono Subarashii Sekai ni Shukufuku wo! - Kono Koukando nara Sorosoro Harem Ikerun ja ne? (Doujinshi) (Fan Colored)""}, {""id"": ""2fb6066b-b7a3-4152-9815-779dba2de342"", ""relation"": ""doujinshi"", ""title"": ""Kono Subarashii Sekai ni Shukufuku wo! - Kono Subarashii Sekai ni Teisou o!! (Doujinshi)""}, {""id"": ""354e4279-029f-4a26-9fb5-ce3e1f3587e1"", ""relation"": ""doujinshi"", ""title"": ""Kono Subarashii Sekai ni Shukufuku wo! - Giving ○○ to Megumin in the Toilet! (Doujinshi)""}, {""id"": ""38ad35d1-1c99-4c6e-b9e0-531a0ed22ba7"", ""relation"": ""doujinshi"", ""title"": ""Kono Subarashii Sekai ni Shukufuku wo! - Damegami-sama wa Nomisugi ni Gochuui o! (Doujinshi)""}, {""id"": ""3fea5768-fc42-4f0d-ae08-19cebb55e5c8"", ""relation"": ""doujinshi"", ""title"": ""Kono Subarashii Sekai ni Shukufuku wo! - Ero Subarashii Sekai ni Nakadashi o! (Doujinshi)""}, {""id"": ""40043d1d-b5cb-4531-b5b8-dfd658dcc705"", ""relation"": ""doujinshi"", ""title"": ""Kono Subarashii Sekai ni Shukufuku wo! - Kono Subarashii Seiyoku ni Syukufuku o! (Doujinshi)""}, {""id"": ""41319d3f-2b4a-442a-8201-0f4ba45ac92f"", ""relation"": ""doujinshi"", ""title"": ""Kono Subarashii Sekai ni Shukufuku wo! - Megumin (Kawaii) (Doujinshi)""}, {""id"": ""4350c50f-bc3b-4799-8ed8-7d6216b705fa"", ""relation"": ""spin_off"", ""title"": ""Kono Subarashii Sekai ni Shukufuku wo! Extra: Ano Orokamono ni mo Kyakkou wo!""}, {""id"": ""45c67464-367b-4b2e-932e-35d83f4a0514"", ""relation"": ""doujinshi"", ""title"": ""Kono Subarashii Sekai ni Shukufuku wo! - Inmon Megumin (Doujinshi)""}, {""id"": ""46867e7c-b0c8-450d-818a-d1d7ff0edaf3"", ""relation"": ""doujinshi"", ""title"": ""Kono Subarashii Sekai ni Shukufuku wo! - Archwizard wa Bakuretsu Mahou no Yume o Miru ka?  (Doujinshi)""}, {""id"": ""46fedc8a-7d9d-4662-bd2b-a3211544db5d"", ""relation"": ""doujinshi"", ""title"": ""Kono Subarashii Sekai ni Shukufuku wo! - Yunyun shiyou! (Doujinshi)""}, {""id"": ""4f59c24c-cd69-4276-9a55-44aa95660594"", ""relation"": ""doujinshi"", ""title"": ""Kono Subarashii Sekai ni Shukufuku wo! - Kono Yuetsu ni Hitarisou Nandesu ga! (Doujinshi)""}, {""id"": ""521d0eb9-0e53-4314-b654-2a1d17b83ad4"", ""relation"": ""doujinshi"", ""title"": ""Kono Subarashii Sekai ni Shukufuku wo! - Kono Koukando nara Sorosoro Harem Ikerun ja ne? (Doujinshi)""}, {""id"": ""567d7af2-5c8a-4743-8864-9a4841f4d22d"", ""relation"": ""doujinshi"", ""title"": ""Kono Subarashii Sekai ni Shukufuku wo! - Kono Megumin ni Sainan o! (Doujinshi)""}, {""id"": ""57088ed9-0bfd-473a-a466-35f931b6f891"", ""relation"": ""doujinshi"", ""title"": ""Kono Subarashii Sekai ni Shukufuku wo! - Kono Uruwashii Onna Kishi ni Oshioki o! (Doujinshi)""}, {""id"": ""5772a6a5-9425-46b9-b2f6-a95bb87c30fe"", ""relation"": ""side_story"", ""title"": null}, {""id"": ""57a39796-0eeb-4e4e-b99d-b4e9c4bc26cc"", ""relation"": ""doujinshi"", ""title"": ""Kono Subarashii Sekai ni Shukufuku wo! - Kono Bakuretsu Musume to Icha Love o! (Doujinshi)""}, {""id"": ""5fd921c3-3dc5-481a-9746-c4ef4a8b6a0f"", ""relation"": ""doujinshi"", ""title"": ""Kono Subarashii Sekai ni Shukufuku wo! - Kono Sukebe na Bakuretsu Musume ni Tyoukyou wo! (Doujinshi)""}, {""id"": ""6200471d-c739-4d59-a704-46aa4228929a"", ""relation"": ""doujinshi"", ""title"": ""Kono Subarashii Sekai ni Shukufuku wo! - Kono Do-M Seikishi ni Marunomi Flag o! (Doujinshi)""}, {""id"": ""65702f0b-0aed-483f-9786-35310a115db1"", ""relation"": ""doujinshi"", ""title"": null}, {""id"": ""6771fa6c-3038-4dc6-aa49-0bbd02f05178"", ""relation"": ""doujinshi"", ""title"": ""Kono Subarashii Sekai ni Shukufuku wo! - Megumin to Shokushu ni Syukufuku o! (Doujinshi)""}, {""id"": ""69c32e83-bc57-4fd7-868d-b012886fa8b6"", ""relation"": ""doujinshi"", ""title"": ""Kono Subarashii Sekai ni Shukufuku wo! - Kono Isekai Shoujo to Renai wo!? (Doujinshi)""}, {""id"": ""6a539243-1b00-411a-a61f-da04d01a217b"", ""relation"": ""same_franchise"", ""title"": ""Kono Subarashii Sekai ni Bakuen Wo! Art Fan Book 2020 Spring""}, {""id"": ""6a9c055d-aa00-4121-8ae2-f4ea7d2e0850"", ""relation"": ""doujinshi"", ""title"": ""Kono Subarashii Sekai ni Shukufuku wo! - CHOYQUZU! (Doujinshi)""}, {""id"": ""6e15b61d-f63d-431f-afd1-bf99402b6c17"", ""relation"": ""doujinshi"", ""title"": ""Kono Subarashii Sekai ni Shukufuku wo! - Kono Subarashii Seiyoku ni Syukufuku o! (Doujinshi)""}, {""id"": ""6ea6156d-43a3-45fe-8d93-408b30a41f12"", ""relation"": ""doujinshi"", ""title"": ""Kono Subarashii Sekai ni Shukufuku wo! - Darkness-san ni Senaka o Nagashite morau Hon. (Doujinshi)""}, {""id"": ""6f6b33ab-1f0c-4e77-b946-f04ecdfaee0f"", ""relation"": ""doujinshi"", ""title"": ""Kono Subarashii Sekai ni Shukufuku wo! - Kono Subarashii Mahoutsukai ni Maryoku Hokyuu o! (Doujinshi)""}, {""id"": ""74127a02-5920-4125-b4a7-ec3ee3b8ee98"", ""relation"": ""doujinshi"", ""title"": ""Megumin Cosplayer to Off-Pako Gokko""}, {""id"": ""7708533d-cd44-4da7-8fe8-ffd3d02e3682"", ""relation"": ""doujinshi"", ""title"": ""Kono Subarashii Sekai ni Syukufuku o! - Sakusei Undead (Doujinshi)""}, {""id"": ""7bece90e-a164-4e77-9f51-52c30b5beaec"", ""relation"": ""doujinshi"", ""title"": ""Kono Subarashii Sekai ni Syukufuku o! - Kono Damegami ni Oshioki o (Doujinshi)""}, {""id"": ""7c42363e-6bb7-4674-b7f4-e3fb789fb7cd"", ""relation"": ""doujinshi"", ""title"": ""Kono Subarashii Sekai ni Shukufuku wo! - Kono Bakuretsudou ni Gohoubi o! (Doujinshi)""}, {""id"": ""7cf945be-d5f5-4d09-82c5-46f6f28302ec"", ""relation"": ""doujinshi"", ""title"": ""Kono Subarashii Sekai ni Shukufuku wo! - Konosuba #5 Meguming-ui Chaeg (Doujinshi)""}, {""id"": ""81fd4dfc-ef57-4ce5-bea2-d4046b85e281"", ""relation"": ""doujinshi"", ""title"": ""Kono Subarashii Sekai ni Shukufuku wo! - YomeSuba! (Doujinshi)""}, {""id"": ""83c0e794-7b5c-4f61-9386-2a6be0e7865d"", ""relation"": ""doujinshi"", ""title"": ""Kono Subarashii Sekai ni Shukufuku wo! - Kono Kairaku Ga Sugoi! (Doujinshi)""}, {""id"": ""83eb2a15-88bd-4a76-ad49-7e1be265162d"", ""relation"": ""doujinshi"", ""title"": ""Kono Subarashii Sekai ni Shukufuku wo! - Kono Bakuretsu Musume ni Ecstasy o! (Doujinshi)""}, {""id"": ""844a29c8-e3fc-4399-84f1-55cea3088bfc"", ""relation"": ""doujinshi"", ""title"": ""Kono Subarashii Sekai ni Shukufuku wo! - Valentine's Day 2024 (Doujinshi)""}, {""id"": ""84ec6569-a03a-4a40-b82f-d3732c363fe1"", ""relation"": ""doujinshi"", ""title"": ""Kono Subarashii Sekai ni Shukufuku wo! - A Day of KazuMegu (Doujinshi)""}, {""id"": ""853e3b4e-ca21-4412-8c47-12e89d82218b"", ""relation"": ""doujinshi"", ""title"": ""Kono Subarashii Sekai ni Syukufuku o! - Bakuretsu Musume o Kanojo ni Shitara Yaru Koto nante Kimatteru! (Doujinshi)""}, {""id"": ""85e3f91c-8a83-49e0-a0f4-ac0cf742efbc"", ""relation"": ""doujinshi"", ""title"": ""Kono Subarashii Sekai ni Shukufuku wo! - Mechashico! (Doujinshi)""}, {""id"": ""8741fa2e-34fd-496e-82c6-a25fe090b535"", ""relation"": ""doujinshi"", ""title"": ""Kono Subarashii Sekai ni Shukufuku wo! - EroCos Vol. 52 (Doujinshi)""}, {""id"": ""8c98a7b6-39ec-4334-b884-79dc96083990"", ""relation"": ""doujinshi"", ""title"": ""Kono Subarashii Sekai ni Shukufuku wo! - Kachou Nyuugetsu (Doujinshi)""}, {""id"": ""8d7a5754-f134-4274-9660-e551c33e2df1"", ""relation"": ""doujinshi"", ""title"": ""Kono Subarashii Sekai ni Shukufuku wo! - Kono Kuruizaku Junketsu Ni Indou Wo! (Doujinshi)""}, {""id"": ""8e5134a0-0456-4430-b8b8-f98459933a73"", ""relation"": ""doujinshi"", ""title"": ""Kono Subarashii Sekai ni Shukufuku wo! - Kouma Kesshouroku (Doujinshi)""}, {""id"": ""90043ed2-87d7-4a4c-b9a6-272445afe6af"", ""relation"": ""doujinshi"", ""title"": ""Kono Subarashii Sekai ni Shukufuku wo! - Modern Konosuba (Doujinshi)""}, {""id"": ""90e4ec47-264a-4a3c-9b60-a1ccfff44db8"", ""relation"": ""doujinshi"", ""title"": ""Kono Subarashii Sekai ni Shukufuku wo! - Chris Luck Overflow (Doujinshi)""}, {""id"": ""939de251-3c43-42fd-ac6b-5676b3328e9d"", ""relation"": ""spin_off"", ""title"": ""Kono Subarashii Sekai ni Bakuen wo!""}, {""id"": ""95c43d03-5552-49e1-915f-6cf7530176c7"", ""relation"": ""doujinshi"", ""title"": ""Kono Subarashii Sekai ni Shukufuku wo! - Explosions at Night! (Doujinshi)""}, {""id"": ""965da0d6-2d7c-4d72-b0ad-3d72ae71935f"", ""relation"": ""spin_off"", ""title"": ""Zoku, Kono Subarashii Sekai ni Bakuen wo!""}, {""id"": ""96e853af-0414-4f71-b14d-16e65ef30f01"", ""relation"": ""doujinshi"", ""title"": ""Kono Subarashii Sekai ni Shukufuku wo! - Haikei Onii-sama Yakusoku Owasure Naki You (Doujinshi)""}, {""id"": ""97bd0699-d9d0-4ef4-b502-bbdbfacdcb46"", ""relation"": ""doujinshi"", ""title"": ""Kono Subarashii Sekai ni Shukufuku wo! - Kouma Bakuretsu Yume (Doujinshi)""}, {""id"": ""980c85f4-8ae4-4f3c-a384-d664bf32e0b0"", ""relation"": ""doujinshi"", ""title"": ""Kono Subarashii Sekai ni Shukufuku wo! -  A Private Discussion with this Useless Maid! (Doujinshi)""}, {""id"": ""99ee0898-91b6-4940-a9b1-0d46e901f8d6"", ""relation"": ""doujinshi"", ""title"": ""Megumin ni Karei na Shasei o!""}, {""id"": ""a114bf7c-8d3f-4683-9eca-561f1a41f2ab"", ""relation"": ""doujinshi"", ""title"": ""Kono Subarashii Sekai ni Shukufuku wo! - Hyaku Percent Osake no Sei (Doujinshi)""}, {""id"": ""a73b6bee-9b4e-4354-8f3a-753607d48c3a"", ""relation"": ""doujinshi"", ""title"": ""Kono Subarashii Sekai ni Shukufuku wo! - Sassato yare kono kuso NEET (Doujinshi)""}, {""id"": ""a947706c-82a6-45a0-901c-6385089564ed"", ""relation"": ""doujinshi"", ""title"": ""Kono Subarashii Sekai ni Shukufuku wo! - Kono Kawairashii Hinnyu ni Kyuusai o! (Doujinshi)""}, {""id"": ""ab1ee2dc-0a6a-4b62-ad30-78cdff800b41"", ""relation"": ""doujinshi"", ""title"": ""Kono Subarashii Sekai ni Shukufuku wo! - Kono Zannen Sugiru Megami ni Seisai o! (Doujinshi)""}, {""id"": ""ac2ff6ad-b9e7-4e32-89f3-1cd1ff8ba5a2"", ""relation"": ""doujinshi"", ""title"": ""Kono Subarashii Sekai ni Shukufuku wo! - Zettai Sekinin Torinasai yo ne (Doujinshi)""}, {""id"": ""ad490b9a-6243-4cf8-80e8-5c67f3324018"", ""relation"": ""doujinshi"", ""title"": ""Kono Subarashii Sekai ni Shukufuku wo! - CHOYGEDO! (Doujinshi)""}, {""id"": ""af468653-30ee-478d-aa45-04ac4a16fa56"", ""relation"": ""doujinshi"", ""title"": ""Kono Subarashii Sekai ni Syukufuku o! - The More We Fight, The Better We Get Along (Doujinshi)""}, {""id"": ""b0cf4a5a-8cd1-49ad-921e-699994cad456"", ""relation"": ""doujinshi"", ""title"": ""Kono Subarashii Sekai ni Shukufuku wo! - Kono Bakuretsu Musume ni Motto Ecstasy o!! (Doujinshi)""}, {""id"": ""b11f5afb-b2cd-4f42-b015-89daa75b3f1d"", ""relation"": ""side_story"", ""title"": ""Kono Subarashii Sekai ni Shukufuku wo! Spin-off: Kono Kamen no Akuma ni Soudan wo!""}, {""id"": ""b3caf81d-1fc2-437b-8e9e-f824766652e1"", ""relation"": ""doujinshi"", ""title"": ""Kono Subarashii Sekai ni Shukufuku wo! - Kono Subarashii Inmu ni Syukufuku o! (Doujinshi)""}, {""id"": ""b5edf70c-15a3-47be-8ea4-fe829c91b038"", ""relation"": ""doujinshi"", ""title"": ""Kono Subarashii Sekai ni Shukufuku wo! - Kotoba ya Moji o Tsukawanakute mo Kokoro ga Tsuujiau Koto tte Nandakke? (Doujinshi)""}, {""id"": ""b80e6e0c-582f-42d3-8ab8-14044ac202e6"", ""relation"": ""doujinshi"", ""title"": ""Kono Subarashii Sekai ni Shukufuku wo! - Kono Daraku Shita Onna Kishi ni Shukufuku wo! (Doujinshi)""}, {""id"": ""c22bfb83-81df-45d7-a55f-3f79594d8dbd"", ""relation"": ""doujinshi"", ""title"": ""Kono Subarashii Sekai ni Shukufuku wo! - Lolikko Megumin o Kouryaku Seyo! (Doujinshi)""}, {""id"": ""c36c9ef8-0868-4f42-808d-811bd834455a"", ""relation"": ""doujinshi"", ""title"": ""Kono Subarashii Sekai ni Syukufuku o! - TRNS-04-KonoSuba (Doujinshi)""}, {""id"": ""c546300c-1bdb-4ed6-a451-1af1f77ec321"", ""relation"": ""doujinshi"", ""title"": ""Kono Subarashii Sekai ni Shukufuku wo! - Aah Aqua-sama! (Doujinshi)""}, {""id"": ""c733e0ab-485b-45a2-9575-f9982d54f729"", ""relation"": ""doujinshi"", ""title"": ""Kono Subarashii Sekai ni Shukufuku wo! - KazuMegu's Tanabata""}, {""id"": ""cced1d08-17a4-42cf-873d-efa794aff269"", ""relation"": ""doujinshi"", ""title"": ""Kono Subarashii Sekai ni Shukufuku wo! - Suyasuya Megumin ni Dufufufufu WW (Doujinshi)""}, {""id"": ""ce18ebfd-e227-4fbe-a16a-e9bad1b77e44"", ""relation"": ""doujinshi"", ""title"": ""Kono Subarashii Sekai ni Shukufuku wo! - Kono Azen na Kazuma ni Shojo o! (Doujinshi)""}, {""id"": ""d1c92d9d-bc43-4895-bc24-dae9c63fb183"", ""relation"": ""doujinshi"", ""title"": ""Kono Subarashii Sekai ni Shukufuku wo! - Trouble Darkness (Doujinshi)""}, {""id"": ""d414a39d-d525-456e-be84-17b1d8cbb5fe"", ""relation"": ""side_story"", ""title"": ""Kono Subarashii Sekai ni Shukufuku o! Fantastic Days!""}, {""id"": ""d6005e60-fbe1-4504-bf98-62c1b3526c84"", ""relation"": ""doujinshi"", ""title"": ""Kono Subarashii Sekai ni Shukufuku wo! - Mayonaka ni Me ga Samete… (Doujinshi)""}, {""id"": ""d61313dc-a436-4c46-a580-94c622f806a2"", ""relation"": ""doujinshi"", ""title"": ""Kono Subarashii Sekai ni Shukufuku wo! - Chou Nankan!? ♥×30 Quest! (Doujinshi)""}, {""id"": ""d8ae6086-a47b-4308-9cd3-33cf7b14efab"", ""relation"": ""doujinshi"", ""title"": ""Kono Subarashii Sekai ni Shukufuku wo! - Kono Darashinai Tarechichi ni Ryoujoku o! (Doujinshi)""}, {""id"": ""da888059-da7f-4c4d-b669-12c38b40cb48"", ""relation"": ""doujinshi"", ""title"": ""Kono Subarashii Sekai ni Shukufuku wo! - Trouble Darkness Kachoufuugetsu (Doujinshi)""}, {""id"": ""daeb959d-134e-4122-a882-89ca6ebaa554"", ""relation"": ""doujinshi"", ""title"": ""Kono Subarashii Sekai ni Shukufuku wo! - Kono Kawaisou na Crusader ni Kyuusai o! (Doujinshi)""}, {""id"": ""e0aa1745-8d1b-4e31-a192-eb2abd13ea91"", ""relation"": ""doujinshi"", ""title"": ""Kono Subarashii Sekai ni Shukufuku wo! - Bakuretsu Shiki Energy Drain (Doujinshi)""}, {""id"": ""e2b5a24e-adda-44d1-96dd-c15556f93d79"", ""relation"": ""doujinshi"", ""title"": ""Kono Subarashii Sekai ni Shukufuku wo! - Kono Tsukaenai Sannin ni Shukufuku o! (Doujinshi)""}, {""id"": ""e6289f57-8b0a-4353-b39e-5ce787dcfd7c"", ""relation"": ""doujinshi"", ""title"": ""Konosuba 4-koma""}, {""id"": ""e8d724f2-5b9a-4b53-ae15-97be2b2fd011"", ""relation"": ""doujinshi"", ""title"": ""Kono Subarashii Sekai ni Shukufuku wo! - Kono Binbou na Tenshu ni Seifuku o! (Doujinshi)""}, {""id"": ""ecbd2eae-6371-4131-9072-1f2a2399b09e"", ""relation"": ""doujinshi"", ""title"": ""Kono Subarashii Sekai ni Shukufuku wo! - Kono Suba Kan (Doujinshi)""}, {""id"": ""f199df9e-8e68-4851-b28b-20d400825a2f"", ""relation"": ""doujinshi"", ""title"": ""Kono Subarashii Sekai ni Shukufuku wo! - Meguicha (Doujinshi)""}, {""id"": ""fa187e59-ed1d-49f4-a39b-eb231618a2cd"", ""relation"": ""doujinshi"", ""title"": ""Kono Subarashii Sekai ni Shukufuku wo! - Chris o Musaboru (Doujinshi)""}]"
692,f0aa2ca6-8985-4b6f-beda-f7fa1956422e,Saijaku Tamer wa Gomi Hiroi no Tabi wo Hajimemashita. @COMIC,The Weakest Tamer Began a Journey to Pick up Trash,Honobonoru500,Tou Fukino,Reincarnation; Monsters; Survival; Adventure; Magic; Isekai; Drama; Fantasy; Adaptation,shounen,ongoing,2020.0,safe,ja,60592,9.0111,8.990359434782203,275,0,[]
693,256cfa77-3698-4f5b-8ff0-5eb39cd6bd6c,Life of Pyonko,Life of Pyonko,NeitheYAGI,NeitheYAGI,Comedy; Self-Published; Fantasy; Monster Girls; Web Comic; Slice of Life; Cooking; Supernatural,,ongoing,2024.0,safe,en,3837,9.2277,8.989025022369994,11,3,"[{""id"": ""6a8a10f6-b56e-47b4-8a36-951bec3900f0"", ""relation"": ""shared_universe"", ""title"": ""My New Girlfriend Is Not Human?""}, {""id"": ""ba374563-1fff-49dd-80b3-24904d1922ce"", ""relation"": ""shared_universe"", ""title"": ""The Unseen World""}, {""id"": ""d7e6e960-35aa-4748-9d0a-249c552ed505"", ""relation"": ""shared_universe"", ""title"": ""This Bug Won't Leave Me Alone!""}]"
694,5b67448e-ddf3-49d2-9701-c1edd8f0e7ee,Bungou Stray Dogs: Dead Apple,Bungou Stray Dogs: Dead Apple,Asagiri Kafka; Ganjii,Ganjii,Action; Drama; Supernatural; Mystery,seinen,completed,2018.0,safe,ja,2912,9.4225,8.988178569124395,3,2,"[{""id"": ""3fba42cf-2ad6-4c30-a7ab-46cb8149208a"", ""relation"": ""main_story"", ""title"": ""Bungou Stray Dogs""}, {""id"": ""569963c5-6b0b-4f92-b561-e1304b78b0dc"", ""relation"": ""alternate_story"", ""title"": ""Bungou Stray Dogs: Wan!""}]"
695,3e7d016d-43c8-4270-b83e-cbbe9d890505,Disney Twisted Wonderland: The Comic—Episode of Savanaclaw,Disney Twisted Wonderland: The Comic—Episode of Savanaclaw,Oda Suzuka,Oda Suzuka,Action; Magic; Fantasy; Adaptation,,completed,2022.0,safe,ja,2165,9.4308,8.98802341506329,5,4,"[{""id"": ""356562c0-62f5-4aaa-8cea-4fe7a28f4bc7"", ""relation"": ""prequel"", ""title"": ""Disney Twisted Wonderland: The Comic—Episode of Heartslabyul""}, {""id"": ""4aeedd65-d29d-4c77-a090-ef33830b14af"", ""relation"": ""side_story"", ""title"": ""Twst 4koma""}, {""id"": ""689eba6d-10b0-4057-bcff-d2df9ab7765a"", ""relation"": ""sequel"", ""title"": ""Disney Twisted Wonderland: The Comic—Episode of Scarabia""}, {""id"": ""767b0346-b8be-42d8-99a0-62c3590138fa"", ""relation"": ""sequel"", ""title"": ""Disney Twisted Wonderland: The Comic—Episode of Octavinelle""}]"
696,7cd3ca23-2d70-4c03-99f0-b1ee848c4dc4,Ninkyou Tensei: Isekai no Yakuza Hime,Yakuza Reincarnation,Takeshi Natsuhara,Miyashita Hiroki,Reincarnation; Genderswap; Monsters; Action; Demons; Comedy; Martial Arts; Mafia; Adventure; Magic; Isekai; Gore; Drama; Fantasy; Supernatural,seinen,ongoing,2019.0,safe,ja,83918,9.0019,8.987717994798682,516,0,[]
697,a2ab72e3-4daa-4280-b5f9-e7820980462d,The Pizza Delivery Man and the Gold Palace,The Pizza Delivery Man and the Gold Palace,Upi (어피),Upi (어피),Long Strip; Romance; Boys' Love; Drama; Web Comic; Full Color,,ongoing,2022.0,erotica,ko,2513,9.3333,8.987692272510426,3,0,[]
698,c4b36f15-4ee5-425f-a77d-c2e7cbb970d8,Nippon Sangoku,NIPPON SANGOKU: The Three Nations of the Crimson Sun,Matsuki Ikka,Matsuki Ikka,Action; Psychological; Post-Apocalyptic; Military; Gore; Drama; Tragedy,seinen,ongoing,2021.0,safe,ja,3873,9.3344,8.987664980097076,4,0,[]
699,a781de8e-0935-45bd-bc33-cbc76ea8c6f9,Ore ga Watashi ni Naru made,Until I (M) Become Me (F),Satou Hatsuki,Satou Hatsuki,Genderswap; Drama; School Life; Slice of Life,seinen,ongoing,2019.0,suggestive,ja,22186,9.0279,8.987189079954936,186,0,[]
700,eb0494de-3b43-4d52-a808-63429c4a4239,Ako to Bambi,Ako and Bambi,HERO,HERO,Ghosts; Romance; Drama; School Life; Web Comic; Slice of Life; Supernatural; Mystery,shounen,completed,2020.0,safe,ja,8772,9.1195,8.987088264854565,95,0,[]
701,4265c437-7d57-4d31-9b1d-0e574a07b7b7,Bakemonogatari,Monster Tale,NISIOISIN,Oogure Ito (Oh!great),Loli; Monsters; Action; Romance; Comedy; Magic; Harem; Gore; Drama; School Life; Vampires; Monster Girls; Supernatural; Mystery; Adaptation,shounen,completed,2018.0,suggestive,ja,22304,9.0579,8.9867197564234,198,47,"[{""id"": ""08a00f53-59f2-411e-ab7e-c8e3a8947f0c"", ""relation"": ""doujinshi"", ""title"": ""Bakemonogatari - Loli Quartet (Doujinshi)""}, {""id"": ""0dc8f7a5-6055-4ad7-856b-556c8e8c4ca2"", ""relation"": ""doujinshi"", ""title"": ""Bakemonogatari - CHAOS PANIC (Doujinshi)""}, {""id"": ""184cefbb-633f-4739-9ea7-1a4a760b216d"", ""relation"": ""doujinshi"", ""title"": ""Bakemonogatari - Hanekawa Tsubasa wa Kizutsukanai (Doujinshi)""}, {""id"": ""1caa2ff8-cb99-4fdc-a56d-f0b070eb7192"", ""relation"": ""doujinshi"", ""title"": ""Bakemonogatari - Firing Trap (Doujinshi)""}, {""id"": ""230170ff-6e13-44b7-a160-8d7f40163b28"", ""relation"": ""doujinshi"", ""title"": ""Bakemonogatari - Shinobu x Play (Doujinshi)""}, {""id"": ""244e1aad-b3af-47b0-a31b-9dd272db77b1"", ""relation"": ""doujinshi"", ""title"": ""Bakemonogatari - Shinobu, Time Out! (Doujinshi)""}, {""id"": ""2dc66836-79f7-4c83-b453-f0563a8e72df"", ""relation"": ""doujinshi"", ""title"": ""Bakemonogatari - Araragi-kun wa Yokkyuufuman (Doujinshi)""}, {""id"": ""30ab1480-90a8-425c-a80e-7ff63eaadc74"", ""relation"": ""doujinshi"", ""title"": ""Bakemonogatari - Suruga Drive (Doujinshi)""}, {""id"": ""35efa922-c3e3-45ed-8e90-bf39a09e34c6"", ""relation"": ""doujinshi"", ""title"": ""Bakemonogatari - Kuragari Melt (Doujinshi)""}, {""id"": ""44d23012-5e33-4afa-b1e0-4306f437ba22"", ""relation"": ""doujinshi"", ""title"": ""Bakemonogatari - Chichimonogatari (Doujinshi)""}, {""id"": ""45c9c8e0-9392-43ba-9367-ebcd0cbd0d1c"", ""relation"": ""doujinshi"", ""title"": ""Bakemonogatari - PLUNDER (Doujinshi)""}, {""id"": ""464f52ee-e813-4dea-98d8-8c10ffb4917e"", ""relation"": ""doujinshi"", ""title"": ""Bakemonogatari - Hitagi Vamps (Doujinshi)""}, {""id"": ""4ecc20db-422e-4265-8147-a6d9da5e7038"", ""relation"": ""doujinshi"", ""title"": ""Bakemonogatari - Koyomi Ero Gatari (Doujinshi)""}, {""id"": ""5a94a0fa-0854-4559-adf8-7b1eb4960c83"", ""relation"": ""doujinshi"", ""title"": ""Bakemonogatari - Pachimonogatari (Doujinshi)""}, {""id"": ""63b17f77-4d9a-4aac-91be-7dcd69eeaea8"", ""relation"": ""doujinshi"", ""title"": ""Bakemonogatari - Nadeko x Drug (Doujinshi)""}, {""id"": ""65d238ac-15fd-4860-938b-4184b8927b37"", ""relation"": ""doujinshi"", ""title"": ""Bakemonogatari - Hitagi Frog (Doujinshi)""}, {""id"": ""6f1a29e3-a745-4c1f-ad95-3b5bc0a97a21"", ""relation"": ""doujinshi"", ""title"": ""Bakemonogatari - ANOOSK (Doujinshi)""}, {""id"": ""7a646c96-750e-4ea8-aedd-38c0c3f39c67"", ""relation"": ""doujinshi"", ""title"": ""Bakemonogatari - Love Love Crab (Doujinshi)""}, {""id"": ""7ad2ebbe-6a8b-4b57-a85a-42a438f9ba5b"", ""relation"": ""doujinshi"", ""title"": ""Bakemonogatari - Tanemonogatari (Doujinshi)""}, {""id"": ""7e7b22af-58bd-4fbd-bc78-b00f87f5b54d"", ""relation"": ""doujinshi"", ""title"": ""Bakemonogatari - Koyomi Sandwich! (Doujinshi)""}, {""id"": ""88c440e7-9129-4de3-9abd-861289e80566"", ""relation"": ""doujinshi"", ""title"": ""Bakemonogatari - Tamakimonogatari (Doujinshi)""}, {""id"": ""8b550f0d-b1fc-4c71-b389-1bb6f754c04d"", ""relation"": ""doujinshi"", ""title"": ""Bakemonogatari - Surugaboa (Doujinshi)""}, {""id"": ""8dc4df42-9380-4057-a733-f5825a275828"", ""relation"": ""doujinshi"", ""title"": ""Bakemonogatari - Bakenekogatari (Doujinshi)""}, {""id"": ""92ff38cf-21f7-4581-8871-b020f029c881"", ""relation"": ""doujinshi"", ""title"": ""Bakemonogatari - Once & For All (Doujinshi)""}, {""id"": ""9bed8341-5efd-44f9-9ed4-296b3cb6eb06"", ""relation"": ""doujinshi"", ""title"": ""Bakemonogatari - Valhallagatari (Doujinshi)""}, {""id"": ""a1e8f5ac-d427-48ad-a2db-e5684bbeb8ea"", ""relation"": ""doujinshi"", ""title"": ""Bakemonogatari - Hame x Sis (Doujinshi)""}, {""id"": ""a4d2af70-f1cd-454c-a0e2-1ecfce7933bc"", ""relation"": ""doujinshi"", ""title"": ""Bakemonogatari - Rouka no Musume (Doujinshi) (Fan Colored)""}, {""id"": ""b11a7b74-3f6e-436d-969e-8caf58a558bb"", ""relation"": ""doujinshi"", ""title"": ""Bakemonogatari - Bakemonogatari Fanfic (Doujinshi)""}, {""id"": ""b67f0199-958a-4cfa-878c-a3f45227591c"", ""relation"": ""doujinshi"", ""title"": ""Bakemonogatari - KISS x SHOT (Doujinshi)""}, {""id"": ""b8b8d56e-7c6e-4239-a82d-69cc949c7a77"", ""relation"": ""doujinshi"", ""title"": ""Bakemonogatari - Feline Fun (Doujinshi)""}, {""id"": ""bb7ac987-fbe7-4286-8a04-53d21225b0f8"", ""relation"": ""doujinshi"", ""title"": ""Bakemonogatari - Kimi ga Shiranai Monogatari (Doujinshi)""}, {""id"": ""be7ac2bb-cbec-4d7a-b118-c2d9b291d168"", ""relation"": ""doujinshi"", ""title"": ""Bakemonogatari - A Fake Story (Doujinshi)""}, {""id"": ""bfa04d18-07ad-43d3-8b24-153f4f096b07"", ""relation"": ""doujinshi"", ""title"": ""Bakemonogatari - Netoraregatari (Doujinshi)""}, {""id"": ""c7de7602-1423-411c-b4c5-122e564f54f8"", ""relation"": ""doujinshi"", ""title"": ""Bakemonogatari - Onegai! FireSisters★ -Soushuuhen- (Doujinshi)""}, {""id"": ""caa15e26-2a41-4951-887e-ea790e629b03"", ""relation"": ""doujinshi"", ""title"": ""Bakemonogatari - Panaino! (Doujinshi)""}, {""id"": ""dfa027ca-2836-494b-8866-c3bbef8c3e85"", ""relation"": ""doujinshi"", ""title"": ""Bakemonogatari - Extenstory (Doujinshi)""}, {""id"": ""e4ac8d44-1fa8-4009-80d8-ab70f635bd42"", ""relation"": ""doujinshi"", ""title"": ""Bakemonogatari - Tsubasa X Fuck (Doujinshi)""}, {""id"": ""e50d6fa8-005f-459b-94d2-f5c14fb64d84"", ""relation"": ""doujinshi"", ""title"": ""Bakemonogatari - Karen Erect (Doujinshi)""}, {""id"": ""e94862e0-46ee-4e82-aa30-1baf941fbbdf"", ""relation"": ""doujinshi"", ""title"": ""Bakemonogatari - Netoraregatari Kan (Doujinshi)""}, {""id"": ""e96485bd-ccc3-47f8-a0d7-55158ce23373"", ""relation"": ""doujinshi"", ""title"": ""Bakemonogatari - Bakeonigatari (Doujinshi)""}, {""id"": ""ea2bc42d-38b6-4f2c-8972-71d5d8e490f9"", ""relation"": ""doujinshi"", ""title"": ""Bakemonogatari - LoliTrioH (Doujinshi)""}, {""id"": ""eb64bc19-2c77-40ba-8d44-78530919848e"", ""relation"": ""doujinshi"", ""title"": ""Bakemonogatari - FULLCOLORS (Doujinshi)""}, {""id"": ""f1112bf2-a032-4d0c-8f5e-d28b786381f0"", ""relation"": ""doujinshi"", ""title"": ""Bakemonogatari - Rouka no Musume (Doujinshi)""}, {""id"": ""f85f2490-c56a-4974-a134-03c917768fee"", ""relation"": ""doujinshi"", ""title"": ""Bakemonogatari - Hitagi Family (Doujinshi)""}, {""id"": ""fb435a1d-6fb8-4208-83e1-7148a9c40b92"", ""relation"": ""doujinshi"", ""title"": ""Bakemonogatari - Oniichan wa Imouto ni Yokujou Shitari Shinaiyone (Doujinshi)""}, {""id"": ""fb93024f-85cb-40e7-bd6a-f1abb764e187"", ""relation"": ""doujinshi"", ""title"": ""Bakemonogatari - Hanekawa WHITE (Doujinshi)""}, {""id"": ""ff7ee6e0-7a2f-4c98-ad6d-6074fa1fe939"", ""relation"": ""doujinshi"", ""title"": ""Bakemonogatari - Hanekawa BLACK (Doujinshi)""}]"
702,469b4919-e422-415c-bd44-18fcb0d4687b,Tsuki wa Hitsuji wo Kazoenai,The Moon Does Not Count Sheep,Sakuragi Ren,Sakuragi Ren,Romance; Comedy; Magic; Girls' Love; Isekai; Fantasy,seinen,completed,2025.0,safe,ja,16557,9.0621,8.986606746209736,20,0,[]
703,84592055-1c4a-4887-83e5-3e6b95a62438,Usotoki Rhetoric,Usotoki Rhetoric,Miyako Ritsu,Miyako Ritsu,Historical; Romance; Mystery,shoujo,completed,2012.0,safe,ja,7492,9.0886,8.985508923351558,70,0,[]
704,5c0c432b-9d71-47aa-8534-f26149b967e0,Anata Mitai ni,Like You,Yuni (ユニ),Yuni (ユニ),Romance; Office Workers; Girls' Love; Drama,,ongoing,2024.0,suggestive,ja,20651,9.0467,8.985337170358934,33,0,[]
705,7f7678c7-0d32-4d36-a99a-1bfe32483584,Dai Akutou Shonen,Supervillain Boy,Fujichika Koume,Fujichika Koume,Thriller; Action; Superhero,shounen,ongoing,2024.0,safe,ja,11471,9.089,8.984478906075157,25,1,"[{""id"": ""e2bfc27d-2480-4a0a-89f7-e62c3344620b"", ""relation"": ""side_story"", ""title"": ""Daiakutou Shonen - Twitter Gaiden""}]"
706,1581f543-3d94-4749-bd77-045d03e7c05a,"Eris no Seihai ~Konyaku Haki Sareta Reijou wa, Kidai no Akujo ni Tasukerareta Daisho Toshite Fukushuu ni Tsuki Awasaremasu~",The Holy Grail of Eris,Tokiwa Kujira,Momoyama Hinase,Time Travel; Ghosts; Romance; Drama; Fantasy; Villainess; Supernatural; Mystery; Adaptation,,ongoing,2019.0,safe,ja,37675,9.0242,8.984465315749327,266,0,[]
707,bd413470-2326-4da7-87c7-729675be0f18,Melancholia,Melancholia,Dowman Sayman,Dowman Sayman,Sci-Fi; Time Travel; Genderswap; Historical; Psychological; Romance; Comedy; Anthology; Superhero; Adventure; Drama; School Life; Fantasy; Vampires; Slice of Life; Aliens; Supernatural; Mystery,seinen,completed,2017.0,suggestive,ja,6607,9.0459,8.9842132027175,94,3,"[{""id"": ""3dff8c44-40ea-4a3b-bf6f-4eac9070c678"", ""relation"": ""shared_universe"", ""title"": ""Oddman 11""}, {""id"": ""a64dd18b-2760-4a47-83a3-38119264fa1e"", ""relation"": ""shared_universe"", ""title"": ""Nickelodeon""}, {""id"": ""f75812e9-27bb-44d5-9cb1-25de07ceb326"", ""relation"": ""shared_universe"", ""title"": ""Voynich Hotel""}]"
708,4106c8cb-7917-41c5-bd55-072f6687076d,Agnyeo ga Saranghal Ttae,When the Villainess Is in Love,Seo Gwijo (서귀조); Redgu (붉구); Heejuk (HJ),DCBO (CDBO),Reincarnation; Long Strip; Romance; Comedy; Reverse Harem; Isekai; Drama; Villainess; Web Comic; Adaptation; Full Color,,completed,2020.0,safe,ko,64221,9.0042,8.983876935424705,831,0,[]
709,1d1fcc62-4e60-414c-a289-42acff7976ef,"Belle Poupée no Supadari Kon'yaku: ""Konomi ja Nai"" to Iwareta Ningyou Hime, Gaman o Yametara Ouji ga Deredere ni Natta. Jitsu ni Ui!",The Princess Groom,Asagiri Asaki,Saiki Kei,Romance; Magic; Drama; Fantasy; Adaptation,josei,ongoing,2024.0,safe,ja,11625,9.1231,8.98315661894433,21,0,[]
710,101b9672-f73f-41f5-8de1-97ef1a732de1,Saint Seiya: The Lost Canvas,Saint Seiya: The Lost Canvas,Kurumada Masami; Teshirogi Shiori,Teshirogi Shiori,Action; Martial Arts; Fantasy; Supernatural,shounen,completed,2006.0,safe,ja,2112,9.2877,8.982630210356431,4,4,"[{""id"": ""67bc662a-dba4-4616-9da0-fa0e18e87383"", ""relation"": ""sequel"", ""title"": ""Saint Seiya Kanzenban""}, {""id"": ""c16ffa9f-2b24-4e59-8d47-ee149a08e9cb"", ""relation"": ""prequel"", ""title"": ""Saint Seiya: The Lost Canvas Gaiden""}, {""id"": ""cab91d47-c2d0-46d4-ba81-51dd530b13d1"", ""relation"": ""alternate_story"", ""title"": ""Saint Seiya: Next Dimension""}, {""id"": ""cb43467f-8e3a-4e7f-9af9-7e48c1d6d0dc"", ""relation"": ""sequel"", ""title"": ""Setoshi Seya""}]"
711,ef4b0094-cc78-489f-978e-d56e0ff28347,Otome Kaijuu Caraméliser,Kaiju Girl Caramelise,Aoki Spika,Aoki Spika,Romance; Comedy; School Life; Supernatural,seinen,ongoing,2018.0,safe,ja,29669,9.0337,8.98234074074823,193,0,[]
712,ed6abdb4-3363-4872-af32-50743007c9f3,Like The Beast,Like The Beast,Yamamoto Kotetsuko,Yamamoto Kotetsuko,Action; Romance; Comedy; Boys' Love; Mafia; Drama; Police; Slice of Life,,ongoing,2008.0,erotica,ja,5069,9.1565,8.982316402180334,19,1,"[{""id"": ""db977ff7-f5da-4446-8876-09cb713f88fd"", ""relation"": ""side_story"", ""title"": ""Honto Yajuu / Sukitte Iwasete? Crossover""}]"
713,85b3c17d-68fb-4c70-8641-0ced19ca9006,Oblivion Battery,Oblivion Battery,Mikawa Eko,Mikawa Eko,Sports; Slice of Life,shounen,ongoing,2018.0,safe,ja,3168,9.3643,8.981949081103231,20,0,[]
714,707133cd-d9c2-4c83-8398-55bfdda7da14,Blue Archive - Kankan's Blue Archive Logs (Doujinshi),Blue Archive - Kankan's Blue Archive Logs (Doujinshi),ポテトルス,ポテトルス,Action; Comedy; Doujinshi; School Life; Web Comic,,ongoing,,safe,ja,1550,9.4632,8.981717702576427,4,0,[]
715,ade0306c-f4b6-4890-9edb-1ddf04df2039,Na Honjaman Level Up: Ragnarok,Solo Leveling: Ragnarok,DAUL (다울),REDICE Studio (레드아이스 스튜디오),Action; Long Strip; Adventure; Fantasy; Full Color,,hiatus,2024.0,safe,ko,47798,9.0099,8.981602923855089,60,5,"[{""id"": ""0e88ed2f-5a70-454c-b189-a115700e7a4f"", ""relation"": ""doujinshi"", ""title"": ""Solo Leveling - Solo Leveling: Chae Hae-In (Doujinshi)""}, {""id"": ""32d76d19-8a05-4db0-9fc2-e0b0648fe9d0"", ""relation"": ""prequel"", ""title"": ""Na Honjaman Level-Up""}, {""id"": ""685383ff-58e1-4739-873e-dfddaa87a7dd"", ""relation"": ""doujinshi"", ""title"": ""Solo Leveling - The revenge of sung jin-woo (Doujinshi)""}, {""id"": ""d6c1f26b-095a-411e-ae8f-faca5c39538a"", ""relation"": ""prequel"", ""title"": ""Solo Leveling (Book Version)""}, {""id"": ""f2c9a1fa-790d-4582-b141-3fabac41485a"", ""relation"": ""doujinshi"", ""title"": ""Solo Leveling - sung jin-woo!   Linear (Doujinshi)""}]"
716,857383f5-4c79-4835-b6ad-86b2baeece08,Blue Sky Complex,Blue Sky Complex,Ichikawa Kei,Ichikawa Kei,Romance; Boys' Love; Drama; School Life; Slice of Life,,ongoing,2013.0,erotica,ja,7041,9.1135,8.980763331584216,30,1,"[{""id"": ""aa416bc9-d406-46d2-a44d-d5a91103cffc"", ""relation"": ""doujinshi"", ""title"": ""Blue Sky Complex - Indigo Blue no Gradation (Doujinshi)""}]"
717,bf494fae-d214-4b5a-8960-8e028ee00204,Basara,Basara,Tamura Yumi,Tamura Yumi,Award Winning; Romance; Survival; Adventure; Post-Apocalyptic; Sexual Violence; Military; Gore; Drama; Fantasy; Tragedy,shoujo,completed,1991.0,suggestive,ja,2826,9.4015,8.980705644250182,11,0,[]
718,fa0fb27a-d1db-4826-b400-fa3375468353,Re:Zero kara Hajimeru Isekai Seikatsu: Dai 5-shou—Mizu no Miyako to Eiyuu no Uta,"Re:ZERO -Starting Life in Another World-, Chapter 5: The City of Water and the Hero’s Poem",Nagatsuki Tappei,Takase Wakaya,Thriller; Time Travel; Monsters; Action; Psychological; Romance; Survival; Adventure; Magic; Isekai; Gore; Drama; Horror; Fantasy; Supernatural; Mystery; Adaptation; Tragedy,seinen,ongoing,2024.0,safe,ja,3578,9.4109,8.980405699215755,11,4,"[{""id"": ""40531354-ee23-4235-84bd-7df34df68648"", ""relation"": ""doujinshi"", ""title"": ""Re:Zero kara Hajimeru Isekai Seikatsu - Youjo Rem-rin to Issho (Doujinshi)""}, {""id"": ""8211bac6-a392-4e37-b3b6-dac0f4512d24"", ""relation"": ""prequel"", ""title"": ""Re:Zero kara Hajimeru Isekai Seikatsu: Dai 4-shou—Seiiki to Gouyoku no Majo""}, {""id"": ""f3952b29-b65f-40ab-b493-c640e674a721"", ""relation"": ""spin_off"", ""title"": ""Betty wa Itazura ga Suki""}, {""id"": ""f5e5b74b-bcab-4a3a-aceb-0dfd63c35d99"", ""relation"": ""doujinshi"", ""title"": ""Re:Zero Kara Hajimeru Isekai Seikatsu - Natsuki Subaru to Beatrice no Fukuonsho (Doujinshi)""}]"
719,356de811-ae92-48f1-b93b-cfdf0f8d02e4,Kakunaru Ue wa,Now That We Draw,Takahata Kyuu,Kaba Yuuji,Romance; Comedy; Drama; School Life; Slice of Life; Gyaru,seinen,ongoing,2023.0,suggestive,ja,67085,8.9987,8.98018849262347,63,0,[]
720,32505911-558f-4ce0-9eed-0b4538f29efc,Dragon no I de Oyasumi,Days Off in the Dragon's Stomach,Oohashi Yuu,Nishimura Ryuu,Monsters; Action; Comedy; Survival; Adventure; Magic; Military; Gore; Fantasy; Monster Girls; Slice of Life,seinen,ongoing,2026.0,suggestive,ja,34919,9.0205,8.979144069335431,28,0,[]
721,ebf07f03-6e24-4415-8920-04198582b2f4,Rinjin-chan ga Shinpai,Rinjin-chan ga Shinpai,Fuyujima Kure,Fuyujima Kure,Monsters; Office Workers; Magic; 4-Koma; Fantasy; Monster Girls; Slice of Life; Supernatural,,completed,2020.0,safe,ja,12826,9.0751,8.978347614381066,55,0,[]
722,6d64a02b-b065-4d03-978f-0cddc3d83681,Blue Archive - Kyorikan Bug no Usagi (Doujinshi),Blue Archive - Kyorikan Bug no Usagi (Doujinshi),Ichimi-Zanmai (Circle); 13 (Ichimi),Ichimi-Zanmai (Circle); 13 (Ichimi),Oneshot; Romance; Comedy; Doujinshi,,completed,2023.0,safe,ja,1532,9.2376,8.977281135864944,0,1,"[{""id"": ""1f63ea84-6bc6-4312-81bf-b28d5592d802"", ""relation"": ""based_on"", ""title"": ""Blue Archive! (Japan)""}]"
723,0c226e3a-63d9-4fdc-b270-dfd5b60319c4,Touhou - Chirei de (Doujinshi),Touhou - Chirei de (Doujinshi),Karaage Tarou; Karaages Shop (Circle),Karaage Tarou; Karaages Shop (Circle),Psychological; Comedy; Doujinshi; Drama; Fantasy; Slice of Life; Supernatural; Full Color; Tragedy,,completed,2010.0,safe,ja,497,9.5327,8.9768698800933,6,0,[]
724,00211076-e660-4f86-95b8-959fa3b051bc,Sono atono Succubus-san,A Succubus and Thereafter,Agasa Reiji,Agasa Reiji,Oneshot; Romance; Sexual Violence; Drama; Monster Girls; Supernatural,shounen,completed,2021.0,suggestive,ja,7095,9.0415,8.976011241509587,5,1,"[{""id"": ""2d0fe163-c669-4a38-b33a-bfbc452d91ea"", ""relation"": ""shared_universe"", ""title"": ""Siren wa Kimi ni Utawanai""}]"
725,cdc23e4d-fe8e-4031-a804-eb06ea0748dc,Yakchogage Eonniya,Herb Shop Unnie,pobae,pobae,Oneshot; Historical; Long Strip; Romance; Girls' Love; Full Color,,completed,2024.0,erotica,ko,2886,9.0963,8.97546678658498,7,0,[]
726,23b51846-bec4-41e4-a9a2-a034064d01eb,Yahari Ore no Seishun Love Come wa Machigatteiru @comic,"My Youth Romantic Comedy Is Wrong, As I Expected @ comic",Watari Wataru,Io Naomichi,Psychological; Romance; Comedy; Drama; School Life; Slice of Life; Adaptation,seinen,completed,2012.0,safe,ja,3391,9.416,8.974699363119111,11,4,"[{""id"": ""0296dc0b-7635-4154-927a-33c2244c4503"", ""relation"": ""alternate_version"", ""title"": ""Yahari Ore no Seishun Love Come wa Machigatteiru.: Monologue""}, {""id"": ""45a9bcc2-fb06-44af-b4f9-4b0ae9c39a19"", ""relation"": ""spin_off"", ""title"": ""Yahari 4-koma Demo Ore no Seishun Love Come wa Machigatteiru""}, {""id"": ""ab8c9f96-40c5-4549-a526-7e1f0015b5bb"", ""relation"": ""doujinshi"", ""title"": ""Yahari Ore no Seishun Love Come wa Machigatteiru. - HOME Ko tte Dou? (Doujinshi)""}, {""id"": ""f82538f5-c2e1-42b8-9b8d-2b1e0590672e"", ""relation"": ""spin_off"", ""title"": ""Yahari Ore no Seishun Love Come wa Machigatteiru. GX Comic Anthology""}]"
727,994978d7-a23b-40bc-afc8-5d5057eaa0c2,Night Shift in Another World,Night Shift in Another World,Seulpeunbang Ulbaem,Kkuljamong,Long Strip; Comedy; Isekai; Fantasy; Monster Girls; Web Comic; Adaptation; Full Color,,ongoing,2024.0,safe,ko,10308,9.082,8.974337104151417,17,0,[]
728,0df86784-961a-443c-9765-8b41702c6249,Alice-san'chi no Iroribata,By The Hearth Of Alice-san's Home,Kinami Bunta,Kinami Bunta,Romance; Drama; Slice of Life; Cooking,seinen,completed,2020.0,safe,ja,18636,9.0154,8.974075145743319,22,0,[]
729,a048183d-f95b-4b73-ab92-616d8ea5200b,Toumin,Hibernation,Tsumujikaze (Circle); Yu (ゆ),Tsumujikaze (Circle); Yu (ゆ),Psychological; Doujinshi; Drama; Horror; Supernatural,,completed,2022.0,safe,ja,851,9.2853,8.973934288372499,6,1,"[{""id"": ""c52b2ce3-7f95-469c-96b0-479524fb7a1a"", ""relation"": ""based_on"", ""title"": ""Jujutsu Kaisen""}]"
730,17660276-a16f-454e-8295-3821fe7c04e9,Robber x Lover,Robber x Lover,Pengki (펭키),Pengki (펭키),Long Strip; Romance; Comedy; Boys' Love; Web Comic; Slice of Life; Full Color,,completed,2019.0,safe,ko,6002,9.1316,8.973925425177486,48,0,[]
731,7b662cfb-fe02-43bd-9083-742e1af1aba4,Bocchi-sensei! Teach me Scanlation!,Bocchi-sensei! Teach me Scanlation!,Bocchi-sensei,Bocchi-sensei,Self-Published,,completed,2019.0,safe,en,1834,9.437,8.973869738452052,31,4,"[{""id"": ""08e1f85a-bb12-4fe4-aec5-0d7a80b3a261"", ""relation"": ""shared_universe"", ""title"": ""AnonBlack's Typesetting Guide""}, {""id"": ""9ef97eba-e0bc-452c-9ed0-bfb645d9b536"", ""relation"": ""based_on"", ""title"": ""Hitoribocchi no Marumaru Seikatsu""}, {""id"": ""b45f066b-bf02-41f6-8456-b47da7843101"", ""relation"": ""shared_universe"", ""title"": ""Ero-Otoko's Guide to Translating and Editing""}, {""id"": ""d1c0d3f9-f359-467c-8474-0b2ea8e06f3d"", ""relation"": ""shared_universe"", ""title"": ""Bocchi-sensei! Teach me MangaDex! [OBSOLETE]""}]"
732,c62b73e5-0cfb-4aef-9425-60393477ab6c,Dragon Ball Kakumei (Doujinshi),Dragon Ball Kakumei (Doujinshi),Darkows; Reenkodbk; DBKAKUMEI,PoissonLabo,Sci-Fi; Monsters; Action; Comedy; Martial Arts; Adventure; Magic; Doujinshi; Gore; Fantasy; Aliens,,cancelled,2021.0,suggestive,fr,2035,9.4483,8.97343418307201,0,1,"[{""id"": ""40bc649f-7b49-4645-859e-6cd94136e722"", ""relation"": ""based_on"", ""title"": ""Dragon Ball""}]"
733,d65c0332-3764-4c89-84bd-b1a4e7278ad7,Kagurabachi,Kagurabachi,Hokazono Takeru,Hokazono Takeru,Award Winning; Action; Ninja; Comedy; Crime; Samurai; Mafia; Magic; Gore; Supernatural; Mystery; Tragedy,shounen,ongoing,2023.0,safe,ja,53682,9.0002,8.972797554146702,134,0,[]
734,8edf35b1-8948-45df-9971-981094126f48,Aria,Aria,Amano Kozue,Amano Kozue,Sci-Fi; Comedy; Adventure; Drama; Slice of Life,shounen,completed,2002.0,safe,ja,4300,9.2029,8.972667118083358,23,7,"[{""id"": ""6042b233-6bf4-413f-a1a6-66a6e0ea3b24"", ""relation"": ""side_story"", ""title"": ""Aria - One Fine Day (Doujinshi)""}, {""id"": ""c3133cdf-87c6-42e6-a9b2-1514775aa0a3"", ""relation"": ""doujinshi"", ""title"": ""Aria - Dear Akari-sama (Doujinshi)""}, {""id"": ""cad76ec6-ca22-42f6-96f8-eca164da6545"", ""relation"": ""doujinshi"", ""title"": ""Aria - AQUAmariners (Doujinshi)""}, {""id"": ""cba4e5d6-67a0-47a0-b37a-c06e9bf25d93"", ""relation"": ""doujinshi"", ""title"": ""Aria - ARIA Waha (Doujinshi)""}, {""id"": ""da294b4f-bf0e-49e8-88ff-b25ad70583f1"", ""relation"": ""prequel"", ""title"": ""Aqua""}, {""id"": ""e744e171-f061-47fa-8ebc-a872e4b3fb5d"", ""relation"": ""shared_universe"", ""title"": ""Colori Colore Creare""}, {""id"": ""e86a8d14-376e-4705-a9b5-8b00a7006488"", ""relation"": ""doujinshi"", ""title"": ""Aria - Minna no Takarabako (Doujinshi)""}]"
735,3a9a475f-5051-4e2b-ba4d-10ff9ed4e3e1,Nokori Ichinichi de Hametsu Flag Zenbu Heshiorimasu: Zamaa RTA Kiroku 24Hr,"With One Day Left I'll Break All the Destruction Flags: ""Serves You Right!"" RTA 24 Hour Record",Fukutome Shun,Amagi Nozomu,Romance; Comedy; Reverse Harem; Isekai; Fantasy; Villainess; Adaptation,shoujo,completed,2021.0,safe,ja,27216,8.9947,8.972467205588504,47,0,[]
736,bc86a871-ddc5-4e42-812a-ccd38101d82e,Hana ni Arashi,Rainbows After Storms,Kobachi Ruka,Kobachi Ruka,Romance; Girls' Love; School Life; Slice of Life,shounen,completed,2017.0,safe,ja,32298,8.9975,8.972288377661155,160,0,[]
737,40c058a2-430e-4ced-b663-369dcf38583f,Gokurakugai,The Paradise District,Sano Yuto,Sano Yuto,Monsters; Action; Comedy; Crime; Drama; Delinquents; Supernatural,shounen,ongoing,2022.0,safe,ja,42302,9.0225,8.971953190031238,13,0,[]
738,787a9f0c-6f48-401c-8edc-d6ee07516c4f,Cheeky Brat,Cheeky Brat,Miyuki Mitsubachi,Miyuki Mitsubachi,Romance; Comedy; Sports; School Life,shoujo,completed,2013.0,suggestive,ja,24665,9.014,8.971304556455346,153,1,"[{""id"": ""3f6e7ed2-ee03-46a0-a463-7b8d3c14d2f1"", ""relation"": ""main_story"", ""title"": ""Pinkscrap""}]"
739,96b021aa-e8db-4372-846d-45ecf3fa53f4,Kibotos Eujeil Mutu Daehoe,Kibotos Eujeil Mutu Daehoe,Jam To Cham,Jam To Cham,Action; Long Strip; Comedy; Sexual Violence; Military; Drama; School Life; Web Comic,,ongoing,2023.0,suggestive,ko,1356,9.5073,8.971279925105362,6,0,[]
740,2fd5ad01-d052-4591-96d0-1c5685a68d82,Meshinuma,Meshinuma,Amida Muku,Amida Muku,Comedy; Office Workers; Slice of Life; Cooking,seinen,ongoing,2016.0,safe,ja,8688,9.0907,8.970696251626428,10,0,[]
741,29d93e89-8f63-4713-a8be-4ac58ffcd88b,Tsuiraku JK to Haijin Kyoushi,Tsuiraku JK to Haijin Kyoushi,Mizuki Sora,Mizuki Sora,Romance; Comedy; Drama; School Life; Slice of Life,shoujo,completed,2017.0,safe,ja,21595,9.0305,8.97067559326296,81,2,"[{""id"": ""15ced587-ec45-48b1-96d7-583b464db6f6"", ""relation"": ""alternate_version"", ""title"": ""Tsuiraku JK to Haijin Kyoushi (Webtoon)""}, {""id"": ""29ed16f3-2607-408f-8d51-cbe6d68eafcb"", ""relation"": ""side_story"", ""title"": ""Senken Shounen Syndrome""}]"
742,c8c7de84-4ad7-4712-9800-549314c8e6c6,"Josee, the Tiger and the Fish","Josee, the Tiger and the Fish",Tanabe Seiko,Emoto Nao,Romance; Drama; Slice of Life; Adaptation,josei,completed,2020.0,safe,ja,5198,9.1433,8.970427495560713,14,0,[]
743,8e44a10a-8116-430a-9e17-ba4dd58b4137,Akagi: Yami ni Oritatta Tensai,Akagi: The Genius Who Fell Into Darkness,Fukumoto Nobuyuki,Fukumoto Nobuyuki,Traditional Games; Psychological; Mafia; Drama; Mahjong,seinen,completed,1991.0,safe,ja,3254,9.2735,8.970277903682613,16,7,"[{""id"": ""01e6296c-9c0f-4329-8854-036aec11595b"", ""relation"": ""spin_off"", ""title"": ""Washizu - Enma's Mahjong""}, {""id"": ""5a722dd2-bf17-4f10-b54a-f9a62f32e0c7"", ""relation"": ""spin_off"", ""title"": ""Washizu: The Mahjong Player that Ruled a Nation""}, {""id"": ""6606dab5-2af7-4392-97b1-655bf080e993"", ""relation"": ""sequel"", ""title"": ""Ten - The Nice Guy on the Path of Tenho""}, {""id"": ""8bc23154-4ec3-40c0-9443-220d57af5352"", ""relation"": ""sequel"", ""title"": ""HERO - A Man Who Succeeds the Dying Wishes of AKAGI""}, {""id"": ""92a46ccf-cf75-41dd-8a69-7016e4521102"", ""relation"": ""sequel"", ""title"": ""Shadow Mahjong Fighter Mamiya""}, {""id"": ""a80ac925-c01e-4826-9ecc-28c5645f1721"", ""relation"": ""spin_off"", ""title"": ""Official Crossover Legend: Fukumoto All Stars""}, {""id"": ""ad346e32-d784-4f19-ae27-b9480145f569"", ""relation"": ""same_franchise"", ""title"": ""Akagi Zawa... Zawa... Anthology""}]"
744,5666ae25-a015-4d06-a44e-2dca0446f8fc,Ougon no Keikenchi,EXP is Golden,Harajun,Shimozuki Shio,Sci-Fi; Monsters; Action; Demons; Comedy; Virtual Reality; Video Games; Magic; Fantasy; Monster Girls; Adaptation,shounen,ongoing,2023.0,safe,ja,28552,9.007,8.970255839291138,57,0,[]
745,c5d731f9-c1cf-4a69-a797-cd9c2a58316b,Anemone wa Netsu o Obiru,The Anemone Feels the Heat,Sakuragi Ren,Sakuragi Ren,Romance; Girls' Love; Drama; School Life,seinen,completed,2020.0,safe,ja,35838,8.9887,8.970012719041677,65,0,[]
746,0d3ffb54-73a6-4bf3-b111-782ec4173999,"I'm Home, Welcome Back","I'm Home, Welcome Back",Ichikawa Ichi,Ichikawa Ichi,Romance; Boys' Love; Drama; Slice of Life,,ongoing,2016.0,safe,ja,5887,9.1165,8.96964130966752,28,3,"[{""id"": ""02d508cb-bf79-48d6-9f80-e0da569f1ec1"", ""relation"": ""side_story"", ""title"": ""Tadaima, Okaeri - Yamashii Imi Toka Arimasen (Doujinshi)""}, {""id"": ""3d0866eb-07ac-4112-85a8-d3aff6c459a3"", ""relation"": ""side_story"", ""title"": ""Tadaima, Okaeri - Oni Taiji! (Doujinshi)""}, {""id"": ""9dbcc579-2140-46e5-bcba-da8f066314f6"", ""relation"": ""side_story"", ""title"": ""Tadaima, Okaeri - Tomodachi ni Narou (Doujinshi)""}]"
747,7f952b22-812d-4252-88e1-a99818f13acd,Shinigami Bocchan to Kuro Maid,The Duke of Death and His Maid,Inoue (イノウエ),Inoue (イノウエ),Romance; Comedy; Drama; Slice of Life; Supernatural; Mystery,shounen,completed,2017.0,suggestive,ja,63876,8.9889,8.96964170322828,379,0,[]
748,8af33c74-2779-4e2e-94ab-d614762ab499,My Home Hero,My Home Hero,Yamakawa Naoki,Asaki Masashi,Thriller; Action; Psychological; Crime; Mafia; Adventure; Office Workers; Drama; Delinquents; Police; Tragedy,seinen,completed,2017.0,safe,ja,19880,9.0355,8.969500357750187,176,0,[]
749,46596dea-95de-40e8-b2b8-4e63aa6acd1a,Tensei Oujo to Tensai Reijou no Mahou Kakumei,The Magical Revolution of the Reincarnated Princess and the Genius Young Lady,Karasu Piero,Nadaka Harutsugu,Reincarnation; Action; Romance; Comedy; Adventure; Magic; Girls' Love; Isekai; Drama; Fantasy; Villainess; Adaptation,seinen,completed,2020.0,safe,ja,94795,8.981,8.96938747883802,387,2,"[{""id"": ""6aa24f43-e9a9-4ef3-8ecb-a3b456bd8e60"", ""relation"": ""spin_off"", ""title"": ""TenTen 4-koma Gekijou""}, {""id"": ""a433c87a-e654-4dd5-b3a3-7bf9558db357"", ""relation"": ""doujinshi"", ""title"": ""Amrita""}]"
750,a540f26f-d440-4702-8aa6-38ee1c1bb74d,Shinozaki-kun no Mente Jijou,Shinozaki-kun no Mente Jijou,Burio Michiru,Burio Michiru,Comedy; Office Workers; Magic; Fantasy; Slice of Life; Supernatural,shoujo,completed,2017.0,safe,ja,14117,9.0643,8.969066553339637,39,0,[]
751,0153e96a-fb57-4665-a988-754b4f3aa744,Dungeon Odyssey,Dungeon Odyssey,Glumph; Son Min-woo,Son Min-woo,Monsters; Action; Long Strip; Survival; Adventure; Magic; Drama; Fantasy; Web Comic; Full Color,,ongoing,2022.0,safe,ko,10116,9.0844,8.968806794393371,10,0,[]
752,7a1c6e41-6c2d-401e-90fe-baccb637a63e,Lovely★Complex,Lovely★Complex,Nakahara Aya,Nakahara Aya,Award Winning; Psychological; Romance; Comedy; Drama; School Life; Slice of Life,shoujo,completed,2001.0,safe,ja,7647,9.0628,8.968555116398385,20,1,"[{""id"": ""abd2aa10-e70d-4b06-8971-e86a05951d04"", ""relation"": ""sequel"", ""title"": ""Lovely★Complex TWO""}]"
753,df361a38-eef6-4674-bec6-86d08aa1d1aa,Ogami Tsumiki to Kinichijou.,Tsumiki Ogami's Not-So-Ordinary Life,Morishita Miyu,Morishita Miyu,Award Winning; Animals; Romance; Comedy; School Life; Monster Girls; Slice of Life; Supernatural,shounen,ongoing,2023.0,safe,ja,96044,8.98,8.968102145411535,180,0,[]
754,240a43a3-8fe6-4daf-8477-580d4c833920,Sadistic Beauty: Side Story A,Sadistic Beauty: Side Story A,Woo Yunhee (우연희),Lee Geumsan (이금산),Long Strip; Romance; Comedy; Girls' Love; Drama; Web Comic; Full Color,,completed,2021.0,erotica,ko,9931,9.0489,8.967840480065885,70,2,"[{""id"": ""6b23785e-6051-4fc2-bd18-099cbcc7fcba"", ""relation"": ""same_franchise"", ""title"": ""Sadistic Beauty: Side Story B""}, {""id"": ""7306627a-e5a0-4daf-a333-70fdc07c46df"", ""relation"": ""adapted_from"", ""title"": ""Sadistic Beauty""}]"
755,eb2d1a45-d4e7-4e32-a171-b5b029c5b0cb,"Kumo desu ga, Nani ka?","So I’m a Spider, So What?",Baba Okina,Kakashi Asahiro,Reincarnation; Monsters; Action; Demons; Comedy; Survival; Adventure; Magic; Isekai; Drama; Fantasy; Monster Girls; Adaptation,,ongoing,2015.0,safe,ja,159793,8.9745,8.967500540370242,1362,3,"[{""id"": ""19e58e5a-4ecc-4f77-8b01-1ba7c615295d"", ""relation"": ""spin_off"", ""title"": ""Kumo desuga, Nani ka?: Kumoko Sisters no Nichijou""}, {""id"": ""93a571cd-9932-4960-bd68-35aef497a32e"", ""relation"": ""doujinshi"", ""title"": ""Kumo Desu ga, Nani ka? - Shiroi Sex - Shiraori have sex (Doujinshi)""}, {""id"": ""f4cc68e3-2cbb-4af0-b362-49e4fae6aff5"", ""relation"": ""doujinshi"", ""title"": ""Kumo Desu ga, Nani ka? - Dear Mother""}]"
756,a96676e5-8ae2-425e-b549-7f15dd34a6d8,Komi-san wa Komyushou Desu.,Komi Can't Communicate,Oda Tomohito,Oda Tomohito,Award Winning; Romance; Comedy; School Life; Slice of Life,shounen,completed,2016.0,safe,ja,176531,8.9719,8.967099326747778,2026,10,"[{""id"": ""2917e1b1-06c0-45fe-b30b-6688d83859b2"", ""relation"": ""doujinshi"", ""title"": ""Komi-san wa Komyushou Desu. - Komi-san wa, H Mousoushou desu. (Doujinshi)""}, {""id"": ""2b214f77-deee-4144-810a-2ca771d5840f"", ""relation"": ""doujinshi"", ""title"": ""Komi-san wa, komyushō desu. - Komi-san wa, Binkan desu. (Doujinshi)""}, {""id"": ""3e8df40e-e2b3-4336-987b-f3e52d00ce5f"", ""relation"": ""doujinshi"", ""title"": ""Komi-san wa Komyushou Desu. - Shuko Komi's Netorase Trip (Doujinshi)""}, {""id"": ""4bf151e7-5389-410f-a8a8-5df11d46a98a"", ""relation"": ""doujinshi"", ""title"": ""Komi-san wa Komyushou Desu. - Okusama wa 17sai""}, {""id"": ""60e5c222-f0aa-4f14-baba-b18207321d5e"", ""relation"": ""doujinshi"", ""title"": ""Komi-san wa Komyushou Desu. - Komi-san wa Koubi-chuu Desu. (Doujinshi)""}, {""id"": ""82478f68-943e-4391-b445-f2f9b0007b95"", ""relation"": ""doujinshi"", ""title"": ""Komi-san wa Komyushou Desu. - Komyushou wa, Nayami Desu. (Doujinshi)""}, {""id"": ""973de049-748a-4446-98b9-dfea826f61a5"", ""relation"": ""doujinshi"", ""title"": ""Komi-san wa, Komyushou desu. - The Komis’ Sibling Playtime (Doujinshi)""}, {""id"": ""cb655d77-f369-4a06-9a35-b38c00f34e9b"", ""relation"": ""doujinshi"", ""title"": ""Komi-san wa Komyushou Desu. - Komyushou ni Oshiri Ijirareru Hon (Doujinshi)""}, {""id"": ""d6448e6b-4409-4380-b74e-1629c6d1d1a7"", ""relation"": ""doujinshi"", ""title"": ""Komi-san wa, Komyushou desu. - Way no Chinpo wa Commushou ja Nai desu. (Doujinshi)""}, {""id"": ""dafa95c2-7c5e-47f8-be11-6d75bd7bee1e"", ""relation"": ""doujinshi"", ""title"": ""Komi-san wa, Komyushō desu. - Najimi to Sex Suru Manga (doujinshi)""}]"
757,6e4805a6-75ab-462d-883c-4ddedb8e4df6,Nano Machine,Nano Machine,Great H (현절무); Hanjung Wolya (한중월야),GGBG (금강불괴); REDICE Studio (레드아이스 스튜디오),Sci-Fi; Action; Long Strip; Martial Arts; Adventure; Wuxia; Fantasy; Web Comic; Adaptation; Full Color,,ongoing,2020.0,safe,ko,35878,9.0006,8.967041665090436,112,2,"[{""id"": ""825eb50f-7331-4455-bb0e-c0d58fa9976a"", ""relation"": ""shared_universe"", ""title"": ""Absolute Sword Sense""}, {""id"": ""df5f8e3d-64a1-4287-8f08-4a732e9cb757"", ""relation"": ""prequel"", ""title"": ""Myst, Might, Mayhem""}]"
758,9a502e35-1051-4e4c-b055-5ab211954fa4,Banana Fish,Banana Fish,Yoshida Akimi,Yoshida Akimi,Thriller; Action; Psychological; Crime; Mafia; Adventure; Sexual Violence; Philosophical; Gore; Drama; Delinquents; Police; Mystery; Tragedy,shoujo,completed,1985.0,suggestive,ja,5506,9.2035,8.966840725182065,19,5,"[{""id"": ""abbf02e1-1a77-4f0a-b214-b49c1c58c934"", ""relation"": ""doujinshi"", ""title"": ""Banana Fish - GOODBYE RITUAL (Doujinshi)""}, {""id"": ""d4786b44-e60d-4219-9b7a-16cded8423e8"", ""relation"": ""doujinshi"", ""title"": ""BANANA FISH - Futari no Eden (Doujinshi)""}, {""id"": ""d565c36c-2e2c-40f7-9ed3-73ea3542373e"", ""relation"": ""prequel"", ""title"": ""California Monogatari""}, {""id"": ""e4a7e543-030b-4dea-a8bd-ad979239e0a7"", ""relation"": ""sequel"", ""title"": ""Akimi Yoshida: The Best Selection - Flower C Special""}, {""id"": ""f28280b7-c35c-42ad-8c60-6f3a85fa3a48"", ""relation"": ""side_story"", ""title"": ""Dawn""}]"
759,58b09ce2-ea05-405e-8e1c-a9361df9bdd9,The Dawn to Come,The Dawn to Come,Woo Jihye (우지혜),Kang Ki (강기),Long Strip; Romance; Drama; School Life; Web Comic; Slice of Life; Adaptation; Full Color,,completed,2023.0,safe,ko,8199,9.0827,8.966793674951722,14,0,[]
760,5fcf0847-7d3a-4164-a705-970a06df2794,Blue Archive - Benriya 68 Gyoumunishi,Blue Archive: Problem Solver 68 Business Diary,Nogiwa Kaede,Nogiwa Kaede,Sci-Fi; Action; Comedy; Drama; Adaptation,shounen,completed,2022.0,safe,ja,4936,9.2406,8.966671766095548,14,7,"[{""id"": ""1f63ea84-6bc6-4312-81bf-b28d5592d802"", ""relation"": ""same_franchise"", ""title"": ""Blue Archive! (Japan)""}, {""id"": ""31dc805a-7cef-498d-9e00-93a434b4da67"", ""relation"": ""same_franchise"", ""title"": ""Blue Archive - Hide and Seek Behind the Scenes ~Kivotos Kourin Grand Festival~""}, {""id"": ""6348a562-067b-45cb-ab2b-c6f33f0e7ead"", ""relation"": ""same_franchise"", ""title"": ""Blue Archive! (Global)""}, {""id"": ""99e883fd-04f6-449b-ab23-1d904695d272"", ""relation"": ""same_franchise"", ""title"": ""Blue Archive: Game Kaihatsu-bu Daibouken!""}, {""id"": ""d7bcf782-3aaa-4916-868b-0a3a2629826a"", ""relation"": ""same_franchise"", ""title"": ""Blue Archive Dengeki Comic Anthology""}, {""id"": ""e93b2166-fe60-4459-9545-aeb404310f87"", ""relation"": ""same_franchise"", ""title"": ""Blue Archive Anthology""}, {""id"": ""efca8b0b-9b1e-4cf2-9af1-c80f4c5d1f21"", ""relation"": ""same_franchise"", ""title"": ""Blue Archive - Aoharu Record""}]"
761,d54b5ba8-17c9-4774-8fb9-98593ebdf8e8,"Baby, Kokoro no Mama ni!","Baby, Kokoro no Mama ni!",Okuyama Puku,Okuyama Puku,Romance; Comedy; Slice of Life,shoujo,hiatus,2012.0,safe,ja,4739,9.1938,8.96617763140545,37,0,[]
762,3a8488a3-8b93-4576-baee-cae53c2be018,Kill the Male Lead to Become the Villainess,Kill the Male Lead to Become the Villainess,Shisi Xia Xiang (十四夏乡),Shisi Xia Xiang (十四夏乡),Reincarnation; Time Travel; Historical; Action; Long Strip; Romance; Martial Arts; Adventure; Wuxia; Fantasy; Villainess; Full Color,,ongoing,2022.0,safe,zh,9606,9.0685,8.965998317127214,27,0,[]
763,ddeea1f1-9edf-4b81-8369-8b4411a37968,Hotel Metsäpeura e Youkoso,Welcome to Hotel Metsäpeura,Fukuta Seira,Fukuta Seira,Comedy; Mafia; Drama; Slice of Life; Mystery,seinen,ongoing,2020.0,safe,ja,4102,9.2481,8.96589512229321,12,0,[]
764,184915ba-1df1-467f-bb78-849bf6e15481,"Hwangnyeo, Ban'yeogjareul Gag'insikida",Revolutionary Princess Eve,Irinbi (이린비); YOON Jiseon (윤지선); Suri (수리),Sagong (II),Reincarnation; Time Travel; Long Strip; Romance; Adventure; Magic; Drama; Fantasy; Supernatural; Adaptation; Full Color,,ongoing,2021.0,safe,ko,28250,9.0467,8.964609426055407,158,0,[]
765,cd46cb13-5330-4b5c-b418-46e79cc736ee,Snake Woman and Offering-chan,Snake Woman and Offering-chan,Nagori Yuu (なごり悠),Nagori Yuu (なごり悠),Romance; Girls' Love; Web Comic; Slice of Life; Supernatural,,hiatus,,safe,ja,9333,9.0616,8.964320193407271,42,0,[]
766,52925883-c86a-4f3c-a315-877a01258e14,The Witch and the Beast,The Witch and the Beast,Satake Kousuke,Satake Kousuke,Action; Adventure; Drama; Horror; Fantasy; Supernatural; Tragedy,seinen,hiatus,2016.0,safe,ja,9167,9.182,8.964069921993069,26,0,[]
767,c66d2a14-e0a2-4488-9023-abdab7249d61,Arte,Arte,Ookubo Kei,Ookubo Kei,Historical; Romance; Drama; Slice of Life,seinen,completed,2013.0,safe,ja,15758,9.0705,8.963857306126572,98,1,"[{""id"": ""32a89c23-9db2-462d-9f29-6968652dbaef"", ""relation"": ""spin_off"", ""title"": ""Arte x My Next Life as a Villainess: All Routes Lead to Doom!""}]"
768,7f8f8b55-0b59-4d4a-afab-e439c5ba468a,Iji Log,Ctrl+Alt+Resign,Woo Si-Mok (우시목),Lee Ha-an (이하안),Long Strip; Romance; Comedy; Office Workers; Web Comic; Slice of Life; Full Color,,ongoing,2025.0,safe,ko,10924,9.1363,8.963683655761079,17,0,[]
769,e5f13b1a-eabd-4752-863a-cc3930a20d24,A Sharp-Eyed Classmate,A Sharp-Eyed Classmate,Matgamjya (맛감쟈),Matgamjya (맛감쟈),Long Strip; Romance; Comedy; Drama; School Life; Web Comic; Slice of Life; Full Color,,completed,2024.0,safe,ko,10994,9.1018,8.96327776543339,11,0,[]
770,d22ae7a1-cfae-475a-a8fc-589ef85eece4,BIBLIOMANIA,BIBLIOMANIA,Orval,Macchiro,Monsters; Psychological; Adventure; Post-Apocalyptic; Drama; Horror; Fantasy; Supernatural,seinen,completed,2016.0,safe,ja,18696,8.9849,8.962371084988115,134,0,[]
771,304ceac3-8cdb-4fe7-acf7-2b6ff7a60613,Attack on Titan,Attack on Titan,Isayama Hajime,Isayama Hajime,Thriller; Award Winning; Monsters; Action; Psychological; Survival; Military; Gore; Drama; Horror; Fantasy; Supernatural; Tragedy,shounen,completed,2009.0,safe,ja,94807,8.9706,8.962128554896225,618,100,"[{""id"": ""048eed21-5e52-4936-9064-2331ab830965"", ""relation"": ""doujinshi"", ""title"": ""Shingeki no Kyojin - Fake Lovers (Doujinshi)""}, {""id"": ""0574b968-63da-467a-a41e-31a666817dca"", ""relation"": ""doujinshi"", ""title"": ""Shingeki no Kyojin - Reluctant Heroes (Doujinshi)""}, {""id"": ""06539daf-e44b-4a06-9793-dc9f6ba8dd55"", ""relation"": ""doujinshi"", ""title"": ""Shingeki no Kyojin - Princess Bride! (Doujinshi)""}, {""id"": ""0a4a9f8e-03f2-4ccd-8fbb-e87913d67f0e"", ""relation"": ""doujinshi"", ""title"": ""Shingeki no Kyojin - Give Me (Doujinshi)""}, {""id"": ""0ac05896-01de-4a65-8418-fcaadc91c705"", ""relation"": ""side_story"", ""title"": ""Shingeki no Kyojin - Kuinaki Sentaku""}, {""id"": ""0c7cdcfd-69db-4b16-8a85-5a8bd7b02dce"", ""relation"": ""doujinshi"", ""title"": ""Shingeki no Kyojin - Hey Corporal, Don’t Think You’ve Won (Doujinshi)""}, {""id"": ""14839ae8-9d2f-4fc4-a18d-54a424a67d9d"", ""relation"": ""doujinshi"", ""title"": ""Shingeki no Kyojin - Sick of You (Doujinshi)""}, {""id"": ""17362cb8-3fec-4826-9f8a-e022d8c825f3"", ""relation"": ""doujinshi"", ""title"": ""Shingeki no Kyojin - Hello my hero, good bye my dear | Levi x Petra (doujinshi)""}, {""id"": ""182260eb-2052-4785-a001-9720cef8fd69"", ""relation"": ""doujinshi"", ""title"": ""Shingeki no Kyojin - Armin's Education (Doujinshi)""}, {""id"": ""1cbc2b0d-bfdf-48ff-a7d9-b246b4cdae0f"", ""relation"": ""doujinshi"", ""title"": ""Shingeki no Kyojin - Bureiko Night (Doujinshi)""}, {""id"": ""2392c16f-ce2a-4680-8b08-4244899c6e1e"", ""relation"": ""doujinshi"", ""title"": ""Shingeki no Kyojin - Sakakazu no Hana (Doujinshi)""}, {""id"": ""28bf5a49-bc30-4429-bdf7-96f0e213fa46"", ""relation"": ""doujinshi"", ""title"": ""Shingeki no Kyojin - Hatsutaiken.  (Doujinshi)""}, {""id"": ""2a05af10-4156-40f1-865e-10dae6a913bc"", ""relation"": ""spin_off"", ""title"": ""Attack on Titan Anthology""}, {""id"": ""30954fc3-c206-4978-baac-782d86f4692f"", ""relation"": ""side_story"", ""title"": ""Attack on Titan: LOST GIRLS""}, {""id"": ""3608547d-6ade-4366-892e-47f1c07c2828"", ""relation"": ""doujinshi"", ""title"": ""Shingeki No Kyojin - Motto Hoka no Aishi kata ga Atta Hazu nano ni (Doujinshi)""}, {""id"": ""36614dc8-52f3-404f-b2d5-63957524ffec"", ""relation"": ""doujinshi"", ""title"": ""Shingeki no Kyojin - Himitsu Iro Drops (Doujinshi)""}, {""id"": ""3897cb14-8609-408a-87fe-eeefb9072227"", ""relation"": ""doujinshi"", ""title"": ""Shingeki no Kyojin - Honey! ~ Yumikuri Anthology~  (Doujinshi)""}, {""id"": ""390ad2fb-3709-45d4-957b-dba89427ff6f"", ""relation"": ""doujinshi"", ""title"": ""Shingeki no Kyojin - Sono Kao ga Mitai (Doujinshi)""}, {""id"": ""3a224dc2-e250-4b71-9a2a-551fb46f492a"", ""relation"": ""doujinshi"", ""title"": ""Attack on Titan - The Captain’s Stomach (Doujinshi)""}, {""id"": ""3e736157-9d4d-4ff7-84ba-5ec1e787988a"", ""relation"": ""doujinshi"", ""title"": ""Shingeki no Kyojin - ATTACK ON MIKASA! (Doujinshi)""}, {""id"": ""40227558-62d2-49f7-9016-360da56bea51"", ""relation"": ""doujinshi"", ""title"": ""Shingeki no kyojin- Me ni wa mienu hiru no hoshi (doujinshi)""}, {""id"": ""405f6956-164e-4722-9f6e-035a379e84f9"", ""relation"": ""doujinshi"", ""title"": ""Attack on Titan - Child Of The Stars (Doujinshi)""}, {""id"": ""4073743f-bbbb-40da-a52c-acaca6911ab7"", ""relation"": ""doujinshi"", ""title"": ""Attack on Titan - Take On One's Style (Doujinshi)""}, {""id"": ""429cf82b-b56b-4a22-a0ed-9d9ea08cae51"", ""relation"": ""doujinshi"", ""title"": ""Shingeki no Kyojin - Nemuru Kimi ni Ai no Kotoba wo (Doujinshi)""}, {""id"": ""4a4eb4dd-14d4-4dde-93a8-da8bd8c1e51b"", ""relation"": ""doujinshi"", ""title"": ""Attack on Titan - What's Yours Is Mine, and What's Mine Is My Own (Doujinshi)""}, {""id"": ""4ab48d44-4f61-4630-886d-fe9cf21f95e3"", ""relation"": ""doujinshi"", ""title"": ""Shingeki no Kyojin - Mikasa o Ishiki Shichau Eren no Hanashi (Doujinshi)""}, {""id"": ""501e36d5-8f2c-4a72-b61a-24066f1cea12"", ""relation"": ""doujinshi"", ""title"": ""Shingeki no Kyojin  - Andromeda (Doujinshi)""}, {""id"": ""51383b09-39fe-40db-a613-bb5303c27005"", ""relation"": ""doujinshi"", ""title"": ""Shingeki no Kyojin - Titan x Goddess x Rolled Egg (Doujinshi)""}, {""id"": ""51e31bd3-958d-4550-8cd5-b82d1f23d9c9"", ""relation"": ""doujinshi"", ""title"": ""Shingeki no Kyojin - Utsukushiki Kimi no Tame no Aria (Doujinshi)""}, {""id"": ""5201f7c3-e3d8-40ab-a786-1d7904cda76c"", ""relation"": ""doujinshi"", ""title"": ""Shingeki no Kyojin - Hitotsu Yane no Shita (Doujinshi)""}, {""id"": ""5293d436-6c68-49c2-9733-23b30fcbe4de"", ""relation"": ""doujinshi"", ""title"": ""Attack on Titan - Egoist (Doujinshi)""}, {""id"": ""54d2f0bc-0a37-4653-8d1a-6edd8c112324"", ""relation"": ""doujinshi"", ""title"": ""Shingeki no Kyojin - Apocry! (Doujinshi)""}, {""id"": ""55b1b454-e7f9-4a2a-aa63-610988579d47"", ""relation"": ""doujinshi"", ""title"": ""Shingeki no Kyojin - Pastime with Pieck-chan (Doujinshi)""}, {""id"": ""564d4c66-19f4-4028-b36f-7cbc9d9468b8"", ""relation"": ""doujinshi"", ""title"": ""Shingeki no Kyojin - Konrei no yoru - Levi x Petra (doujinshi)""}, {""id"": ""592e44d9-20dd-4a45-99a9-65609b4a6b33"", ""relation"": ""doujinshi"", ""title"": ""Attack on Titan - Unforgettable People (Doujinshi)""}, {""id"": ""59b5d199-10b8-4cd3-8404-6b8437706267"", ""relation"": ""doujinshi"", ""title"": ""Attack on Titan - Keeper of the Flame (Doujinshi)""}, {""id"": ""5b8958fc-9f7e-4fea-90fa-71facc73a8c6"", ""relation"": ""doujinshi"", ""title"": ""Shingeki no Kyojin - Lluvia (Doujinshi)""}, {""id"": ""5c7fe209-d20b-47e1-8d55-45cc7c2145a6"", ""relation"": ""doujinshi"", ""title"": ""Attack on Titan - Song of Prayer Dedicated to You (Doujinshi)""}, {""id"": ""5d88ad91-a32e-461d-9da6-3df955359565"", ""relation"": ""doujinshi"", ""title"": ""Shingeki no Kyojin - The Cruel Hand of a Controlling God (Doujinshi)""}, {""id"": ""5dc8d212-eda7-47ea-a1ab-8ff420ffa6d0"", ""relation"": ""doujinshi"", ""title"": ""Attack on Titan - Back Alley Cat (Doujinshi)""}, {""id"": ""5f7fefb5-cf27-4f3c-8033-1856dd521452"", ""relation"": ""doujinshi"", ""title"": ""Shingeki no Kyojin - Shingeki no Fujoshi (Doujinshi)""}, {""id"": ""5f82962a-4450-4562-92ef-e06684c3b570"", ""relation"": ""doujinshi"", ""title"": ""Shingeki no Kyojin | 857 Nen - Mikasa Ackerman (doujinshi)""}, {""id"": ""60fe655f-2180-4017-a036-d46ec7a8500e"", ""relation"": ""doujinshi"", ""title"": ""Shingeki no Kyojin - H Sketch One Touch (Doujinshi)""}, {""id"": ""6264efab-ee7c-480b-9151-0e6f1a399e39"", ""relation"": ""doujinshi"", ""title"": ""Shingeki no Kyojin - Unknown My Sweetheart (Doujinshi)""}, {""id"": ""660f5e5b-0b85-4cd8-908f-fee25332ebd9"", ""relation"": ""doujinshi"", ""title"": ""Shingeki no Kyojin - Sono Kemono no Na wa (Doujinshi)""}, {""id"": ""67239eca-d524-4c5c-b6e6-3f7c0a48f118"", ""relation"": ""doujinshi"", ""title"": ""Attack on Titan - Ore-tachi Tsukiattemasun (Doujinshi)""}, {""id"": ""6a27d855-7970-4eef-a1fd-11f27a604021"", ""relation"": ""doujinshi"", ""title"": ""Shingeki no Kyojin - Straw Hat Escape Play (Doujinshi)""}, {""id"": ""6f3d704e-ad28-4fde-acd3-c36b07b29353"", ""relation"": ""doujinshi"", ""title"": ""Attack on Titan - Quit Complaining and Do As I Say! (Doujinshi)""}, {""id"": ""71b41d3b-a8f6-43cf-9777-47d7504fd7b4"", ""relation"": ""same_franchise"", ""title"": ""Ataque dos titãs: Raparigas perdidas 1""}, {""id"": ""738cb558-fe34-44e3-b77d-7ffe02ba1635"", ""relation"": ""doujinshi"", ""title"": ""Attack on Titan - Not a Love Song (Doujinshi)""}, {""id"": ""74f49a72-3d81-4760-a9ac-6c4cbae03277"", ""relation"": ""doujinshi"", ""title"": ""Attack on Titan - Plus Alpha (Doujinshi)""}, {""id"": ""765a5792-39a2-44c7-aec0-6fa9954dead6"", ""relation"": ""doujinshi"", ""title"": ""Attack on Titan - Honey Trip (Doujinshi)""}, {""id"": ""79c35c57-3846-4c69-8c6d-a2116579927b"", ""relation"": ""doujinshi"", ""title"": ""Shingeki no Kyojin - Reiner Doujins""}, {""id"": ""7e205249-2d25-4c3a-adf5-1c8cc7146688"", ""relation"": ""spin_off"", ""title"": ""Short Play on Titan""}, {""id"": ""81a391d4-15b0-42b0-9ffb-e40752ffebb8"", ""relation"": ""doujinshi"", ""title"": ""Attack on Titan - Reliant (Doujinshi)""}, {""id"": ""823874e4-2d4a-4ce1-8d71-5953105c6741"", ""relation"": ""doujinshi"", ""title"": ""Attack on Titan - Love Me to the Bone! (Doujinshi)""}, {""id"": ""84aecfbd-e5aa-40a5-ae28-8ef49ea6e43f"", ""relation"": ""spin_off"", ""title"": ""Shingeki no Kyojin Chibi 4-Koma! Training Squad""}, {""id"": ""893e6c02-79d2-4661-9200-d5fe558a1b28"", ""relation"": ""doujinshi"", ""title"": ""Attack on Titan - The Dream Behind Blue Eyes (Doujinshi)""}, {""id"": ""8e4e6280-b568-4de1-aa89-ca64a2d66670"", ""relation"": ""doujinshi"", ""title"": ""Shingeki no Kyojin - Borderland (Doujinshi)""}, {""id"": ""918763f4-0e7a-4a3b-9b02-83e043419022"", ""relation"": ""doujinshi"", ""title"": ""Shingeki no Kyojin - Delusional Hierarchy (Doujinshi)""}, {""id"": ""93eec60f-0232-4fd6-accf-cea698345c22"", ""relation"": ""doujinshi"", ""title"": ""Attack on Titan - Look at Me!! (Doujinshi)""}, {""id"": ""9431666a-2d56-4d86-bb24-6fec7f516bd3"", ""relation"": ""doujinshi"", ""title"": ""Attack on Titan - Continuation of Volume 18's Fake Preview (Doujinshi)""}, {""id"": ""959fed74-b49b-44e1-8ae2-f12a6eb60ba2"", ""relation"": ""doujinshi"", ""title"": ""Shingeki no Kyojin - Guide to Raising an Eren (Doujinshi)""}, {""id"": ""986a29e6-391c-4a9d-9b40-1b9c0d088f45"", ""relation"": ""doujinshi"", ""title"": ""Shingeki no Kyojin - Levi Shiri (Doujinshi)""}, {""id"": ""9889a324-87a8-4ed4-b404-daadf2851519"", ""relation"": ""doujinshi"", ""title"": ""Attack on Titan - Two of a Kind (Doujinshi)""}, {""id"": ""994878e3-5b07-4dc7-a5cc-bdb452847c71"", ""relation"": ""doujinshi"", ""title"": ""Shingeki no Kyojin - Tsuioku no Tou (Doujinshi)""}, {""id"": ""9e4a9453-2124-44c1-a11d-42d56e60d979"", ""relation"": ""doujinshi"", ""title"": ""Shingeki no Kyojin - Kawaisa Amatte (Doujinshi)""}, {""id"": ""a3e57507-60b3-4bb4-9e37-0336d5e47100"", ""relation"": ""doujinshi"", ""title"": ""Shingeki no Kyojin - Byouin e Ittekimashita (Doujinshi)""}, {""id"": ""a594c62d-8b55-4dc3-b8c5-f75ec32b04dc"", ""relation"": ""doujinshi"", ""title"": ""Shingeki no Kyojin - Yandere no Heichou ni Shinu hodo Aisarete Yoru mo Nemurenai!! (Doujinshi)""}, {""id"": ""ad7069df-9fa1-4e2d-9dcc-76cc723f299f"", ""relation"": ""doujinshi"", ""title"": ""Shingeki no Kyojin - What I Want and the Blockhead (Doujinshi)""}, {""id"": ""af912262-b277-4d09-9dfb-b52c266ea366"", ""relation"": ""doujinshi"", ""title"": ""Shingeki no Kyojin - Namae no Nai Hana (Doujinshi)""}, {""id"": ""b10dd436-9da1-4f5b-9145-1d07a4e92f7d"", ""relation"": ""doujinshi"", ""title"": ""Shingeki no Kyojin - Dear Darkness (Doujinshi)""}, {""id"": ""b469af69-cc5c-4a61-806f-cd90e2418c1f"", ""relation"": ""doujinshi"", ""title"": ""Shingeki no Kyojin - Mother, Girl, and the Blockhead (Doujinshi)""}, {""id"": ""b6c39018-50ff-4838-8a24-6413c519fab8"", ""relation"": ""doujinshi"", ""title"": ""Shingeki no Kyojin - Nigakute Amai no (Doujinshi)""}, {""id"": ""ba176c91-fe44-49c8-84da-6b99647880ee"", ""relation"": ""doujinshi"", ""title"": ""Shingeki no Kyojin - The Hand That Points Ahead to Puppis (Doujinshi)""}, {""id"": ""be4b39f3-9f20-4233-884b-fdbf601e9f6e"", ""relation"": ""doujinshi"", ""title"": ""Shingeki no Kyojin - My War (Doujinshi)""}, {""id"": ""c35e7935-46f0-4d1a-abd2-e6acd443b6ae"", ""relation"": ""doujinshi"", ""title"": ""Shingeki no Kyojin - Levi-o'-Lantern (Doujinshi)""}, {""id"": ""cf4edb2e-183c-48d7-8ce2-e0b4a62f149f"", ""relation"": ""doujinshi"", ""title"": ""Shingeki no Kyojin - I Love You, Mata Ato de. (Doujinshi)""}, {""id"": ""d2606f91-32c8-4b95-adfa-f0aac8b9aee7"", ""relation"": ""doujinshi"", ""title"": ""Shingeki no Kyojin - Holy Dream (Doujinshi)""}, {""id"": ""d2d27f4f-dfab-47fa-90e6-66085c7ec28b"", ""relation"": ""doujinshi"", ""title"": ""Attack on Titan - Strange Paradise (Doujinshi)""}, {""id"": ""d3321be9-2156-441a-8bc8-74dd6e6785dd"", ""relation"": ""doujinshi"", ""title"": ""Attack on Titan - Thank You For Your Support In The Past Year (Doujinshi)""}, {""id"": ""d404f1f0-108a-40e8-ac83-d22c651e57b4"", ""relation"": ""doujinshi"", ""title"": ""Shingeki no Kyojin - Ryoute ni Saikyou (Doujinshi)""}, {""id"": ""d5a3d9cb-b1ad-4ba1-9a92-a7569cb600f2"", ""relation"": ""prequel"", ""title"": ""Shingeki no Kyojin - Before the Fall""}, {""id"": ""d90d56af-aeee-49f1-880d-ed5ab1ba9d94"", ""relation"": ""spin_off"", ""title"": ""Shingeki! Kyojin Koukou - Seishun! Tonari no Marley Gakuen""}, {""id"": ""da23612c-7855-42ef-ba9e-32635ad36dd1"", ""relation"": ""doujinshi"", ""title"": ""Attack on Titan - My Lover is a Clean Freak (Doujinshi)""}, {""id"": ""dd266744-9121-4f77-83f3-4179cbef4a7d"", ""relation"": ""doujinshi"", ""title"": ""Shingeki no Kyojin - Rivetra doujinshi (doujinshi)""}, {""id"": ""e0bb39f8-642d-482d-9fa1-d504a2dc3079"", ""relation"": ""doujinshi"", ""title"": ""Shingeki no Kyojin - Ouwasa wa Kanegane (Doujinshi)""}, {""id"": ""e256b075-2b4d-4c8b-956b-4711e7f79be3"", ""relation"": ""doujinshi"", ""title"": ""Shingeki no Kyojin  - Kagai jugyō (doujinshi)""}, {""id"": ""e369b04a-3472-4c4b-8a75-005adeed41d1"", ""relation"": ""doujinshi"", ""title"": ""Shingeki no Kyojin - The Lost Prince (Doujinshi)""}, {""id"": ""e87a635d-8a0d-4bfb-bd8d-9d77d9a536e8"", ""relation"": ""doujinshi"", ""title"": ""Shingeki no Kyojin - Hekinai Chousa (Doujinshi)""}, {""id"": ""ee8435ff-2a24-4a3d-ab60-3f87722c16eb"", ""relation"": ""doujinshi"", ""title"": ""Shingeki no Kyojin - Yoisugidesu, Heichou! (Doujinshi)""}, {""id"": ""ef06d282-ccd4-4422-b959-a68c9d711333"", ""relation"": ""doujinshi"", ""title"": ""Shingeki no Kyojin - Cross-dressing Eren-kun and Levi-san (Doujinshi)""}, {""id"": ""f0c8818c-bf3b-4f44-a781-c664c69d69c8"", ""relation"": ""doujinshi"", ""title"": ""Attack on Titan - Kiss Me (Doujinshi)""}, {""id"": ""f12db541-06f3-46bd-bb05-170fd8810535"", ""relation"": ""doujinshi"", ""title"": ""Shingeki no Kyojin - Dancho to Heicho to Oppai to Ore (Doujinshi)""}, {""id"": ""f1c0267f-1812-4dd7-988b-da46a43ffce6"", ""relation"": ""doujinshi"", ""title"": ""Shingeki no Kyojin - The Smell of the Sheets""}, {""id"": ""f294ae95-221b-4372-bff1-ebf5ad9d0029"", ""relation"": ""doujinshi"", ""title"": ""Shingeki no Kyojin - Hekinai Chousa (Doujinshi) (Fan Colored)""}, {""id"": ""f50a2cd1-edab-4e8c-bf45-f8641e392a09"", ""relation"": ""doujinshi"", ""title"": ""Shingeki no Kyojin - Hanano (doujinshi)""}, {""id"": ""f575087f-7c2f-4886-b64a-7065d838564a"", ""relation"": ""doujinshi"", ""title"": ""Shingeki no Kyojin - Memento Mori (Doujinshi)""}, {""id"": ""f6b3e586-aa08-43c8-9294-4cd4d53af522"", ""relation"": ""doujinshi"", ""title"": ""Attack on Titan - A Day Like This Once In a While Is Not Bad At All! (Doujinshi)""}, {""id"": ""feaa2c8b-0232-4ec1-8c7d-90f4d2b68b88"", ""relation"": ""spin_off"", ""title"": ""Attack on Titan! Middle School""}]"
772,b9bcdd04-542e-4a85-b85c-a8970dc6dfde,Mawangkkaji Han Geol-eum,One Step Closer to the Demon King,Yun Hong (윤홍),Yun Hong (윤홍),Monsters; Action; Demons; Long Strip; Comedy; Adventure; Magic; Drama; Fantasy; Web Comic; Mystery; Full Color,,ongoing,2021.0,safe,ko,7386,9.1185,8.961507076750653,28,0,[]
773,59f47645-66a9-443e-8228-788313c3ae3c,Tokyo Ghoul:re,Tokyo Ghoul: re,Ishida Sui,Ishida Sui,Action; Psychological; Gore; Horror; Supernatural; Tragedy,seinen,completed,2014.0,safe,ja,28549,8.9786,8.961195434339544,64,5,"[{""id"": ""25121ee3-f273-4115-bebc-7b9cfd609211"", ""relation"": ""side_story"", ""title"": ""Tokyo Ghoul: Zakki:re""}, {""id"": ""611dcedd-e2ef-4e67-b0ce-6ef378ceaef2"", ""relation"": ""doujinshi"", ""title"": ""Tokyo Ghoul - Akakatabami (Doujinshi)""}, {""id"": ""6a1d1cb1-ecd5-40d9-89ff-9d88e40b136b"", ""relation"": ""prequel"", ""title"": ""Toukyou Ghoul""}, {""id"": ""7e50742e-76bc-44be-b561-ac6ce1681a63"", ""relation"": ""alternate_story"", ""title"": ""Tokyo Ghoul: Redrawn""}, {""id"": ""a66ff0a3-7f4b-48ca-b153-0029e45bbebf"", ""relation"": ""spin_off"", ""title"": ""Toukyou Ghoul: JACK""}]"
774,596191eb-69ee-4401-983e-cc07e277fa17,Oemo Jisangjuui,Lookism,PARK Tae Jun (박만사),PARK Tae Jun (박만사),Action; Long Strip; Comedy; Crime; Martial Arts; Drama; School Life; Delinquents; Web Comic; Supernatural; Full Color,,ongoing,2014.0,suggestive,ko,17117,9.0255,8.961143054837335,34,5,"[{""id"": ""36ff6c07-809a-43b9-815a-e9fd0d9a72bf"", ""relation"": ""shared_universe"", ""title"": ""Soyeon Beopchik""}, {""id"": ""a3c09565-47aa-410c-a137-a3a6e6bfa8a8"", ""relation"": ""shared_universe"", ""title"": ""Manager Kim""}, {""id"": ""ab1d50c6-0eeb-4bdf-86e7-1a2c65031be6"", ""relation"": ""shared_universe"", ""title"": ""My Life as a Loser""}, {""id"": ""bcf927d8-52e3-4d6f-a2da-4eb37abe91c9"", ""relation"": ""shared_universe"", ""title"": ""Quest Jisangjuui""}, {""id"": ""d2df017b-c003-4de6-9625-4f1fba7aef97"", ""relation"": ""shared_universe"", ""title"": ""How to Fight""}]"
775,f065ff98-0de5-40b0-9902-5744b05dd9ea,Black Cat Jiumin,Black Cat Jiumin,Fujita Kanasu,Fujita Kanasu,Oneshot; Award Winning; Reincarnation; Time Travel; Animals; Slice of Life,seinen,completed,,safe,ja,717,9.3019,8.96061830819696,5,0,[]
776,2a941f75-195b-48b7-ab89-6a3dccf6dac9,Kumika no Mikaku,Kumika no Mikaku,Ononaka Akihiro,Ononaka Akihiro,Romance; Comedy; Slice of Life; Aliens; Cooking,seinen,completed,2015.0,safe,ja,11776,9.0,8.960292220875743,126,0,[]
777,9c16fed0-3d93-4487-8c62-a9f49ab48828,Boku Dake ga Inai Machi,Erased,Sanbe Kei,Sanbe Kei,Time Travel; Action; Psychological; Romance; Drama; School Life; Supernatural; Mystery; Tragedy,seinen,completed,2012.0,safe,ja,10883,9.0079,8.960280860858507,50,7,"[{""id"": ""05f12e6c-f37a-4731-915d-54494689d024"", ""relation"": ""doujinshi"", ""title"": ""Erased - Good Night, My Linus (Doujinshi)""}, {""id"": ""6fd03607-78bc-4716-ba98-34d1b9b77d8b"", ""relation"": ""doujinshi"", ""title"": ""Boku Dake ga Inai Machi - Shiiku Bako (Doujinshi)""}, {""id"": ""85140d98-e357-4227-ba3c-41afd658611d"", ""relation"": ""doujinshi"", ""title"": ""Boku Dake ga Inai Machi - Sayonara Rinri (Doujinshi)""}, {""id"": ""92647543-1dc2-4571-8c5a-2ff63f460bc7"", ""relation"": ""doujinshi"", ""title"": ""Boku dake ga Inai Machi - Bokura no Route C (Doujinshi)""}, {""id"": ""a4529383-69dc-4e1c-855c-104ba31d6a06"", ""relation"": ""doujinshi"", ""title"": ""Boku Dake ga Inai Machi - Hypno Wonder Land (Doujinshi)""}, {""id"": ""d9c0ae71-ae8d-47ec-b336-5dde7e3c7006"", ""relation"": ""doujinshi"", ""title"": ""Erased dj - Welcome Home, My Ataraxia""}, {""id"": ""ec6e4e68-7b41-4422-8590-eb8bea196da2"", ""relation"": ""doujinshi"", ""title"": ""Boku Dake ga xx na Machi""}]"
778,c089b50c-beeb-434a-ab8d-2676dc026564,"Lucky Me: I Secretly Cultivated for 1,000 Years","Lucky Me: I Secretly Cultivated for 1,000 Years",Xing Kong (星空社),Xing Kong (星空社),Reincarnation; Action; Long Strip; Romance; Martial Arts; Adventure; Harem; Wuxia; Isekai; Fantasy; Web Comic; Adaptation; Full Color,,ongoing,2022.0,safe,zh,10321,9.0582,8.959638211828034,22,0,[]
779,c16942fe-057e-4b84-b946-fda7f7b6b12d,Real demo Shiawase ni Shitekudasai ne?,"Be Happy in the Real World Too, Okay?",Shiborikasuko,Shiborikasuko,Romance; Comedy; Girls' Love; Harem; Isekai; School Life; Fantasy,,ongoing,2024.0,safe,ja,17770,9.021,8.95953262139114,27,0,[]
780,03cba9f4-6fc9-4840-8f56-c31af5d05174,Lonely Girl ni Hanataba o,A Bouquet for the Lonely Girl,Kashikaze,Kashikaze,Romance; Anthology; Girls' Love; Slice of Life,,completed,2024.0,safe,ja,2275,9.2136,8.959270232142579,5,1,"[{""id"": ""d7576e72-0301-4ed3-9137-722ed768bfda"", ""relation"": ""adapted_from"", ""title"": ""Lonely Girl ni Sakaraenai""}]"
781,9f7530e3-3fc0-4d2b-a1f9-00caadbf2d05,Fate/strange Fake,Fate/strange Fake,Narita Ryohgo; TYPE-MOON,Morii Shizuki,Thriller; Monsters; Action; Survival; Martial Arts; Magic; Gore; Drama; Fantasy; Police; Supernatural; Mystery; Adaptation; Tragedy,seinen,ongoing,2015.0,suggestive,ja,12973,9.1211,8.9591414092528,32,1,"[{""id"": ""21f5800a-13b8-44f1-8e50-3cff94f1397d"", ""relation"": ""same_franchise"", ""title"": ""Fate/stay night""}]"
782,a35a57b1-5dba-46bb-a985-244eb266b3f5,Boku ga Otto ni Deau made,Boku ga Otto ni Deau made,Nanasaki Ryosuke,Tsukizuki Yoshi,Romance; Boys' Love; Drama; Adaptation,seinen,completed,2020.0,safe,ja,3813,9.1163,8.958867269134673,42,0,[]
783,bebb20cd-89a1-4226-80f8-92d8ea12193d,"Honto wa Motto, Shitai dake",I Really Just Want to Do More,Takeshima Eku; Mizukusa Pan; Pastag (Circle),Takeshima Eku; Mizukusa Pan; Pastag (Circle),Oneshot; Girls' Love; Doujinshi,,completed,2024.0,suggestive,ja,5521,9.0284,8.958592666686792,6,1,"[{""id"": ""57a9a42d-350c-4c59-bffe-07eec885c8e6"", ""relation"": ""sequel"", ""title"": ""Honto wa Issho ni, Itai dake""}]"
784,48f9fb61-e165-4ec7-91c5-6772fa1a0274,Mizudako-chan kara wa Nigerarenai!,You Can't Escape from Mizudako-chan!,Megame,Megame,Romance; Comedy; School Life; Monster Girls; Web Comic; Slice of Life; Supernatural,seinen,ongoing,2023.0,safe,ja,22223,9.0152,8.958363205493523,16,0,[]
785,4d84cc9c-0f88-45d0-8700-d364d8ddbca9,Sabishisugite Les Fuuzoku ni Ikimashita Repo,My Lesbian Experience with Loneliness,Nagata Kabi,Nagata Kabi,Award Winning; Psychological; Girls' Love; Drama; Web Comic; Slice of Life; Tragedy,,completed,2016.0,suggestive,ja,14425,8.9832,8.958346878693645,69,7,"[{""id"": ""291ae721-f32f-4b16-90ca-3b90fa64376d"", ""relation"": ""sequel"", ""title"": ""Suizou ga Kowaretara, Sukoshi Iki Yasuku Narimashita""}, {""id"": ""48c61b89-6845-414c-8d87-05c824723f76"", ""relation"": ""sequel"", ""title"": ""Genjitsu Touhi Shitetara Boroboro ni Natta Hanashi""}, {""id"": ""65a2ca97-2f0c-4caf-af21-4984f1edf766"", ""relation"": ""side_story"", ""title"": ""Moto Rakugaki to One Room Kurashi""}, {""id"": ""79a9c643-1acd-4686-8b2d-deb7542f19ea"", ""relation"": ""sequel"", ""title"": ""Meisou Senshi Nagata Kabi""}, {""id"": ""ab2f278b-8bb8-41b8-8139-1d52484f66a7"", ""relation"": ""sequel"", ""title"": ""Ganbarisugi Jigoku kara Dasshutsu Shimashita Repo""}, {""id"": ""c07569f2-66ad-4776-ae91-367c2930ffe4"", ""relation"": ""sequel"", ""title"": ""Hitori Koukan Nikki""}, {""id"": ""ed09030e-0c1f-4079-bcca-bd3d502eb310"", ""relation"": ""sequel"", ""title"": ""Kore wa Yuganda Shokurepo desu""}]"
786,034c5f07-ea13-439b-801f-4a10f3c3debe,How to Draw a (Slightly) Sexy Girl,How to Draw a (Slightly) Sexy Girl,Houtengeki,Houtengeki,,,completed,,suggestive,ja,6335,9.1211,8.957239293074108,42,0,[]
787,ab925f6b-1526-44e0-94b4-af2bb5af2627,GIRLS und PANZER - Motto Love Love Sakusen desu!,GIRLS und PANZER - Motto Love Love Sakusen desu!,Nii Maruko,Nii Maruko,Comedy; School Life; Slice of Life,,ongoing,2013.0,safe,ja,3493,9.2919,8.956523539506595,15,1,"[{""id"": ""944570ea-1b4e-4f80-ada6-8b30aa5b9a2c"", ""relation"": ""adapted_from"", ""title"": ""Girls und Panzer""}]"
788,a1620de1-6eb6-4948-b228-b232f910155a,Adachi to Shimamura,Adachi and Shimamura,Iruma Hitoma,Yuzuhara Moke,Romance; Girls' Love; Drama; School Life; Adaptation,shounen,ongoing,2019.0,safe,ja,37841,8.983,8.956027021516014,136,3,"[{""id"": ""0ad5ad90-166e-4d2a-a46b-f3cfe2dc01bd"", ""relation"": ""alternate_story"", ""title"": ""Adachi to Shimamura""}, {""id"": ""0b50264d-80c8-47f1-b651-5271c4fccd3f"", ""relation"": ""spin_off"", ""title"": ""Adachi to Shimamura Koushiki Comic Anthology""}, {""id"": ""fc4b06ec-47fa-46f9-8237-1d73439a3e4a"", ""relation"": ""doujinshi"", ""title"": ""Adachi to Shimamura - I Wonder What I'm Drawing (Doujinshi)""}]"
789,e2785a91-460c-4d79-bb5b-f647a9d26b09,Kaichou wa Maid-sama! Marriage,Kaichou wa Maid-sama! Marriage,Fujiwara Hiro,Fujiwara Hiro,Romance; School Life,shoujo,completed,2013.0,safe,ja,5112,9.096,8.955990623253276,25,2,"[{""id"": ""56219b48-3203-416d-9ea8-acf5352f55a3"", ""relation"": ""main_story"", ""title"": ""Yuki wa Jigoku ni Ochiru no Ka""}, {""id"": ""d5e2bd89-e300-4262-a799-fb4f79bdb777"", ""relation"": ""main_story"", ""title"": ""Kaichou wa Maid-sama!""}]"
790,61526d2c-1a12-402e-9072-76d4a8010cbd,Mairimashita! Iruma-kun: Kalego Gaiden,Mairimashita! Iruma-kun: Kalego Gaiden,Nishi Osamu ,Nishi Osamu ,Monsters; Action; Demons; Comedy; Magic; School Life; Fantasy,shounen,completed,2021.0,safe,ja,5600,9.0928,8.955667275048071,13,5,"[{""id"": ""4a904949-da95-4d7d-8b39-9af045ccc25e"", ""relation"": ""same_franchise"", ""title"": ""Mairimashita! Iruma-kun: Boku Doumei no Game-michi""}, {""id"": ""a2263632-9329-4e3d-95d5-ee9022128581"", ""relation"": ""same_franchise"", ""title"": ""After School! Iruma-kun""}, {""id"": ""c8a49176-cf28-42e5-960e-8efd2d903323"", ""relation"": ""same_franchise"", ""title"": ""We are the Main Characters of the Demon World!""}, {""id"": ""d7037b2a-874a-4360-8a7b-07f2899152fd"", ""relation"": ""main_story"", ""title"": ""Mairimashita! Iruma-kun""}, {""id"": ""ea47525d-99df-45b5-9103-dd853f49f8c3"", ""relation"": ""same_franchise"", ""title"": ""Mairimashita! Iruma-kun - If Episode of Mafia""}]"
791,6f18c4ef-3eb6-40ee-98a4-507343f05855,The Novel’s Extra,The Novel’s Extra,Jee Gab Song (지갑송),CarroToon (캐롯툰),Reincarnation; Monsters; Action; Demons; Long Strip; Adventure; Magic; Isekai; Drama; School Life; Fantasy; Web Comic; Adaptation; Full Color,,ongoing,2022.0,safe,ko,21680,9.0066,8.955591237048365,14,1,"[{""id"": ""45bc4fce-f59a-4a3b-85bd-d561d73633b3"", ""relation"": ""alternate_story"", ""title"": ""The Novel's Extra""}]"
792,84703c86-eb83-45ec-8fc5-f34a25115893,Dai Dark,Dai Dark,Hayashida Q,Hayashida Q,Sci-Fi; Action; Demons; Comedy; Survival; Adventure; Gore; Horror; Aliens; Supernatural,shounen,ongoing,2019.0,safe,ja,29493,9.0089,8.955385408395221,112,0,[]
793,1b46b76c-bd79-4d42-8b21-e199993fee49,Houkago,Houkago,Ooshima Towa (大島永遠),Ooshima Tomo,Romance; Comedy; Girls' Love; Doujinshi; School Life,,ongoing,2018.0,suggestive,ja,22758,8.9907,8.955073161413836,96,0,[]
794,16821c7e-c93e-4bd2-8b0b-c27f2476d952,Gokusen,Gokusen,Morimoto Kozueko,Morimoto Kozueko,Action; Romance; Comedy; Mafia; School Life; Delinquents; Slice of Life,josei,completed,1999.0,safe,ja,5119,9.0589,8.954841513613681,45,0,[]
795,418861d1-815e-4b01-8347-eba0d687df25,When the Villainess Meets the Yandere,When the Villainess Meets the Yandere,Liu Bei Li (六倍利); Opal Comics (欧泊漫社),Opal Comics (欧泊漫社),Long Strip; Romance; Girls' Love; Drama; Fantasy; Villainess; Full Color,,ongoing,2023.0,safe,zh,14065,9.0167,8.95475415632019,26,0,[]
796,eeea01ed-4838-45ca-8e90-88d6f6e95603,Cuprum no Hanayome,The Coppersmith's Bride,namo,namo,Romance; Comedy; Slice of Life; Gyaru,seinen,ongoing,2020.0,safe,ja,27887,9.0192,8.9545348433188,106,0,[]
797,88887312-c0bb-4da5-abcd-4de7310b8b64,Onii-chan to Mitsugo no Imouto-tachi,Older brother and triplets,himaro,himaro,Comedy; Web Comic; Slice of Life; Full Color,,ongoing,2020.0,safe,ja,12794,9.06,8.954092131217992,8,0,[]
798,a500b8f7-5aa4-4bec-bf42-ba9a95af8997,Einen Koyou wa Kanou deshou ka,Re-employment Life with an Unsociable Untalkative Magician,yokuu,Nashikawa Risa,Animals; Romance; Comedy; Magic; Drama; Fantasy; Slice of Life; Supernatural; Adaptation,shoujo,ongoing,2022.0,safe,ja,16379,9.0285,8.95375109997654,14,0,[]
799,df6c5e34-ee07-4f63-acaf-d0924027ca2f,Pen Pal at the End of the World,Pen Pal at the End of the World,Sekka Iwata,Matsuura Kento,Oneshot; Adventure; Post-Apocalyptic; Philosophical; Drama,shounen,completed,2021.0,safe,ja,4517,9.0616,8.952983402047487,7,0,[]
800,6c8ba6d0-e615-480d-a79f-e8ad2d01a893,Hoshiboshi no Tenkyuu no Saki e,Beyond the Celestial Sphere of Stars,MOGU (모귯),MOGU (모귯),Oneshot; Sports; Girls' Love; Doujinshi; Drama; Web Comic,,completed,2025.0,safe,ja,783,9.3571,8.952881825394837,4,1,"[{""id"": ""50d011bb-09a6-46c7-8078-7ba96558a864"", ""relation"": ""based_on"", ""title"": ""Uma Musume (Franchise)""}]"
801,ece206e2-1199-48e4-a88c-1f99af3d5378,Fabre in Sacheondangga,The Sichuan Tang Clan’s Entomologist,SAMmagicboy (지대공마법소년); Ereuhut (에르훗),Kraken (크라켄),Reincarnation; Historical; Action; Animals; Long Strip; Romance; Comedy; Martial Arts; Adventure; Wuxia; Isekai; Drama; Fantasy; Adaptation; Full Color,,ongoing,2024.0,safe,ko,19308,9.022,8.952498760030782,12,0,[]
802,331deec0-fb1a-4680-9248-8a0fc55b5b07,Ajin,Ajin: Demi-Human,Sakurai Gamon; Miura Tsuina,Sakurai Gamon,Sci-Fi; Monsters; Action; Psychological; Adventure; Military; Drama; Horror; Police; Supernatural; Mystery; Tragedy,seinen,completed,2012.0,safe,ja,25248,8.9996,8.952423347122663,68,0,[]
803,46b5534d-ef35-46ed-b169-c83a4f207c7e,This Girl Is a Little Wild,This Girl Is a Little Wild,303 Planet,Coyo,Reincarnation; Action; Demons; Long Strip; Romance; Comedy; Magic; Fantasy; Adaptation; Full Color,,cancelled,2018.0,safe,ko,41045,8.9805,8.952273642126784,428,0,[]
804,71d51fb0-fc54-400a-8819-c12ae212ed73,Happiness Rides a Broomstick,Happiness Rides a Broomstick,Yeongol,Yeongol,Long Strip; Romance; Comedy; Girls' Love; Drama; Fantasy; Web Comic; Full Color,,ongoing,2022.0,safe,ko,5836,9.1062,8.952042913731342,16,0,[]
805,ced1a3f9-9a34-4ada-a3b7-ca773e5af0b8,Piccolina,Piccolina,Ohtsuki Ichika,Ohtsuki Ichika,Romance; Comedy; Slice of Life; Cooking,seinen,ongoing,2021.0,suggestive,ja,16581,9.0421,8.9516618918331,33,0,[]
806,93dd0978-4b78-441f-bc70-73b42f4ea2af,Touhou - The Immortal Who Saw the Death of The Universe (Doujinshi),Touhou - The Immortal Who Saw the Death of The Universe (Doujinshi),ALISON; ALISON Airlines (Circle),ALISON,Psychological; Comedy; Adventure; Doujinshi; Drama; Full Color,,completed,2016.0,safe,ja,824,9.1743,8.95153341367632,20,0,[]
807,9f39246a-8b05-4b19-b822-727e748723dc,Aharen-san wa Hakarenai,Aharen-san wa Hakarenai,Mizu Asato,Mizu Asato,Romance; Comedy; School Life; Slice of Life,,completed,2017.0,safe,ja,38198,8.9849,8.951100291791057,199,0,[]
808,f77aca92-0b8d-4583-9294-8644f71b1e01,Negative Yuusha to Maou-gun Kanbu,Negative Hero and Demon King's General,Hamachon,Hamachon,Demons; Comedy; Adventure; Magic; Drama; Fantasy; Monster Girls; Web Comic; Slice of Life,,ongoing,2018.0,safe,ja,52503,8.9781,8.951010102656165,183,0,[]
809,163d2946-38e7-4b98-add6-825e4298f30b,Sylph no Hanahime (Twitter Version),The Princess of Sylph,Kamejiro,Kamejiro,Action; Romance; Adventure; Magic; Girls' Love; Fantasy; Web Comic,,ongoing,2019.0,suggestive,ja,4435,9.152,8.950734264208977,1,0,[]
810,e3da26d8-f20f-4336-b5c6-faf4f342cb91,Daytime Star,Daytime Star,Chae-eun ,Godago,Long Strip; Romance; Drama; Web Comic; Adaptation; Full Color,shoujo,completed,2021.0,safe,ko,2203,9.3229,8.950565724843191,0,0,[]
811,f157eb1e-3468-4abc-9541-472e59633ced,My Mom's a Superstar,My Mom's a Superstar,Shi Yi Er (时一二),Shi Yi Er (时一二),Long Strip; Romance; Comedy; Girls' Love; Web Comic; Slice of Life; Full Color,shoujo,ongoing,2021.0,safe,zh,11225,9.0295,8.950361223286682,14,0,[]
812,b9419475-8b1a-44f4-92e6-e0b038235084,Kantai Collection X Fast & Furious (Doujinshi),Kantai Collection X Fast & Furious (Doujinshi),Chorfsimin,Chorfsimin,Oneshot; Action; Comedy; Crime; Military; Doujinshi; Monster Girls; Full Color,,completed,2022.0,safe,ja,668,9.3275,8.950085731294335,4,0,[]
813,aa4774a1-1ffc-4bc4-88f5-042a6d329f7b,Heunhan Binguimurin Jul Aratda,Not Your Typical Reincarnation Story,DOYOSAY; Lemon Frog (레몬개구리),Ajin (아진),Reincarnation; Time Travel; Long Strip; Romance; Isekai; Fantasy; Villainess; Adaptation; Full Color,,completed,2023.0,safe,ko,12357,9.0214,8.949713505299854,21,0,[]
814,94eb0afc-293c-4323-96b8-89c46de463e6,Gokurakugai Sanbandoori no Ken,Gokurakugai Sanbandoori no Ken,Sano Yuto,Sano Yuto,Oneshot; Action; Comedy; Crime; Drama; Delinquents; Monster Girls; Supernatural,shounen,completed,2020.0,safe,ja,8341,9.003,8.94964199559025,50,0,[]
815,b8d71714-683a-4a78-9607-597e7c8312ad,Gamjeong ui Ireum,The Name Of My Feelings,Kang Unnie,Misspm,Oneshot; Long Strip; Romance; Incest; Girls' Love; Web Comic; Full Color,,completed,2024.0,erotica,ko,8965,8.987,8.949542660318956,11,0,[]
816,3b6c3a0b-8752-41fc-9d3e-1310f6f28252,Giant Killing,Giant Killing,Tsunamoto Masaya,Tsujitomo,Award Winning; Comedy; Sports; Drama,seinen,ongoing,2007.0,safe,ja,7770,9.1292,8.949496265794602,50,19,"[{""id"": ""0e06fc37-7520-480c-bcad-ef3150a285ba"", ""relation"": ""doujinshi"", ""title"": ""Giant Killing - Nagarenai Hoshi ni Negau na (Doujinshi)""}, {""id"": ""1a612383-b17d-4304-a351-044be8afa51e"", ""relation"": ""doujinshi"", ""title"": ""Giant Killing - Ptisenbon (Doujinshi)""}, {""id"": ""1d735b8f-73b9-473b-8fdd-d96d1a726794"", ""relation"": ""doujinshi"", ""title"": ""Giant Killing - Man of the Match (Doujinshi)""}, {""id"": ""27a5fcd4-8db2-49e1-ad6c-b4e7675a2124"", ""relation"": ""doujinshi"", ""title"": ""Giant Killing - Unbalance (Doujinshi)""}, {""id"": ""3ac30cbf-78c9-4292-a448-e7b9113e7a3d"", ""relation"": ""doujinshi"", ""title"": ""Giant Killing - That Summer Day's Song (Doujinshi)""}, {""id"": ""4ada0cc2-f0e3-4215-889e-a80dfd67925d"", ""relation"": ""doujinshi"", ""title"": ""Giant Killing - The Drunk Dog's Dream (Doujinshi)""}, {""id"": ""4b7e0d6c-e790-4fe9-af28-f281cb4089a1"", ""relation"": ""doujinshi"", ""title"": ""Giant Killing - 3 Months, 5 Minutes Older (Doujinshi)""}, {""id"": ""51ac8433-95a8-49ed-a7e6-06cd2ba38888"", ""relation"": ""doujinshi"", ""title"": ""Giant Killing - Ai to Hana to Heiwa no Kankin (Doujinshi)""}, {""id"": ""5588299f-68b9-4c5f-bac9-fa212dfe5384"", ""relation"": ""doujinshi"", ""title"": ""Giant Killing - Everyday Indecision (Doujinshi)""}, {""id"": ""68f99bdd-e00e-456f-8f53-cbf356e90333"", ""relation"": ""doujinshi"", ""title"": ""Giant Killing - Akasaki-shi's Secret (Doujinshi)""}, {""id"": ""6e3f0c46-1f0a-4572-9f5a-ba92584eb7b1"", ""relation"": ""doujinshi"", ""title"": ""Giant Killing - Let Me Sleep by Your Side (Doujinshi)""}, {""id"": ""6ef2a752-de78-4a2f-967f-64efd9615d39"", ""relation"": ""doujinshi"", ""title"": ""Giant Killing - Irokoizata (Doujinshi)""}, {""id"": ""8d4be918-c518-4012-b718-aac3e5003826"", ""relation"": ""doujinshi"", ""title"": null}, {""id"": ""90a6c41a-2c54-4f65-b86e-b7956b1f0647"", ""relation"": ""doujinshi"", ""title"": ""Giant Killing - Happy Coach Day! (Doujinshi)""}, {""id"": ""c40281ae-0bd7-42a0-bac7-0103dba0bd3e"", ""relation"": ""doujinshi"", ""title"": ""Giant Killing - Turn Up The Sun (Doujinshi)""}, {""id"": ""caaf2ac9-ea08-44f7-8e3f-b636f5d79df8"", ""relation"": ""doujinshi"", ""title"": ""Giant Killing - Grab The Sun In His Hands (Doujinshi)""}, {""id"": ""d0b3b50b-45c6-4ad2-83d6-19354591b835"", ""relation"": ""doujinshi"", ""title"": ""Giant Killing - Time After Time, Again (Doujinshi)""}, {""id"": ""d5112feb-0af9-4d36-b43e-3bbf2a76526e"", ""relation"": ""doujinshi"", ""title"": ""Giant Killing - First Love, Unrequited Love (Doujinshi)""}, {""id"": ""f897b9ae-208f-43d3-aecb-46348310b990"", ""relation"": ""doujinshi"", ""title"": ""Giant Killing - Web Sairoku Hon (Doujinshi)""}]"
817,23a2a55e-aa51-4c4b-8f8e-dd91b4b654e8,This Witch of Mine,This Witch of Mine,Haeyoon; Mas,Haeyoon; Mas,Long Strip; Romance; Magic; Drama; Fantasy; Web Comic; Mystery; Full Color; Tragedy,,completed,2015.0,safe,ko,3857,9.1797,8.948195324701926,33,0,[]
818,6fcfaa0e-6023-403e-97f9-5301dd3c258c,Hellsing,Hellsing,Hirano Kouta,Hirano Kouta,Historical; Action; Sexual Violence; Magic; Military; Gore; Horror; Vampires; Supernatural,seinen,completed,1997.0,suggestive,ja,12507,9.0223,8.947781833634487,14,2,"[{""id"": ""6be71470-7f0f-4bdd-b01c-e1fd4d711824"", ""relation"": ""doujinshi"", ""title"": ""Higurasing""}, {""id"": ""da474214-2f0a-4c1f-9a74-5ca86522dfdf"", ""relation"": ""prequel"", ""title"": ""Hellsing - The Dawn""}]"
819,31c3484e-1832-44c1-b43a-dee39e32c3bd,Innocent Rouge,Innocent Rouge,Sakamoto Shinichi,Sakamoto Shinichi,Award Winning; Historical; Psychological; Sexual Violence; Military; Philosophical; Gore; Drama; Tragedy,seinen,completed,2015.0,safe,ja,7614,9.078,8.947771573977255,26,1,"[{""id"": ""fa85b2aa-370c-41c5-96ae-29b05c848f3d"", ""relation"": ""prequel"", ""title"": ""Innocent""}]"
820,290c8cbc-d3de-4fca-b7d6-8d72f3beb9b0,Hikagemono demo Yarinaoshite Ii desu ka?,Are Social Outcasts Even Allowed to Start Over?,Yuuchi Mikumi,Yuuchi Mikumi,Time Travel; Romance; Comedy; Reverse Harem; Harem; Drama; School Life; Slice of Life,seinen,ongoing,2024.0,safe,ja,25173,8.9918,8.947703688661576,57,0,[]
821,91b67596-9bc3-48f5-8aad-02ff520fdfa9,Eoneu Mabeopsa ui Sikdang,The Archmage's Restaurant,Bad Boys (배드보이즈); chassi (차씨),Studio Inus (스튜디오 이너스),Reincarnation; Monsters; Action; Long Strip; Romance; Comedy; Adventure; Magic; Isekai; Fantasy; Web Comic; Slice of Life; Cooking; Adaptation; Full Color,,ongoing,2023.0,safe,ko,32213,8.9897,8.947353906484807,34,0,[]
822,62642f72-ed18-46f9-a8dd-4add20b752fc,Kuma to Usagi wa Tomodachi de wa Irarenai (Pre-Serialization),Bear and Bunny Cannot Be Friends (Pre-Serialization),Inuyoshi Akira,Inuyoshi Akira,Romance; Comedy; Delinquents; Web Comic,,ongoing,2024.0,suggestive,ja,51380,8.9727,8.945966853193285,61,1,"[{""id"": ""013e4333-03ef-4ce3-bbaa-1d5a5b9dfd2c"", ""relation"": ""alternate_version"", ""title"": ""Kuma to Usagi wa Tomodachi dewa Irarenai R18""}]"
823,93baa07a-1a77-4fd9-a227-a9b16b5c1a4c,Danchigai,Danchigai,Yoneda Kazusa,Yoneda Kazusa,Comedy; 4-Koma; School Life; Slice of Life,,completed,2011.0,safe,ja,12983,9.0353,8.945701924451097,157,2,"[{""id"": ""7a283f32-e169-44b4-a861-0cc54a622338"", ""relation"": ""shared_universe"", ""title"": ""Akuyaku Ouji wa Koi ga Dekinai""}, {""id"": ""efd5cc83-c318-4704-a450-46d475c1dded"", ""relation"": ""adapted_from"", ""title"": ""Shimai Chigai""}]"
824,0118e4d2-2dd8-44eb-8a42-0f8d53e809c4,Isegye seo Yubunam Doen Sseol,I Became A Married Man in Another World,베르헤라; 김혜령,베르헤라; 김혜령,Action; Long Strip; Romance; Comedy; Adventure; Drama; Fantasy; Slice of Life; Adaptation; Full Color,,ongoing,2026.0,safe,ko,3749,9.2281,8.94541608786676,5,0,[]
825,8de2456c-95ef-4958-8f27-af7a4cc275b7,Radiant,Radiant,Tony Valente,Tony Valente,Monsters; Action; Ghosts; Animals; Comedy; Adventure; Magic; Military; Drama; Fantasy; Police; Slice of Life; Supernatural; Mystery; Tragedy,,ongoing,2013.0,safe,fr,18303,9.0135,8.945162982049258,213,2,"[{""id"": ""2910f3bb-5f3c-408a-b861-786048b2b4c6"", ""relation"": ""side_story"", ""title"": ""Fabula Fantasia""}, {""id"": ""553d7ab9-5657-418f-9e4b-070d5b9141eb"", ""relation"": ""spin_off"", ""title"": ""Cyfandir Chronicles""}]"
826,c9a891f6-9f4b-487d-8b62-7abb0e3f59c8,Under the Oak Tree,Under the Oak Tree,Namu; Suji Kim,P (sicut_vis),Long Strip; Romance; Magic; Drama; Fantasy; Adaptation; Full Color,,ongoing,2020.0,suggestive,ko,44464,8.9818,8.943911063703236,375,0,[]
827,37bf7574-641e-4665-b992-f2ba8d4652b8,Houseki no Kuni (Minimalist Color),Country of Jewels,Ichikawa Haruko,Ichikawa Haruko,Action; Fan Colored; Adventure; Drama; Mystery,seinen,ongoing,2012.0,safe,ja,3720,9.3594,8.943841296779176,19,0,[]
828,257e0e31-e1b1-4f06-8d4e-804e78e6dcf8,Drunken My Boss,Drunken My Boss,BBTan,BBTan,Ghosts; Long Strip; Girls' Love; Full Color,,ongoing,2024.0,erotica,ko,10693,9.0448,8.94339714220497,13,1,"[{""id"": ""4841523d-74a7-4f8c-b30f-11c127227255"", ""relation"": ""sequel"", ""title"": null}]"
829,e2cce29d-366a-4581-b771-77eefcea5225,Atarashii Joushi wa Dotennen,My New Boss is a Natural Airhead,Ichikawa Dan,Ichikawa Dan,Award Winning; Comedy; Office Workers; Slice of Life,seinen,ongoing,2019.0,safe,ja,3744,9.2443,8.942572925990726,60,0,[]
830,b5b21ca1-bba5-4b9a-8cd1-6248f731650b,Shuumatsu no Valkyrie,Record of Ragnarok,Umemura Shinya; Fukui Takumi,Azychika,Action; Survival; Martial Arts; Adventure; Post-Apocalyptic; Magic; Gore; Fantasy; Supernatural; Tragedy,seinen,ongoing,2017.0,suggestive,ja,113714,8.9525,8.942563734503379,726,6,"[{""id"": ""32dfa44f-1077-4ed2-bedc-b7707788fb1b"", ""relation"": ""shared_universe"", ""title"": ""Chiruran: Shinsengumi Requiem""}, {""id"": ""6676aef9-cf30-4950-9a20-e0382b5e7447"", ""relation"": ""side_story"", ""title"": ""Shuumatsu no Valkyrie Kinden - Kamigami no Apocalypse""}, {""id"": ""98b0d83a-f3c8-4677-ab9e-1a3576654b8f"", ""relation"": ""doujinshi"", ""title"": ""Record of Ragnarok - Humanity's Extermination (Doujinshi)""}, {""id"": ""a4ba84a7-2e74-4c91-afb4-9b81ef8c1650"", ""relation"": ""spin_off"", ""title"": ""Shuumatsu no Valkyrie Ibun - Ryo Fu Housen Hishouden""}, {""id"": ""f60fd694-43af-490a-a744-d01ccfad5261"", ""relation"": ""alternate_version"", ""title"": ""Shuumatsu No Valkyrie (Webtoon)""}, {""id"": ""f6f3fe1c-c086-4f50-a8cf-3ec48fa3f3a8"", ""relation"": ""spin_off"", ""title"": ""Shuumatsu no Valkyrie Kitan - Jack the Ripper no Jikenbo""}]"
831,688eee00-d587-4998-a999-652767aac846,Koutsugou Semi-Friend,Convenient Semi-Friend,Chigusa Minori,Chigusa Minori,Romance; Comedy; Girls' Love; 4-Koma; School Life,seinen,ongoing,2023.0,suggestive,ja,29645,8.9771,8.942329561486893,20,1,"[{""id"": ""561cf196-01a3-4c38-a838-5c6bf84ab24d"", ""relation"": ""alternate_version"", ""title"": ""Shino to Ren""}]"
832,ac0e6974-8555-4637-93fe-bd3a78104923,The World God Only Knows,The World God Only Knows,Wakaki Tamiki,Wakaki Tamiki,Demons; Romance; Comedy; Harem; School Life; Supernatural; Mystery,shounen,completed,2008.0,safe,ja,15784,8.978,8.94219326269505,82,13,"[{""id"": ""0a27ad04-ebdb-4d0f-83c5-b59f1f9c7da5"", ""relation"": ""doujinshi"", ""title"": ""The World God Only Knows - Kami mo Shira Nai Sekai (Doujinshi)""}, {""id"": ""5bdb0476-3a0d-4c9a-9db5-e6b8f062fad4"", ""relation"": ""doujinshi"", ""title"": ""The World God Only Knows - Sukima no nai Sekai (Doujinshi)""}, {""id"": ""6f1e3c81-3114-4bb3-81a2-768aa8e93965"", ""relation"": ""doujinshi"", ""title"": ""The World God Only Knows - Kami-sama Kurashi (Doujinshi)""}, {""id"": ""75af0223-9b40-46c5-9302-b98dcfc1e5fd"", ""relation"": ""spin_off"", ""title"": null}, {""id"": ""787fb99e-18ea-406c-a4c5-3815b1dfda46"", ""relation"": ""doujinshi"", ""title"": ""The World God Only Knows - Nanjaku Shinan (Doujinshi)""}, {""id"": ""8be47cd5-32aa-414e-b553-dee387f6c12b"", ""relation"": ""doujinshi"", ""title"": ""The World God Only Knows - Otoko o Otosu Tsumori ga Gyaku ni Otosarete Shimatta Kami-sama no Hon (Doujinshi)""}, {""id"": ""b2e4fd58-3831-409d-bb27-9f832b028abe"", ""relation"": ""doujinshi"", ""title"": ""The World God Only Knows - Chikuchou Chocolate (Doujinshi)""}, {""id"": ""c45e518f-c454-447d-abaf-af34c6cb17b1"", ""relation"": ""doujinshi"", ""title"": ""Kami nomi zo Shiru Sekai - Kami-sama o Chikan (Doujinshi)""}, {""id"": ""d1741627-20fd-4377-a963-8c3d538b24b2"", ""relation"": ""spin_off"", ""title"": ""Kami nomi zo Shiru Sekai: On the Train + Pilot Films""}, {""id"": ""e03b47e1-8504-44dc-879d-31af8bbe80c5"", ""relation"": ""doujinshi"", ""title"": ""Neko wa Manma ga Utsukushii Matomebon (Doujinshi)""}, {""id"": ""e7329b4c-40f0-4b8f-a20f-efde999f2d01"", ""relation"": ""doujinshi"", ""title"": ""The World God Only Knows - Magibore (Doujinshi)""}, {""id"": ""e9996683-f43a-4600-8764-3bec45f6e5ff"", ""relation"": ""doujinshi"", ""title"": ""The World God Only Knows - Tachiyomi Senyou Vol. 28 (Doujinshi)""}, {""id"": ""ee7387b9-1c87-4eed-9871-d860136f94d9"", ""relation"": ""spin_off"", ""title"": ""Magical☆Star Kanon 100%""}]"
833,52ed62f8-2baf-4d7d-8948-dad4041fbab6,Spirit Fingers,Spirit Fingers!,Han Kyoung Chal (한경찰),Han Kyoung Chal (한경찰),Long Strip; Romance; Comedy; Drama; Web Comic; Slice of Life; Full Color,josei,completed,2015.0,safe,ko,1865,9.3261,8.941670708982008,28,0,[]
834,03f093d8-b9ca-487a-891b-4d2c5fc99601,My Gemini,My Gemini,Morikawa Yuu,Morikawa Yuu,Historical; Drama; School Life; Slice of Life; Mystery,shoujo,completed,2018.0,safe,ja,1708,9.2355,8.941584791013373,7,0,[]
835,871c0581-f894-4772-8a3e-7ec97ab592a0,Kekkai Sensen: Back 2 Back,Kekkai Sensen: Back 2 Back,Nightow Yasuhiro,Nightow Yasuhiro,Time Travel; Monsters; Action; Animals; Comedy; Crime; Martial Arts; Adventure; Office Workers; Video Games; Magic; Vampires; Slice of Life; Supernatural; Mystery,shounen,completed,2015.0,safe,ja,4821,9.3048,8.941511808875848,11,2,"[{""id"": ""8fa8bba1-556c-475d-be40-581ca5f764d0"", ""relation"": ""prequel"", ""title"": ""Kekkai Sensen""}, {""id"": ""a2dc9b43-a905-448e-9669-41959300aa11"", ""relation"": ""sequel"", ""title"": ""Kekkai Sensen Beat 3 Peat""}]"
836,74502f72-ad26-4af1-846c-de18061107a0,Non Non Biyori,Non Non Biyori,Atto (あっと),Atto (あっと),Comedy; School Life; Slice of Life,seinen,completed,2009.0,safe,ja,4956,9.2895,8.940821598660744,25,16,"[{""id"": ""158ae112-936c-46d4-98be-c41b13cb5048"", ""relation"": ""doujinshi"", ""title"": ""Koraku (Doujinshi)""}, {""id"": ""4b6543cb-794b-4a8d-aaa5-1299acdae587"", ""relation"": ""doujinshi"", ""title"": ""Non Non Biyori - Jian Biyori (Doujinshi)""}, {""id"": ""540af782-5e99-4801-8247-027226a33662"", ""relation"": ""doujinshi"", ""title"": ""Portable.""}, {""id"": ""540ba0fd-e5dd-4e4a-9515-39f2d9092c96"", ""relation"": ""side_story"", ""title"": ""Non Non Biyori Vacation - Nyanpasu Picture Diary""}, {""id"": ""54420051-61a5-4d7c-af57-3e2781069729"", ""relation"": ""doujinshi"", ""title"": ""Non Non Biyori - Crazy Love (Doujinshi)""}, {""id"": ""5542238d-2cc7-4a19-89e1-1f9f76270910"", ""relation"": ""doujinshi"", ""title"": ""Non Non Biyori - Dagashiya-san no Oshigoto (Doujinshi)""}, {""id"": ""5a25d37b-2398-4958-83c1-b71c3c7dcb8b"", ""relation"": ""adapted_from"", ""title"": ""Toko-Toko""}, {""id"": ""5dd9ec36-6b36-4c48-8c17-244020d20d44"", ""relation"": ""side_story"", ""title"": ""Non Non Biyori Vacation Special Booklet""}, {""id"": ""9126a9fb-6510-4068-a01c-4061f8a1f953"", ""relation"": ""spin_off"", ""title"": ""Non Non Biyori Official Anthology""}, {""id"": ""9395d870-cf21-48ac-94d8-09e77d2abdcd"", ""relation"": ""doujinshi"", ""title"": ""Non Non Biyori - Onee-chan Nanon (Doujinshi)""}, {""id"": ""99cee2c6-a7ea-4fc2-a692-a0c34cd50af6"", ""relation"": ""doujinshi"", ""title"": ""Non Non Biyori - Zun Zun Biyori (Doujinshi)""}, {""id"": ""9f10f2b6-a57b-4301-a5e3-21de9a11c5f4"", ""relation"": ""doujinshi"", ""title"": ""Non Non Biyori - Bin Bin Biyori (Doujinshi)""}, {""id"": ""c19e3cff-8c71-4694-83fd-9396429eec6b"", ""relation"": ""shared_universe"", ""title"": ""Koakuma Meringue""}, {""id"": ""ca65996a-2aea-4a3f-854a-0918d49c1ce5"", ""relation"": ""side_story"", ""title"": ""Non Non Biyori All Color Manga""}, {""id"": ""d160a8eb-e6c0-418b-8e1e-e3dbb260888f"", ""relation"": ""doujinshi"", ""title"": ""Non Non Biyori - Kan Kan Biyori (Doujinshi)""}, {""id"": ""df600a28-6807-4aba-9777-c54f32ee9cab"", ""relation"": ""side_story"", ""title"": ""Non Non Biyori Remember""}]"
837,6e5ddee5-eccb-48cc-b6bb-43488cc9791f,Vagabond (Hong Kong Colored Version),Vagabond (Hong Kong Colored Version),Inoue Takehiko; Yoshikawa Eiji,Inoue Takehiko,Official Colored; Historical; Action; Psychological; Romance; Comedy; Martial Arts; Adventure; Sexual Violence; Gore; Drama; Tragedy,,hiatus,,safe,zh-hk,2858,9.4845,8.939238707671915,12,0,[]
838,68da21ba-6875-4b3e-b79f-8e3492fc1260,Blue Archive x Kamen Rider Decade - Schale no Kadoya Tsukasa-sensei Gainen (Doujinshi),The concept of Tsukasa Kadoya-sensei’s Schale,Nogawa Serori,Nogawa Serori,Action; Comedy; Doujinshi; Web Comic,,ongoing,2024.0,safe,ja,1721,9.445,8.938975824286258,15,1,"[{""id"": ""2708c6fa-0f64-4020-81df-9fcb010825d4"", ""relation"": ""spin_off"", ""title"": ""Blue Archive x Kamen Rider Decade - Lens no Naka no Hakobune (Doujinshi)""}]"
839,9ef560c3-e1b9-4451-9103-1fc5af45c09e,I'm Still Alive...,,Motomiya Hiroshi,Motomiya Hiroshi,Psychological; Survival; Office Workers; Drama; Slice of Life,seinen,completed,2006.0,safe,ja,1451,9.0834,8.93880657234814,35,1,"[{""id"": ""bd47564f-774b-4464-88a5-dd0f284603c3"", ""relation"": ""sequel"", ""title"": ""I'm Still Alive... 2""}]"
840,027df837-7a15-4893-9dc3-e2ae11b94717,Onii-chan wa Oshimai! Koushiki Anthology Comic,Onii-chan is Done For! Official Anthology Comic,Minamito; Kobayashi Kina; Adachi Imaru; Toyobayashi Sakane; Kamaboko RED; zinbei; Sasuke; Mori Misaki; Hami; Fukuoka Tarou; Ronna (ろんな); Yuuki Shinichi; Hara Yui; Tomoe (TOもえ); Dobato; Kometsubu; Tadano Natsu (タダノなつ) ; Onio; Tokita Shigure; Yuuchi Mikumi; Asazuki Norito; Nekoume; Cool-kyou Shinja; Tsuchii; Yukimoto Shuuji; Terai Akane; Igarashi Masakuni; 9℃; Kawamura Taku; Fujichika Koume; Okada Anmitsu; Kakitsubata Waka; Suka; moricocco; Hatopopoko; Ouchi Kaeru (御家かえる); Namori; majoccoid; Sorato Shunsuke; Yuuki Suzu; Hori; Ceramic; Rucchiifu,Minamito; Kobayashi Kina; Adachi Imaru; Toyobayashi Sakane; Kamaboko RED; zinbei; Sasuke; Mori Misaki; Hami; Fukuoka Tarou; Ronna (ろんな); Yuuki Shinichi; Hara Yui; Tomoe (TOもえ); Dobato; Kometsubu; Tadano Natsu (タダノなつ) ; Onio; Tokita Shigure; Yuuchi Mikumi; Asazuki Norito; Nekoume; Cool-kyou Shinja; Tsuchii; Yukimoto Shuuji; Terai Akane; Igarashi Masakuni; 9℃; Kawamura Taku; Fujichika Koume; Okada Anmitsu; Kakitsubata Waka; Suka; moricocco; Hatopopoko; Ouchi Kaeru (御家かえる); Namori; majoccoid; Sorato Shunsuke; Yuuki Suzu; Hori; Ceramic; Rucchiifu,Genderswap; Comedy; Anthology; Slice of Life,seinen,ongoing,2021.0,safe,ja,12542,9.0234,8.938228503484062,14,1,"[{""id"": ""ed996855-70de-449f-bba2-e8e24224c14d"", ""relation"": ""main_story"", ""title"": ""Onii-chan wa Oshimai!""}]"
841,915412e0-ffc6-4b36-a75c-11a6d9f09244,Pogeuraendeu,Fog Land,Pogo,Pogo,Monsters; Action; Demons; Long Strip; Crime; Survival; Adventure; Gore; Web Comic; Supernatural; Full Color,,ongoing,2025.0,safe,ko,3380,9.1946,8.937726901886752,6,0,[]
842,6a42c61e-1f61-4bfe-b78b-865e0e3ee0a5,It Shows Right Away in Nijime-san's Eyes,It Shows Right Away in Nijime-san's Eyes,Yaki Tomato,Yaki Tomato,Oneshot; Romance; Comedy; School Life; Web Comic; Slice of Life,,completed,2022.0,safe,ja,9216,8.9787,8.937706873345288,6,0,[]
843,7991e715-40ae-4c3e-b0e0-aa8bee90ece7,Shachou to Sake to Hoshi,"Me and the Prez, Drinking Under the Stars",Zurikishi,Zurikishi,Romance; Comedy; Office Workers; Slice of Life,seinen,ongoing,2025.0,suggestive,ja,70012,8.9587,8.937548327650267,88,1,"[{""id"": ""f654255b-a884-4141-a568-c94561da31b6"", ""relation"": ""shared_universe"", ""title"": ""Half Succubus wo Hirotta""}]"
844,9116f6af-c2c5-44f8-b5c3-dec53aa11943,Isekai no Sata wa Shachiku Shidai,The Affairs of the Other World Depend on the Corporate Slave,Yatsuki Wakatsu; Irodori Kazuki,Ohashi Kikka,Time Travel; Romance; Boys' Love; Magic; Isekai; Fantasy; Adaptation,,ongoing,2020.0,suggestive,ja,15127,9.0137,8.937456870852944,89,0,[]
845,e2331661-2a88-40d4-ac1a-e61ad776ed48,Beoryeojin Na-eui Choeaereul Wihayeo,For My Derelict Favorite,Kim Seon-Yu; Ryuho (류호),Kimyong,Reincarnation; Long Strip; Romance; Magic; Isekai; Drama; Fantasy; Web Comic; Adaptation; Full Color,,completed,2022.0,suggestive,ko,8489,9.0594,8.936546399933839,8,0,[]
846,f6aebf39-07b8-4959-ba73-fa852b96913b,Koiseyo Mayakashi Tenshi-domo,"Fall in Love, You False Angels",Uzuki Coco,Uzuki Coco,Award Winning; Romance; Comedy; School Life; Slice of Life,shoujo,ongoing,2023.0,safe,ja,10514,9.0909,8.936339187156207,7,0,[]
847,3f7b7736-84c5-4f38-bf73-7266021f355a,Junji Ito Horror Manga Collection,Junji Ito Horror Manga Collection,Itou Junji,Itou Junji,Oneshot; Historical; Monsters; Demons; Psychological; Ghosts; Comedy; Anthology; Survival; Drama; School Life; Horror; Slice of Life; Supernatural; Mystery; Tragedy,shoujo,completed,1997.0,safe,ja,7671,9.1437,8.93621813913819,10,1,"[{""id"": ""40d2c692-2eeb-4e0e-b79f-5112bd37fb8a"", ""relation"": ""side_story"", ""title"": ""Souichi Possessed""}]"
848,6e769716-df1e-4d66-89cc-32f3b46e17dc,My Blasted Reincarnated Life,My Blasted Reincarnated Life,Kiki (키키); Mogma (목마),Park Jeong yeol (박정열),Reincarnation; Monsters; Action; Demons; Long Strip; Adventure; Magic; Harem; Drama; Fantasy; Web Comic; Adaptation; Full Color,,hiatus,2022.0,safe,ko,23489,8.9866,8.93594331443549,10,0,[]
849,01ea7299-112c-41f4-b2a0-6d28c272deef,Aku no Kadou o Ikimashou,The Flowery Path of Evil,Mafuyubi,Yamashiro Umeta,Reincarnation; Romance; Comedy; Isekai; Drama; Fantasy; Villainess; Adaptation,shoujo,ongoing,2021.0,safe,ja,16571,9.0025,8.93573883652758,23,0,[]
850,b2b13e03-f598-4503-9f26-9016cc187e28,Jiji Neko-kurashi,The Life of a Grandpa Cat,Fujihito,Fujihito,Animals; Comedy; Web Comic; Slice of Life; Full Color,,ongoing,,safe,ja,2498,9.2733,8.93493093897538,29,0,[]
851,0d20230b-60de-4f02-b898-b477748ee667,That Time I Got Reincarnated As A Slime (Fan Colored),That Time I Got Reincarnated As A Slime (Fan Colored),Fuse,Kawakami Taiki,Reincarnation; Monsters; Action; Demons; Comedy; Fan Colored; Samurai; Isekai; Fantasy; Adaptation,,ongoing,2015.0,safe,ja,2626,9.4213,8.9344030812507,0,0,[]
852,ee61b25d-154f-45e9-baa5-a9db3d5685ba,Ada to Eyva,Ada and Eyva,Ashida Kawozu,Ashida Kawozu,Oneshot; Mafia; Girls' Love; Drama,,completed,2024.0,safe,ja,3696,9.0184,8.934134289901973,4,0,[]
853,d13332db-7b57-4cc4-9e46-802cf52e3b8b,Koharu to Minato: Watashi no Partner wa Onnanoko,Koharu and Minato: My Partner is a Girl,Hyaluron; Daruma,Hyaluron; Daruma,Girls' Love; Slice of Life,,ongoing,2022.0,safe,ja,14394,9.0175,8.93379221561086,9,0,[]
854,30b89356-952c-4a72-9d8c-cf44147e881a,IDOL×IDOL STORY!,Idol x Idol Story!,Tokunou Shoutarou,Tokunou Shoutarou,Girls' Love; Drama; Slice of Life; Music,seinen,ongoing,2022.0,safe,ja,17064,9.0094,8.933179141751673,54,0,[]
855,a54cbc84-9400-4998-9f23-4a7553781490,Kuroi Santa yori,Kuroi Santa yori,Futamiya,Futamiya,Oneshot; Crime; Drama,shounen,completed,2024.0,safe,ja,1958,9.0773,8.932434949475835,4,0,[]
856,52d1b525-9461-4cb8-9d9d-b9f3ebd5fd95,Finder,Finder,Yamane Ayano,Yamane Ayano,Action; Romance; Boys' Love; Mafia; Sexual Violence; Drama,,ongoing,2001.0,erotica,ja,4373,9.1367,8.931928993151642,19,2,"[{""id"": ""d71b5191-8e0f-4ca3-a418-76f15762de52"", ""relation"": ""sequel"", ""title"": ""Koi o Suru DNA +""}, {""id"": ""d8ece381-e242-45d9-a0ed-3fe947665bc6"", ""relation"": ""spin_off"", ""title"": ""Finder no Rakuin""}]"
857,147c9906-343e-4b16-ae64-5a8974a623a6,My Broken Mariko,My Broken Mariko,Waka Hirako,Waka Hirako,Psychological; Drama; Tragedy,,completed,2019.0,safe,ja,9542,8.9776,8.931459615086718,36,0,[]
858,40da1219-1860-4d7f-b823-d3511ac67cac,Positively Yours,Positively Yours,Lee Jung (이정),Kang Ki (강기),Long Strip; Romance; Drama; Slice of Life; Adaptation; Full Color,,completed,2020.0,safe,ko,8699,9.0445,8.93089001124077,42,0,[]
859,611c939f-88fc-4de0-b596-89171955bf9d,Time-stop Ugly Old Man,Time-stop Ugly Old Man,@duc_94,@duc_94,Sci-Fi; Comedy; Superhero; Self-Published; Sexual Violence; Drama; Web Comic; Supernatural; Full Color,,ongoing,2025.0,suggestive,vi,5677,9.0862,8.930629838740623,17,0,[]
860,eac0159f-2768-49d7-8891-4202f3e9fb8c,Zenbu Kowashite Jigoku de Aishite,Destroy It All and Love Me in Hell,Kuwabara Tamotsu,Kuwabara Tamotsu,Psychological; Romance; Sexual Violence; Girls' Love; Drama; School Life,,ongoing,2023.0,suggestive,ja,34085,8.9528,8.930501557004892,69,0,[]
861,65ecbfe5-7075-4715-b94b-0921af9a75fd,Ma no Monotachi,The Demon Bunch,Katou Takuji,Katou Takuji,Monsters; Demons; Comedy; Office Workers; Fantasy; Monster Girls; Web Comic,,ongoing,2021.0,suggestive,ja,9207,9.0546,8.930416572438437,7,0,[]
862,e1e38166-20e4-4468-9370-187f985c550e,Mato Seihei no Slave,Chained Soldier,Takahiro,Takemura Youhei,Sci-Fi; Monsters; Action; Demons; Romance; Comedy; Magic; Harem; Military; Drama; Monster Girls; Supernatural,shounen,ongoing,2019.0,erotica,ja,223200,8.935,8.930226993828157,895,1,"[{""id"": ""140458f7-be02-424b-98ac-1aa0cd9f45f9"", ""relation"": ""doujinshi"", ""title"": ""Dakuon""}]"
863,5353e8c5-8a6c-402a-895b-0d09feec17d4,"Isekai ni Kyuuseishu to shite Yobaremashita ga, Around 30 ni wa Muri na no de, hissori Book Café Hajimemashita",Isekai Book Café,Oumiya (近江谷); Izumi Kyouka (和泉杏花),Sakurada Reiko,Romance; Magic; Isekai; Fantasy; Slice of Life; Adaptation,shoujo,completed,2019.0,safe,ja,48495,8.9547,8.930167307819167,490,0,[]
864,3791477a-a18c-48a7-bccd-2dadd8337832,One Outs,One Outs,Kaitani Shinobu,Kaitani Shinobu,Psychological; Sports; Drama,seinen,completed,1998.0,safe,ja,3555,9.1305,8.92979116404318,21,0,[]
865,e8427392-0a14-4c70-babe-2347c0372a05,Kimi wa Tsukiyo ni Hikari Kagayaku,Kimi wa Tsukiyo ni Hikari Kagayaku,Sano Tetsuya,Matsuse Daichi,Romance; Drama; Slice of Life; Adaptation; Tragedy,seinen,completed,2019.0,safe,ja,5364,9.0346,8.928448209380523,68,0,[]
866,dbd208cd-31fd-4c68-a377-d2bfec53ea8b,Kara no Kioku,The Empty Memories,Eve; NEWO,NEWO,Action; School Life; Supernatural; Mystery; Adaptation,shoujo,completed,2020.0,safe,ja,12951,9.0226,8.928286965207624,69,2,"[{""id"": ""714405b4-2963-4930-b4cc-a8bea590d30e"", ""relation"": ""shared_universe"", ""title"": ""Tobi to Ryuuko""}, {""id"": ""bcf2a791-c789-483a-91b1-12b09d2b38d7"", ""relation"": ""shared_universe"", ""title"": ""Inochi no Tabekata""}]"
867,8d163365-15a6-4031-8671-29a11e3b6d69,Accomplishments of the Duke's Daughter,Accomplishments of the Duke's Daughter,Reia,Umemiya Suki,Reincarnation; Romance; Video Games; Isekai; Drama; Fantasy; Villainess; Slice of Life; Adaptation,,ongoing,2015.0,safe,ja,75374,8.9451,8.928116527575622,674,0,[]
868,c6dc99d1-4b39-4a7e-bfda-ad66fdff235f,Hotaru no Yomeiri,Firefly Wedding,Tachibana Oreco,Tachibana Oreco,Historical; Action; Psychological; Romance; Martial Arts; Gore; Drama; Slice of Life; Tragedy,josei,completed,2023.0,suggestive,ja,21027,9.0014,8.928068596275125,17,1,"[{""id"": ""a888413f-220b-4de5-b1f7-6df288bf29c6"", ""relation"": ""side_story"", ""title"": ""Ojousama to Youjinbou""}]"
869,9a5b657d-b6db-45a7-a2b7-b165884d9603,Senki Survival Saga: Isekai no Unmei wo Kaketa Mujintou Fujun Iseikouyuu,"Warrior Princess Survival Saga: The Unsanctioned Intergender Relations on a Deserted Island, Battling for the Fate of Another World",OTOSAMA,OTOSAMA,Monsters; Action; Demons; Romance; Comedy; Survival; Adventure; Magic; Harem; Isekai; Drama; Fantasy; Monster Girls,shounen,ongoing,2024.0,suggestive,ja,72674,8.9448,8.92780725528407,108,0,[]
870,84ec6569-a03a-4a40-b82f-d3732c363fe1,Kono Subarashii Sekai ni Shukufuku wo! - A Day of KazuMegu (Doujinshi),Kono Subarashii Sekai ni Shukufuku wo! - A Day of KazuMegu (Doujinshi),Suke Yuno,Suke Yuno,Romance; Comedy; Isekai; Doujinshi; Slice of Life; Full Color,,ongoing,,safe,ja,15420,9.0036,8.927526281677645,86,1,"[{""id"": ""bcfa196d-d162-45f5-a224-61d26b04a077"", ""relation"": ""based_on"", ""title"": ""Kono Subarashii Sekai ni Shukufuku o!""}]"
871,ba27bb2f-d7fb-42d8-a5bf-f904a9115150,Shin Seiki Evangelion - RE-TAKE Soushuuhen Zen Nenrei Han (Doujinshi),Shin Seiki Evangelion - RE-TAKE Soushuuhen Zen Nenrei Han (Doujinshi),Kimimaru; Studio Kimigabuchi (Circle),Kimimaru; Studio Kimigabuchi (Circle),Action; Psychological; Romance; Mecha; Doujinshi; Drama,,completed,2004.0,safe,ja,1121,9.1861,8.927371682549179,20,5,"[{""id"": ""21700f76-f3a2-4822-a5b8-62780e7b48c8"", ""relation"": ""alternate_story"", ""title"": ""Neon Genesis Evangelion - RE-TAKE Kai (Doujinshi)""}, {""id"": ""a157b0bb-8fa0-4d18-8a01-cd40ffc2ac53"", ""relation"": ""alternate_story"", ""title"": ""Neon Genesis Evangelion - RE-TAKE (Doujinshi)""}, {""id"": ""aaedcbda-ea61-4e7b-8143-7a475f327fbf"", ""relation"": ""based_on"", ""title"": ""Neon Genesis Evangelion""}, {""id"": ""ceddb14c-b25b-4ff5-a3fb-124bb19f5690"", ""relation"": ""side_story"", ""title"": ""Neon Genesis Evangelion - RE-TAKE Omake side-stories (Doujinshi)""}, {""id"": ""fb947a08-5ac1-47d3-ad3d-754c5adb6c6e"", ""relation"": ""alternate_story"", ""title"": ""Shin Seiki Evangelion - RE-TAKE ~After~ (Doujinshi)""}]"
872,0e797cbf-c29a-4075-8070-222bfa37b4b6,"The Legend of Zelda Breath of the Wild - The Unfinished ""Happily Ever After"" (Doujinshi)","The Legend of Zelda Breath of the Wild - The Unfinished ""Happily Ever After"" (Doujinshi)",CybeR,CybeR,Oneshot; Romance; Comedy; Video Games; Doujinshi; Drama; Fantasy; Web Comic,,completed,,safe,ja,1068,9.1208,8.927078605216872,7,0,[]
873,ce7cd7b0-e595-4f0d-98e8-447da10d652d,Mission: Yozakura Family,Mission: Yozakura Family,Gondaira Hitsuji,Gondaira Hitsuji,Action; Romance; Comedy,shounen,completed,2019.0,safe,ja,30334,8.9736,8.9268479615719,67,0,[]
874,b6afbe38-6574-44b7-a299-e50188dd7a42,Angel Buddy,Angel Buddy,MasterGin,Chungnyun,Ghosts; Long Strip; Romance; Boys' Love; Drama; Fantasy; Web Comic; Supernatural; Mystery; Full Color,,completed,,safe,ko,7687,9.0339,8.926825013969484,26,0,[]
875,31d20f08-2168-42f6-b23c-8efc9c65b9d0,Love Thy Neighbor,Love Thy Neighbor,Willow,Willow,Long Strip; Romance; Sexual Violence; Girls' Love; Drama; Web Comic; Full Color,,completed,2022.0,erotica,ko,8859,9.0029,8.926760920907471,28,0,[]
876,a59ec084-aed4-4a49-abc1-ae08cf7a9aa7,High Score Girl,Hi Score Girl,Oshikiri Rensuke,Oshikiri Rensuke,Romance; Video Games; Drama; School Life; Slice of Life,seinen,completed,2010.0,safe,ja,12311,8.9785,8.92656394435788,143,1,"[{""id"": ""5018f2b1-65ee-4a76-a7f3-4bb851e1ade5"", ""relation"": ""spin_off"", ""title"": ""High Score Girl DASH""}]"
877,566eb93d-5958-44ca-b9d3-a8335bfead5a,Sket Dance,Sket Dance,Shinohara Kenta,Shinohara Kenta,Award Winning; Romance; Comedy; Drama; School Life; Delinquents; Slice of Life,shounen,completed,2007.0,safe,ja,4893,9.1141,8.925638662281653,22,1,"[{""id"": ""4801f266-cc4e-4c3b-8d1d-f50f08b25b62"", ""relation"": ""shared_universe"", ""title"": ""Witch Watch""}]"
878,21b848be-1bfe-4f97-b92c-62d319d8a093,Onee-sama to Watashi ~Ojou-sama ga Isekai Tensei~,Sister and Giant: A Young Lady Is Reborn in Another World,Be-con,Be-con,Reincarnation; Sci-Fi; Action; Demons; Mecha; Adventure; Girls' Love; Isekai; Gore; Fantasy; Monster Girls,seinen,ongoing,2021.0,suggestive,ja,29621,8.9589,8.925197223798477,51,0,[]
879,e9dc373b-314c-44ff-9428-ae63319ae86b,Toradora!,Toradora!,Takemiya Yuyuko,Zekkyou,Romance; Comedy; Drama; School Life; Slice of Life; Adaptation,seinen,ongoing,2007.0,safe,ja,8748,9.0648,8.92455033884526,31,6,"[{""id"": ""47688d46-dab4-494a-a01b-58da6de1a15a"", ""relation"": ""doujinshi"", ""title"": ""Toradora! - TIGER NO PANTSU (Doujinshi)""}, {""id"": ""4f84045a-edf9-4d8d-abea-dcc8858354dd"", ""relation"": ""doujinshi"", ""title"": ""Toradora! - Toradora! no Erohon (Doujinshi)""}, {""id"": ""85332c4d-2ab8-4aff-a2ef-761e687b8f31"", ""relation"": ""doujinshi"", ""title"": ""Toradora - Amidora (Doujinshi)""}, {""id"": ""c81c5fa1-efb9-41e9-b06d-a3f30cc8d120"", ""relation"": ""doujinshi"", ""title"": ""Toradora! - Mamadora! (Doujinshi)""}, {""id"": ""f3ac8406-db09-45b7-8957-c2fabbd3f256"", ""relation"": ""doujinshi"", ""title"": ""Toradora! - Fluffy AmiAmi (Doujinshi)""}, {""id"": ""f60194c8-f384-48c1-938e-addd38eb711d"", ""relation"": ""doujinshi"", ""title"": ""Toradora! - Amatou Yon (Doujinshi)""}]"
880,94d60d12-452d-49f0-8d0f-5af785e561a8,Raamen Aka Neko,Red Cat Ramen,ANGYAMAN,ANGYAMAN,Animals; Comedy; Slice of Life; Cooking,shounen,ongoing,2022.0,safe,ja,3888,9.2274,8.924488836227054,11,0,[]
881,911a12ae-1022-448e-9219-b7b294d7fb3e,Love So Life,Love So Life,Kouchi Kaede,Kouchi Kaede,Romance; Comedy; Drama; Slice of Life,shoujo,completed,2008.0,safe,ja,6951,9.017,8.924226146462516,29,1,"[{""id"": ""c6e01dba-3a53-4430-95a4-49cc241f24e1"", ""relation"": ""sequel"", ""title"": ""Life So Happy""}]"
882,2deb4d47-18a5-49ce-9c7c-24532064fc1b,Sasaki to Miyano: Koushiki Anthology Comic,Sasaki and Miyano Official Anthology,Mika; Kawae Doro; Yuki Amino; Konno Paru; Toya Tsugumi; Ichiko Tanno ; Shichimiya; Yutoto; Fuji Azuki (藤小豆); Sasaki Aoko; Harusono Shou; Toriya Kou; Itokichi; Kyo Hinata; Shimosegawa Hinaru,Mika; Kawae Doro; Yuki Amino; Konno Paru; Toya Tsugumi; Ichiko Tanno ; Shichimiya; Yutoto; Fuji Azuki (藤小豆); Sasaki Aoko; Harusono Shou; Toriya Kou; Itokichi; Kyo Hinata; Shimosegawa Hinaru,Anthology; School Life; Slice of Life,,completed,2022.0,safe,ja,1794,9.3018,8.924154411315442,0,2,"[{""id"": ""b603c211-d1f9-4145-a2ac-04dcd5f06329"", ""relation"": ""main_story"", ""title"": ""Sasaki to Miyano""}, {""id"": ""d0f286ac-9ecf-4472-a3d7-1009eb0199e2"", ""relation"": ""same_franchise"", ""title"": ""Hirano to Kagiura""}]"
883,9496f98c-78b9-46d0-a092-d4ccc6759cc9,Otonari ni Ginga,Otonari ni Ginga,Amagakure Gido,Amagakure Gido,Romance; Comedy; Slice of Life; Supernatural,seinen,completed,2020.0,safe,ja,21360,9.0,8.924087048742926,56,0,[]
884,0d4f9dba-f55f-4ff7-9f49-52311939504e,"Katainaka no Ossan, Kensei ni Naru ~Tada no Inaka no Kenjutsu Shihan Datta noni, Taisei Shita Deshi-tachi ga Ore wo Hottekurenai Ken~","From Old Country Bumpkin to Master Swordsman: My Hotshot Disciples are All Grown Up Now, and They Won't Leave Me Alone",Nabeshima Tetsuhiro; Sagazaki Shigeru (佐賀崎しげる),Satou Kazuki,Action; Martial Arts; Adventure; Fantasy; Adaptation,seinen,ongoing,2021.0,safe,ja,86145,8.9393,8.923953931473735,67,3,"[{""id"": ""48189334-4cfb-4bad-b63f-3bd70f42dbc0"", ""relation"": ""alternate_version"", ""title"": ""Katainaka no Ossan, Kensei ni Naru: Tada no Inaka no Kenshutsu Shihan datta noni, Taisei Shita Deshi-tachi ga Ore o Houtte Kurenai Ken (Tateyomi Furukaraa-ban)""}, {""id"": ""9fa0a393-fb7d-4f68-8e9a-ba96d18d0500"", ""relation"": ""side_story"", ""title"": ""Katainaka no Ossan, Kensei ni Naru Gaiden - Hajimari no Mahou Kenshi""}, {""id"": ""b6f910a2-2edd-483e-bd4b-0fec5aa6754e"", ""relation"": ""side_story"", ""title"": ""Katainaka no Ossan, Kensei ni Naru Gaiden - Ryuu Souken no Kiseki""}]"
885,7cc37898-6669-407f-b7a6-f23a2859bc0b,Sweet Home,Sweet Home,Carnby Kim (김칸비),Hwang Youngchan,Thriller; Sci-Fi; Monsters; Action; Psychological; Long Strip; Survival; Post-Apocalyptic; Drama; Horror; Web Comic; Full Color; Tragedy,,completed,2017.0,safe,ko,9504,8.9909,8.92375027538408,58,1,"[{""id"": ""e8c8bc87-0b71-4893-9940-3fbd4bfd386b"", ""relation"": ""prequel"", ""title"": ""Shotgun Boy""}]"
886,6236e459-a437-43d9-a4fe-f5dca83b9416,Koimonogatari,Koimonogatari,Tagura Tohru,Tagura Tohru,Boys' Love; Drama; School Life; Slice of Life,,hiatus,2013.0,safe,ja,4440,9.1144,8.923036090447951,25,0,[]
887,9da1aa3e-6bca-4423-89c2-af657f93ff78,Gori-sen ~The type of PE teacher to die first during a panic~,Gori-sen ~The type of PE teacher to die first during a panic~,Sakai Daisuke,Sakai Daisuke,Monsters; Comedy; School Life; Horror; Supernatural,,completed,2021.0,safe,ja,20334,8.9679,8.922264228354344,176,0,[]
888,ba797a39-eddc-4033-9533-341961a1a12a,Otonari no Tenshi-sama ni Itsu no Ma ni ka Dame Ningen ni Sareteita Ken (Fan Colored),Otonari no Tenshi-sama ni Itsu no Ma ni ka Dame Ningen ni Sareteita Ken (Fan Colored),Saeki-san,Wan Shibata,Romance; Comedy; Fan Colored; School Life; Cooking; Adaptation,shounen,ongoing,2022.0,safe,ja,967,9.6838,8.922099019255667,0,0,[]
889,a9bd6a77-5828-4f55-9756-53b08065ecff,Until My Bentos Are Made With the Loving Care of My Wife,Until My Bentos Are Made With the Loving Care of My Wife,Kankei,Kankei,Romance; Comedy; Office Workers; Web Comic; Slice of Life,,ongoing,2022.0,safe,ja,14866,9.049,8.922070063413578,4,0,[]
890,75251a47-952c-4e38-b1c6-3572b9bfd481,Hokuto no Ken,Fist of the North Star,Buronson,Hara Tetsuo,Reincarnation; Sci-Fi; Action; Martial Arts; Adventure; Post-Apocalyptic; Magic; Wuxia; Gore; Drama; Supernatural,shounen,completed,1983.0,suggestive,ja,8345,9.0398,8.921980274156875,30,36,"[{""id"": ""04c875aa-7b61-4b00-8c39-d753d0b6bc6d"", ""relation"": ""side_story"", ""title"": ""Hokuto no Ken Gaiden: Taisen Amiba no Isekai Haou Densetsu - Isekai ni Itte mo Ore wa Tensai da! N? Machigatta ka...""}, {""id"": ""0723b339-c8e9-4e64-9042-a19652511c49"", ""relation"": ""side_story"", ""title"": ""The Compassionate Mother Star - Fist of the North Star: Julia Gaiden""}, {""id"": ""0b986bb7-beaa-485c-9fe9-ad3bfa07fb8e"", ""relation"": ""side_story"", ""title"": ""Hokuto no Ken: Kenougun Zakotachi no Banka""}, {""id"": ""0e4165cc-c66e-4c54-b48c-ac15c76bb539"", ""relation"": ""doujinshi"", ""title"": ""Fist of the North Star & K-ON! - KEN-OH! THE MOVIE (Doujinshi)""}, {""id"": ""15bb3c29-cc5f-4c04-8a5b-47c3ebf0d775"", ""relation"": ""side_story"", ""title"": ""The Heinous Flower - Fist of the North Star: Jagi Gaiden""}, {""id"": ""1a4a9a81-1dd7-4688-886f-54002dfed273"", ""relation"": ""doujinshi"", ""title"": ""Fist of the North Star & Haruhi Suzumiya - Suzumiya Haruoh no YOUtsu (Doujinshi)""}, {""id"": ""1d7c44c5-f2cd-4969-9059-407696baab7b"", ""relation"": ""doujinshi"", ""title"": ""Kaguya-sama: Love is Destruction (Doujinshi)""}, {""id"": ""1edab9a2-41b0-4873-a3cc-7aa0b68db194"", ""relation"": ""side_story"", ""title"": ""The Judgement Day - Fist of the North Star: Ryuken Gaiden""}, {""id"": ""234d3d29-6044-4d6c-9a9c-9c8e5b31cc50"", ""relation"": ""alternate_story"", ""title"": ""Iron Don Quixote""}, {""id"": ""2bac8435-29f0-4124-b730-8fa9fc6ec803"", ""relation"": ""side_story"", ""title"": ""Black and Blue Hungry Wolf - Fist of the North Star: Rei Gaiden""}, {""id"": ""47d08a45-2dd0-4771-985a-0276572c2d19"", ""relation"": ""doujinshi"", ""title"": ""Hokuto no Ken & Chuunibyou demo Koi ga Shitai! - Kenpouka Demo Koi ga Shitai! (Doujinshi)""}, {""id"": ""4a8bb23f-6217-466f-abcd-f80e15ecafa2"", ""relation"": ""doujinshi"", ""title"": ""Hokuto no Ken & Mahou Shoujo Lyrical Nanoha  -  Kenpo Shoujo Kubikaru NanoHa (Doujinshi)""}, {""id"": ""54da1748-8d44-48ae-ab02-f279f0577313"", ""relation"": ""doujinshi"", ""title"": ""Fist of the North Star & Kemono Friends - Kemono Enemies (Friends) (Doujinshi)""}, {""id"": ""5b1d2d59-f0a9-417a-b045-b3b4a774cadf"", ""relation"": ""doujinshi"", ""title"": ""Fist of the North Star & Love Live - Love Life! (Doujinshi)""}, {""id"": ""5f972df9-c757-4ac1-934d-980d1bee5f70"", ""relation"": ""prequel"", ""title"": ""Souten no Ken - Re:Genesis""}, {""id"": ""663743f2-6088-4588-8863-8e260d682ea3"", ""relation"": ""doujinshi"", ""title"": ""Hokuto no Ken & Toaru Majutsu no Index - Toaru Kenpouka no Jigoku no Mokushiroku (Doujinshi)""}, {""id"": ""6ccc3f0f-3011-40b7-8d1d-65383f4fb126"", ""relation"": ""spin_off"", ""title"": ""Fist of the North Star - End of the Century's Drama Shooting Arc""}, {""id"": ""732b1ade-aa9f-451f-880c-a5a0478504e3"", ""relation"": ""prequel"", ""title"": ""Souten no Ken""}, {""id"": ""73d68593-d132-42a2-880d-af33c4b49355"", ""relation"": ""spin_off"", ""title"": null}, {""id"": ""74eb3db8-84c9-4e6f-99a3-647bde6d1d68"", ""relation"": ""side_story"", ""title"": ""Fist of the North Star Gaiden - Garuda of the Golden Wing - Prehistory of the Nanto Goshasei""}, {""id"": ""7baa8582-79fe-4939-872d-539365ad32ae"", ""relation"": ""spin_off"", ""title"": ""DD Fist of the North Star""}, {""id"": ""8be4e41b-6dc6-4840-ae4a-bbe74d75086b"", ""relation"": ""doujinshi"", ""title"": ""Pokémon Stadium""}, {""id"": ""8f8c4f0e-93f5-433e-ba13-017746b485ec"", ""relation"": ""doujinshi"", ""title"": ""Jump All Stars Battle (Doujinshi)""}, {""id"": ""947690be-e9e5-4175-83c0-7d38af449fb8"", ""relation"": ""side_story"", ""title"": ""Silvery Savior - Fist of the North Star: Toki Gaiden""}, {""id"": ""a5c69cfc-d05c-44b4-8430-a4a9dd551a57"", ""relation"": ""side_story"", ""title"": ""The Wandering Cloud - Fist of the North Star: Juza Gaiden""}, {""id"": ""a7b370a7-be03-49c2-a4d4-7f4b7bce4c7b"", ""relation"": ""doujinshi"", ""title"": ""Fist of the North Star & Azumanga DaiOH - Azumanga Ken-oh (Doujinshi)""}, {""id"": ""baef7fa3-61f2-43e3-b1e7-333a21a06cf2"", ""relation"": ""doujinshi"", ""title"": ""Fist of the North Star & THE iDOLM@STER - NORTHANM@STER (Doujinshi)""}, {""id"": ""cb7a0635-93b7-4b84-8344-c0f20b938dac"", ""relation"": ""doujinshi"", ""title"": ""Hokuto no Ken & Kantai Collection -KanColle- ManColle Kai -Mantai Collection- (Doujinshi)""}, {""id"": ""d0bce809-d401-48e1-9eda-2fd37c9fd357"", ""relation"": ""same_franchise"", ""title"": ""The Men Who Made Ken's Rage""}, {""id"": ""d1e8d6c7-a256-4cb4-8ae9-74411f3fc828"", ""relation"": ""doujinshi"", ""title"": ""Hokuto no Ken & Mahou Shoujo Madoka★Magica - Kenpou Shoujo Kubiha Bujica (Doujinshi)""}, {""id"": ""d38ffe07-4733-4a23-a76a-a1a6ff985abe"", ""relation"": ""spin_off"", ""title"": ""Fist of the North Star: BBQ Flavor""}, {""id"": ""daa337f0-aa04-4e67-9d58-a04c55104510"", ""relation"": ""doujinshi"", ""title"": ""Hokuto no Ken & Toaru Kagaku no Railgun - Toaru Kenpouka no Goushouha (Doujinshi)""}, {""id"": ""e4687487-9235-496d-9289-ea3ff955d3c0"", ""relation"": ""spin_off"", ""title"": ""Kenshirou ni Yoroshiku""}, {""id"": ""e5afc3bc-c054-4b71-a182-a7e5ae9a4417"", ""relation"": ""doujinshi"", ""title"": ""Hokuto no Ken & Sousou no Frieren - Gouken no Frieren (Doujinshi)""}, {""id"": ""ed7c5ecb-2c0c-491c-9030-59fe3f94ef42"", ""relation"": ""side_story"", ""title"": ""Heaven's Conqueror - Fist of the North Star: Raoh Gaiden""}, {""id"": ""fb01ad8e-571e-4582-84ac-663086348fb6"", ""relation"": ""spin_off"", ""title"": ""Fist of the North Star - Strawberry Flavor""}]"
891,f239fcd4-9f7f-4296-9e52-ee5a66a7e938,Namida Ame to Serenade,Namida Ame to Serenade,Kawachi Haruka,Kawachi Haruka,Sci-Fi; Time Travel; Historical; Romance; Comedy; Crossdressing; Drama,josei,completed,2015.0,suggestive,ja,10281,9.0602,8.921638996210467,45,0,[]
892,09656afb-aaf9-4f9b-95fd-873cb537ddc3,Gwangma Hoegwi,Return of the Mad Demon,Yu Jin Sung (유진성); JP,Ihy (이히),Thriller; Time Travel; Historical; Action; Long Strip; Comedy; Martial Arts; Adventure; Fantasy; Web Comic; Adaptation; Full Color,,ongoing,2021.0,safe,ko,5336,9.1327,8.921414421057836,4,2,"[{""id"": ""7a8919f6-c233-4faf-b1a6-c6e58bfbaf62"", ""relation"": ""sequel"", ""title"": ""Siridorok Bulkkot Cheoreom""}, {""id"": ""965fd49c-8f8a-49b6-a626-31590e325404"", ""relation"": ""sequel"", ""title"": ""Gwonwang Hwansaeng""}]"
893,70205c3e-4e70-4017-8e5c-45ebab2cea3e,What has happened to me ～The story of an Uyghur man who now lives in Japan～,What has happened to me ～The story of an Uyghur man who now lives in Japan～,Shimizu Tomomi,Shimizu Tomomi,Oneshot; Psychological; Crime; Slice of Life; Tragedy,,completed,,safe,ja,574,9.1134,8.921072218893322,35,2,"[{""id"": ""c36d7414-8f0e-4664-8b36-f11e554db506"", ""relation"": ""shared_universe"", ""title"": ""No one will say the name of that country""}, {""id"": ""e453d040-23cb-4722-999a-e20e789027b2"", ""relation"": ""shared_universe"", ""title"": ""[What has happened to me]~A testimony of a Uyghur woman~""}]"
894,b2df3b97-06b4-4544-8ec3-79bc41dfa03b,White Blood,Unholy Blood,Lim Lina,Lim Lina,Action; Long Strip; Romance; Fantasy; Vampires; Web Comic; Supernatural; Full Color,,completed,2020.0,safe,ko,24292,8.9706,8.92086767414199,279,0,[]
895,40bfd771-d92e-4719-ad89-5d4d944ad3a3,Like A Butterfly,Like A Butterfly,Hun (최종훈),KIM Ji-Min (김지민),Award Winning; Long Strip; Drama; Web Comic; Slice of Life; Full Color,,completed,,safe,ko,2716,9.2156,8.92084802432331,33,0,[]
896,a787b10a-02d0-46c0-8236-0d01d69ad4a3,Naruto (Official Colored),Naruto (Official Colored),Kishimoto Masashi,Kishimoto Masashi,Official Colored; Monsters; Action; Ninja; Comedy; Martial Arts; Adventure; Magic; Fantasy,shounen,completed,2012.0,safe,ja,3165,9.1901,8.920769697315446,11,0,[]
897,3e7cd288-b982-45c5-bcae-f9fa7e902c4d,"Goodbye, My Rose Garden","Goodbye, My Rose Garden",Dr. pepperco,Dr. pepperco,Historical; Psychological; Romance; Comedy; Girls' Love; Philosophical; Drama; Slice of Life,shounen,completed,2018.0,safe,ja,12960,8.9662,8.920182762220733,62,0,[]
898,fbe57225-e455-4680-b2b9-5b8b82a1be9e,Ride-On King,The Ride-On King,Baba Yasushi,Baba Yasushi,Reincarnation; Monsters; Action; Demons; Comedy; Martial Arts; Adventure; Magic; Isekai; Gore; Drama; Fantasy; Monster Girls; Slice of Life; Supernatural; Mystery,shounen,completed,2018.0,safe,ja,41969,8.9407,8.920030006589887,612,1,"[{""id"": ""cd33ffd8-5926-434b-ba41-dafa46ac95e0"", ""relation"": ""main_story"", ""title"": ""Golosseum""}]"
899,53f1ec5e-058b-4d18-a23b-2a7dbca5669f,Hoegwihan Yongbyeong eun Da Gyehoek i Itda,The Regressed Mercenary Has a Plan,Gold Line (골드행),Park Jin-Seok (박진석),Time Travel; Monsters; Action; Long Strip; Drama; Fantasy; Web Comic; Adaptation; Full Color,,ongoing,2024.0,safe,ko,8936,9.0911,8.919991874623557,11,0,[]
900,8fef2dc5-fd32-4d62-9cb3-4a39275e0ef5,Isekai Shikkaku,No Longer Allowed In Another World,Noda Hiroshi,Wakamatsu Takahiro,Reincarnation; Monsters; Action; Romance; Comedy; Adventure; Magic; Harem; Isekai; Drama; Fantasy; Monster Girls; Slice of Life; Supernatural; Mystery,,ongoing,2019.0,safe,ja,50264,8.9451,8.919722720778628,160,0,[]
901,ec2fbac7-e0c2-4b2a-adbc-bd79ca6ed37f,"Raishuu, Ame ga Futtara",If It Rains Next Week,Shinoa,Shinoa,Oneshot; Romance; Girls' Love; Web Comic,,completed,2018.0,safe,ja,4486,8.9689,8.919492349485703,18,0,[]
902,64127f6d-4c79-4dd5-b8e0-de46b0c8916e,The 100th Regression of the Max-Level Player,The 100th Regression of the Max-Level Player,King Soda (킹소다); Duck F (덕프),Yeoun (여운),Time Travel; Action; Long Strip; Adventure; Drama; Fantasy; Web Comic; Supernatural; Adaptation; Full Color,,ongoing,2023.0,safe,ko,14096,9.0059,8.919451269408109,13,0,[]
903,e1847df1-db22-4279-95e2-9dbbbd1bbfbc,"Father, I Don't Want This Marriage!","Father, I Don't Want This Marriage!",Hong Hee Su,Yuri; Roal; Candlebambi,Reincarnation; Long Strip; Romance; Isekai; Drama; Fantasy; Villainess; Web Comic; Adaptation; Full Color,josei,completed,2021.0,safe,ko,47165,8.9526,8.91889397927409,584,0,[]
904,ba2c3f7e-dc0b-4c8c-b251-9a207364ea11,Screentone Collection,Screentone Collection,Bocchi-sensei,Bocchi-sensei,,,completed,,safe,ja,496,9.6067,8.918827349338102,11,0,[]
905,25707e09-1afb-48da-a04e-36b4daa7cce6,Nobunaga no Chef,Nobunaga no Chef,Nishimura Mitsuru,Kajikawa Takurou,Time Travel; Historical; Action; Romance; Comedy; Samurai; Military; Gore; Drama; Cooking; Tragedy,seinen,completed,2011.0,safe,ja,9755,9.0454,8.918805940841132,54,0,[]
906,96bfa6c4-23c2-4a1f-afb2-e1a6b85da65b,Hokuhokusei ni Kumo to Ike,"Go with the Clouds, North-by-Northwest",Irie Aki,Irie Aki,Thriller; Romance; Comedy; Crime; Adventure; Magic; Philosophical; Drama; Police; Slice of Life; Supernatural; Mystery,seinen,ongoing,2016.0,safe,ja,7145,9.1345,8.917937029090837,72,0,[]
907,9704cdd0-bcc2-4e70-926c-734b41e62e4a,Brutal,Brutal,Koga Kei,Izawa Ryo,Psychological; Crime; Sexual Violence; Gore; Drama; Police; Mystery; Tragedy,josei,hiatus,2019.0,suggestive,ja,24487,8.9698,8.917935681094098,151,2,"[{""id"": ""62381426-8f6a-497e-869c-026d1aa6fc25"", ""relation"": ""adapted_from"", ""title"": ""Trace: Kasouken Houi Kenkyuuin no Tsuisou""}, {""id"": ""eb2e7517-5b07-4a7f-84ea-92e27d82edd9"", ""relation"": ""sequel"", ""title"": ""Doom Satsujin Keisatsukan no Danzairoku""}]"
908,8fa8bba1-556c-475d-be40-581ca5f764d0,Kekkai Sensen,Kekkai Sensen,Nightow Yasuhiro,Nightow Yasuhiro,Monsters; Action; Demons; Ghosts; Comedy; Zombies; Martial Arts; Adventure; Office Workers; Video Games; Drama; Supernatural; Mystery,shounen,completed,2009.0,safe,ja,6562,9.191,8.917691000387617,19,3,"[{""id"": ""871c0581-f894-4772-8a3e-7ec97ab592a0"", ""relation"": ""sequel"", ""title"": ""Kekkai Sensen: Back 2 Back""}, {""id"": ""8a50a2e3-0aa9-4e36-8075-6648a6af4bb1"", ""relation"": ""doujinshi"", ""title"": ""Mudai""}, {""id"": ""d5740ce7-c18c-448d-9eac-146555df1e58"", ""relation"": ""spin_off"", ""title"": ""Kekkai Sensen (Blu-Ray Bonus Comics)""}]"
909,06223ae2-ce16-48d6-aa87-e69e8c3634b9,Soloist in a Cage,Soloist in a Cage,Moriya Shiro,Moriya Shiro,Action; Psychological; Crime; Survival; Mafia; Drama; Police; Tragedy,shounen,completed,2019.0,safe,ja,11226,8.9947,8.91742050944455,83,0,[]
910,d2ff93e0-2c15-4f92-9ea4-ca029f7b9acc,Unmei no Hito ni Deau Hanashi,Unmei no Hito ni Deau Hanashi,Anashin,Anashin,Romance,josei,ongoing,2021.0,safe,ja,10062,9.0694,8.91730924111406,7,0,[]
911,6778b78a-19d8-4fa8-b17e-3c145d2dbd88,Omega Heroine Wants Her Alpha Villainess,Omega Heroine Wants Her Alpha Villainess,鸽子不会咕咕咕,上海临渊动漫工作室,Long Strip; Romance; Girls' Love; Isekai; Drama; Villainess; Web Comic; Adaptation; Full Color; Tragedy,shoujo,completed,2022.0,safe,zh,12011,8.9795,8.917237204744263,38,0,[]
912,7ae7067a-7e68-4bd2-a064-5e3e3c059078,World Trigger,World Trigger,Ashihara Daisuke,Ashihara Daisuke,Sci-Fi; Action; Comedy; Adventure; Drama; School Life; Supernatural; Mystery; Tragedy,shounen,ongoing,2013.0,safe,ja,18540,9.0109,8.917224071316362,67,1,"[{""id"": ""8d92f7b8-556b-45a2-a442-dd3a0beb0a90"", ""relation"": ""side_story"", ""title"": ""World Trigger Border Briefing File""}]"
913,4702058d-c553-4966-ab09-1deab6328384,xxxHOLIC,xxxHOLIC,CLAMP; Ohkawa Ageha,Apapa Mokona; Nekoi Tsubaki; CLAMP,Psychological; Comedy; Drama; Fantasy; Supernatural; Mystery; Tragedy,seinen,completed,2003.0,safe,ja,5956,9.1113,8.917072840619642,16,12,"[{""id"": ""00f84604-101c-4aea-96ea-ecf85d8ffa68"", ""relation"": ""spin_off"", ""title"": ""Clamp in Wonderland EX""}, {""id"": ""245f2aac-1aee-4983-b2d5-34ea5dab460e"", ""relation"": ""sequel"", ""title"": ""xxxHOLiC Rei""}, {""id"": ""36c398dd-8c5e-4824-8dd3-10221006ff5b"", ""relation"": ""spin_off"", ""title"": ""Private Institute Horitsuba""}, {""id"": ""3a58f26a-d185-4371-949e-fe719b356c67"", ""relation"": ""doujinshi"", ""title"": ""xxxHoLic - No! (Doujinshi)""}, {""id"": ""451fb1b1-ba28-4d93-941c-98ed3cac58fc"", ""relation"": ""doujinshi"", ""title"": ""xxxHoLic - Shigure Gokochi (Dounjishi)""}, {""id"": ""466de5d4-83d1-4bbb-8f0f-1b84982877b8"", ""relation"": ""sequel"", ""title"": null}, {""id"": ""4aae6db2-e828-4775-9bda-6b48639508f8"", ""relation"": ""alternate_story"", ""title"": ""Drug & Drop""}, {""id"": ""55173de0-cb9b-4211-867f-7bc8bd52b0d7"", ""relation"": ""doujinshi"", ""title"": ""xxxHoLic - Yume Kara Sameta Yume (Doujinshi)""}, {""id"": ""8780e69b-0226-4f80-87c0-ac45bdf406b3"", ""relation"": ""spin_off"", ""title"": ""The Miracle of Clamp""}, {""id"": ""b68a8aa3-ac2b-4f66-bb09-adee3f32b323"", ""relation"": ""spin_off"", ""title"": ""K-Dash""}, {""id"": ""e4967558-c7fa-4c48-9a4f-1e462f50fb2c"", ""relation"": ""shared_universe"", ""title"": ""Cardcaptor Sakura""}, {""id"": ""f830514d-f3e1-4b11-b18b-e5f7b6d9b861"", ""relation"": ""shared_universe"", ""title"": ""Tsubasa -RESERVoir CHRoNiCLE-""}]"
914,d2df017b-c003-4de6-9625-4f1fba7aef97,How to Fight,How to Fight,PARK Tae Jun (박만사),Kim Junghyun,Action; Long Strip; Comedy; Martial Arts; Drama; Web Comic; Full Color,,completed,2019.0,suggestive,ko,23978,8.956,8.917004311727345,399,6,"[{""id"": ""596191eb-69ee-4401-983e-cc07e277fa17"", ""relation"": ""shared_universe"", ""title"": ""Oemo Jisangjuui""}, {""id"": ""8b1b59c4-f3e9-4f19-b10f-2d71b020bc42"", ""relation"": ""shared_universe"", ""title"": ""Captain’s Duel""}, {""id"": ""a3c09565-47aa-410c-a137-a3a6e6bfa8a8"", ""relation"": ""shared_universe"", ""title"": ""Manager Kim""}, {""id"": ""ab1d50c6-0eeb-4bdf-86e7-1a2c65031be6"", ""relation"": ""shared_universe"", ""title"": ""My Life as a Loser""}, {""id"": ""bcf927d8-52e3-4d6f-a2da-4eb37abe91c9"", ""relation"": ""shared_universe"", ""title"": ""Quest Jisangjuui""}, {""id"": ""c3911129-c183-402a-a415-cfd4a08aa746"", ""relation"": ""adapted_from"", ""title"": ""Juvenile Offender""}]"
915,0f5ab57b-bc85-423b-b2d2-19a97dfc46f1,Isekai Henkyou Meshi,Meals on the Frontier of Another World,Kishiyama Todoroki,Kagura Sora,Monsters; Action; Demons; Adventure; Isekai; Drama; Fantasy; Slice of Life; Cooking; Supernatural; Adaptation,seinen,ongoing,2024.0,safe,ja,18022,8.9882,8.916783885877884,25,0,[]
916,e41f21d7-b99f-47a6-b6cf-bb88b159c9c0,Kodama Maria Bungaku Shuusei,Kodama Maria Bungaku Shuusei,Mishima Yoshiharu,Mishima Yoshiharu,Psychological; Romance; Comedy; Philosophical; School Life; Slice of Life,,ongoing,,safe,ja,3255,9.2151,8.916173498309607,24,0,[]
917,e4780c06-23e1-4a0c-b7fd-6a9f7b519ba6,Sukeban to Tenkousei,The Delinquent and the Transfer Student,Fujichika,Fujichika,Action; Romance; Comedy; Girls' Love; Drama; School Life; Delinquents; Slice of Life,seinen,completed,2021.0,safe,ja,8776,9.0202,8.916159400186032,15,0,[]
918,61babdf4-b9dc-4517-ad11-b256a90d067e,Sekaiichi Hatsukoi,Sekaiichi Hatsukoi,Nakamura Shungiku,Nakamura Shungiku,Comedy; Boys' Love; Drama; Slice of Life,,ongoing,2006.0,erotica,ja,4969,9.1005,8.915961871938356,22,4,"[{""id"": ""530163d8-e607-4fec-ba9a-f6e0cf345a59"", ""relation"": ""adapted_from"", ""title"": ""Junjou Romantica""}, {""id"": ""6b68d551-5c30-4633-b7fb-44d99000dd48"", ""relation"": ""doujinshi"", ""title"": ""Sekaiichi Hatsukoi - In My Kingdom Of Loneliness (Doujinshi)""}, {""id"": ""87d6748b-7ba9-4cbd-ae9a-f57b2a5f5126"", ""relation"": ""doujinshi"", ""title"": ""Sekaiichi Hatsukoi - Love Love Love (Doujinshi)""}, {""id"": ""ca5ea5bd-e219-4f75-9160-1dbd49af555a"", ""relation"": ""side_story"", ""title"": ""Junjou Mistake""}]"
919,4c2de9ed-5fab-4337-bd87-78df95cad4af,Hidamari ga Kikoeru,Hidamari ga Kikoeru,Fumino Yuki,Fumino Yuki,Boys' Love; Drama; School Life; Slice of Life,,ongoing,2013.0,safe,ja,7231,9.0315,8.91578137270281,36,1,"[{""id"": ""1b241220-79d1-4ba8-971e-1060842196d9"", ""relation"": ""side_story"", ""title"": ""Mushoku Toumei""}]"
920,d9c5440f-5e30-4289-80b6-f781562967ac,AISHA,AISHA,Zhang Jing,Zhang Jing,Thriller; Historical; Action; Long Strip; Romance; Drama; Horror; Web Comic; Mystery; Tragedy,,ongoing,2020.0,suggestive,zh,3103,9.255,8.914962418908088,33,1,"[{""id"": ""b12df16f-29a0-4753-a2c2-74cb5887eb2e"", ""relation"": ""alternate_story"", ""title"": ""Àishā de Sēnlín""}]"
921,79428c31-72f5-4fb0-8579-250f7933b2d5,Nae Namja Juingongui Anaega Doeeotda,Author of My Own Destiny,Purik; Yoo Sorang,Jeokbal,Monsters; Long Strip; Romance; Magic; Isekai; Fantasy; Villainess; Adaptation; Full Color,,hiatus,2021.0,safe,ko,16929,9.0,8.914804076108855,12,0,[]
922,d79cd1af-c86a-436c-8478-16c7dc6dc548,Uchuu Ryuugakusei Moru,Uchuu Ryuugakusei Moru,Shinagire,Shinagire,Oneshot; Romance; Drama; School Life; Web Comic; Slice of Life; Aliens,,completed,2021.0,safe,ja,3768,8.9931,8.914588030900628,4,0,[]
923,fd9a90b3-d753-4dac-9257-e9e57cce7e75,Hana Monogatari,Blossom Story,schwinn,schwinn,Girls' Love; Drama; Slice of Life,seinen,completed,2022.0,safe,ja,6909,9.0525,8.9143901446584,18,0,[]
924,9c002702-9cf2-4688-a62e-892d7ce58986,Shut Hell,Shut Hell,Itou Yuu (伊藤悠),Itou Yuu (伊藤悠),Award Winning; Time Travel; Genderswap; Traditional Games; Historical; Action; Psychological; Romance; Survival; Adventure; Military; Drama; Supernatural; Tragedy,seinen,completed,2012.0,suggestive,ja,5811,9.0527,8.914094243685732,22,0,[]
925,eb5aaae8-4255-4c45-b1f5-8ce6bf34dcb8,Space Cheon-ma 3077,Cosmic Heavenly Demon 3077,GreenFox (녹색여우); Sanha (산하),Kimdaeyeong (김대영),Sci-Fi; Action; Demons; Long Strip; Comedy; Martial Arts; Post-Apocalyptic; Magic; Military; Wuxia; Fantasy; Web Comic; Supernatural; Full Color,,ongoing,2024.0,safe,ko,12073,9.0083,8.91379537585808,19,0,[]
926,0121587d-69ee-40d7-8488-f2ef66e293ce,Kuma to Usagi wa Tomodachi de wa Irarenai,Bear and Bunny Cannot Be Friends,Inuyoshi Akira,Inuyoshi Akira,Romance; Comedy; School Life,seinen,ongoing,2025.0,suggestive,ja,26633,8.9761,8.913363868664984,15,0,[]
927,0f6003ca-e7f3-43ce-bfd2-0694146994be,Amagami-san Chi no Enmusubi,Tying the Knot with an Amagami Sister,Naito Marcey,Naito Marcey,Romance; Comedy; Harem; Drama; School Life; Slice of Life; Supernatural,shounen,completed,2021.0,suggestive,ja,42090,8.9465,8.91330027078652,51,1,"[{""id"": ""0ab9e0aa-b6ef-49d7-8806-1c9b3574a12c"", ""relation"": ""spin_off"", ""title"": ""Yankee Miko-san""}]"
928,4604db12-cafd-4572-a9f8-68525fb1b167,Monochrome no Futari,Monochrome Days,Matsumoto Yousuke,Matsumoto Yousuke,Office Workers; Drama,shounen,ongoing,2024.0,safe,ja,10811,9.0635,8.912340036700213,11,0,[]
929,98017a70-5580-40fb-9d69-69e377325484,Kono Sekai no Kouryakubon o Hirotteshimaimashita,I Picked Up This World's Strategy Guide,atchi ai,atchi ai,Monsters; Romance; Comedy; Adventure; Video Games; Magic; Drama; Fantasy; Full Color,shoujo,ongoing,2023.0,safe,ja,38600,8.9496,8.912193271676978,67,0,[]
930,ac27f20c-016d-4f8d-b2bc-824fb04cab61,Kochou no Yumeji,Kochou no Yumeji,Shima (志摩),Shima (志摩),Reincarnation; Demons; Long Strip; Romance; Isekai; Drama; Fantasy; Web Comic; Supernatural; Full Color; Tragedy,shoujo,completed,2014.0,safe,ja,6401,9.0663,8.91216379054458,64,0,[]
931,212e9236-c0e3-4e85-ae92-087495820251,Karaoke Iko!,Karaoke Iko!,Wayama Yama,Wayama Yama,Comedy; Mafia; Drama; School Life; Slice of Life; Music,seinen,completed,2019.0,safe,ja,1371,9.2847,8.911526605077029,9,1,"[{""id"": ""1515d3bb-f8d3-4154-9423-e15f9e3088be"", ""relation"": ""side_story"", ""title"": ""Fami-res Iko.""}]"
932,c52b2ce3-7f95-469c-96b0-479524fb7a1a,Jujutsu Kaisen,Revolving Battles Of Curse Arts,Akutami Gege,Akutami Gege,Award Winning; Action; Ghosts; Adventure; Gore; School Life; Horror; Supernatural,shounen,completed,2018.0,suggestive,ja,142622,8.9173,8.910957766232535,180,100,"[{""id"": ""00456118-6474-4121-8c00-7f1184dd34e7"", ""relation"": ""doujinshi"", ""title"": ""Akuma no Kao o Shiteiru""}, {""id"": ""013d5c2c-ee65-4545-9891-fabea3a743a5"", ""relation"": ""doujinshi"", ""title"": ""Jujutsu Kaisen - Musou, Arui wa (Doujinshi)""}, {""id"": ""02af5ba5-5c2f-4cb5-a9be-c500bd199e04"", ""relation"": ""doujinshi"", ""title"": ""Jujutsu Kaisen - Tora! (Doujinshi)""}, {""id"": ""0669b5e8-269b-4ad2-b8c3-0c777b81d881"", ""relation"": ""doujinshi"", ""title"": ""Jujutsu Kaisen - Dare mo Furete wa Naranai (Doujinshi)""}, {""id"": ""08842540-ebb4-4fb5-9216-4a738d4e882f"", ""relation"": ""doujinshi"", ""title"": ""Jujutsu Kaisen - Wakarase Soku Ochi Futa Ana Kaihatsu (Doujinshi)""}, {""id"": ""098e3e42-69ae-4a7a-bff9-686417a4ee22"", ""relation"": ""doujinshi"", ""title"": ""Jujutsu Kaisen - Arrows [Doujinshi]""}, {""id"": ""0bf66865-4791-4119-866d-6cb7cc8dfd86"", ""relation"": ""spin_off"", ""title"": ""Jujutsu Kaisen Koushiki Fanbook""}, {""id"": ""0c144e35-cf4f-42fb-8582-ebacc8c21828"", ""relation"": ""doujinshi"", ""title"": ""Jujutsu Kaisen - Omegaverse Cat (Doujinshi)""}, {""id"": ""0d7a502d-3e4e-47fb-805f-6cd2f7898762"", ""relation"": ""doujinshi"", ""title"": ""Jujutsu Kaisen - Gachikoi Monster (Doujinshi)""}, {""id"": ""105c3103-b9e8-4d14-a390-9ec87e394eae"", ""relation"": ""doujinshi"", ""title"": ""Jujutsu Kaisen - Kitsune ni Yomeiri (Doujinshi)""}, {""id"": ""133cf996-d092-4629-a2e0-453b68d76e70"", ""relation"": ""doujinshi"", ""title"": ""Jujutsu Kaisen - Bondage and Interrogation Play with the 7/3 Jujutsu Sorcerer (Doujinshi)""}, {""id"": ""140458f7-be02-424b-98ac-1aa0cd9f45f9"", ""relation"": ""doujinshi"", ""title"": ""Dakuon""}, {""id"": ""1aa90628-741f-458a-a0b0-3bae33d4297b"", ""relation"": ""doujinshi"", ""title"": ""Jujutsu Kaisen - Mekakushi Haiyuu Gojo-san to Shinjin AD Itadori-kun (Doujinshi)""}, {""id"": ""1b6262cd-19ad-4fbb-b592-acf733ca9456"", ""relation"": ""doujinshi"", ""title"": ""Jujutsu Kaisen - NobaMaki Wakarase (Doujinshi)""}, {""id"": ""1fbb9027-1350-4302-b5a4-2c14587a4ebe"", ""relation"": ""doujinshi"", ""title"": ""Jujutsu Kaisen - Marking (Doujinshi)""}, {""id"": ""22fa9b4c-505e-4bf8-9cab-ff66c84443e4"", ""relation"": ""doujinshi"", ""title"": ""Jujutsu Kaisen - Manjushage no Yume no Naka""}, {""id"": ""2347dec6-6385-432a-b7ae-a5500c473da9"", ""relation"": ""doujinshi"", ""title"": ""Jujutsu Kaisen - 524 FAMILY!! (Doujinshi)""}, {""id"": ""27d7e82d-5257-4d75-a9b0-83123950d5e5"", ""relation"": ""doujinshi"", ""title"": ""Jujutsu Kaisen - Jigoku Aiuta (Doujinshi)""}, {""id"": ""2b0af2d2-a766-4753-a8f7-e008c00865e9"", ""relation"": ""doujinshi"", ""title"": ""Jujutsu Kaisen - Constellation wa Nozomanai (Doujinshi)""}, {""id"": ""2b4c2cdf-b3f3-4041-bc3f-78feb3699f68"", ""relation"": ""doujinshi"", ""title"": ""Jujutsu Kaisen - It’s not the love you make. It’s the love you give (Spring, Winter) (Doujinshi)""}, {""id"": ""2f97312b-982e-425c-b1ed-f4f8dad84470"", ""relation"": ""doujinshi"", ""title"": ""Jujutsu Kaisen - Mokushite Katarazu (Doujinshi)""}, {""id"": ""31397254-82f7-445f-a906-5405ff447b97"", ""relation"": ""doujinshi"", ""title"": ""Jujutsu Kaisen - Paradise Garden (Doujinshi)""}, {""id"": ""3457df18-7a75-4d56-8784-463d29783895"", ""relation"": ""doujinshi"", ""title"": ""Jujutsu Kaisen - Deva: Samsara (Doujinshi)""}, {""id"": ""349a7817-71a9-4dc8-b446-fdb03650fdcc"", ""relation"": ""doujinshi"", ""title"": ""Jujutsu Kaisen - Zhan Qian Fu Ji (Doujinshi)""}, {""id"": ""371587f9-d4bf-4383-8036-26a8ebe62e4a"", ""relation"": ""doujinshi"", ""title"": ""Jujutsu Kaisen - Kimi no Subete ni Naritai (Doujinshi)""}, {""id"": ""3a0a0811-6317-48fc-82a3-6c66cbed36e5"", ""relation"": ""doujinshi"", ""title"": ""Jujutsu Burger""}, {""id"": ""3b78a961-5f98-41f8-b329-555e43fc5c4f"", ""relation"": ""doujinshi"", ""title"": ""Jujutsu Kaisen - HOLD ON (Doujinshi)""}, {""id"": ""45b58568-0ba9-4e9d-88f0-bc54cc70b07b"", ""relation"": ""doujinshi"", ""title"": ""Jujutsu Kaisen - Hitoya (Doujinshi)""}, {""id"": ""46415e92-6a73-4f38-8009-aa0c57d3dba7"", ""relation"": ""doujinshi"", ""title"": ""Jujutsu Kaisen - Ankousoei (Doujinshi)""}, {""id"": ""48275eb6-0327-4f84-a6c2-b234e895e859"", ""relation"": ""doujinshi"", ""title"": null}, {""id"": ""48b3eefb-f8dd-47d7-af08-2d2d39857bf2"", ""relation"": ""doujinshi"", ""title"": ""Jujutsu Kaisen - Do-M na Sensei ni Gohoubi Ageru (Doujinshi)""}, {""id"": ""496a8b31-dcf9-4306-87b0-3cf4ff720cec"", ""relation"": ""doujinshi"", ""title"": ""Jujutsu Kaisen - Satoru (Doujinshi)""}, {""id"": ""4b843685-ca16-41f7-8ad5-eb29a163f2e0"", ""relation"": ""doujinshi"", ""title"": ""Jujutsu Kaisen - I Just Do What You Want (Doujinshi)""}, {""id"": ""54ae00e1-6d62-453d-ab65-f9d8a0f92321"", ""relation"": ""doujinshi"", ""title"": ""Blue Archive & Jujutsu Kaisen - The Story of Suguru Geto Becoming Sensei (Doujinshi)""}, {""id"": ""5afa8629-8582-462a-a9cc-f41a71c50b1b"", ""relation"": ""doujinshi"", ""title"": ""Jujutsu Kaisen - Forked Road (Doujinshi)""}, {""id"": ""5be5c574-5a2a-4cf9-9599-d4af30f824f3"", ""relation"": ""doujinshi"", ""title"": ""Jujutsu Kaisen -  Suki ni Nattara XX da yo (Doujinshi)""}, {""id"": ""61740fce-b314-4522-b6c5-22d0fb01c979"", ""relation"": ""doujinshi"", ""title"": ""Kitakaze to Shakunetsu no Taiyou""}, {""id"": ""66caf56e-d7ac-4f78-9ddb-edfaabf77a2a"", ""relation"": ""doujinshi"", ""title"": ""Jujutsu Kaisen - Motto Kimi o Nakasetai (Doujinshi)""}, {""id"": ""674eae7f-489f-4bcf-9b27-f09fbd3b2b97"", ""relation"": ""doujinshi"", ""title"": null}, {""id"": ""67fb7e2e-95bd-4cd0-9341-0b64fd22944c"", ""relation"": ""doujinshi"", ""title"": ""Jujutsu Kaisen - You Can't Leave This Room Unless You XXXX (Doujinshi)""}, {""id"": ""6e1d8778-9bbc-41ee-b6c9-39f97b0f81bb"", ""relation"": ""doujinshi"", ""title"": ""Jujutsu Kaisen - Kururikururi Sairoku (Doujinshi)""}, {""id"": ""6eaab3b8-11d6-40e7-966b-bb9b8bc4f14f"", ""relation"": ""doujinshi"", ""title"": ""Jujutsu Kaisen - Kyoshiki, ￭ No Ryouri Ni Te. (Doujinshi)""}, {""id"": ""7081c8c9-227f-4f00-8b26-0e56f0a1a475"", ""relation"": ""doujinshi"", ""title"": ""Jujutsu Kaisen - Adabana wa Eien wo Chikaenai (Doujinshi)""}, {""id"": ""71c3e592-d328-4668-9ef8-71a2b332dd5c"", ""relation"": ""doujinshi"", ""title"": ""Jujutsu Kaisen - HAPPY EVER AFTER (Doujinshi)""}, {""id"": ""73e9bd96-40b0-4682-842e-b80b648399d0"", ""relation"": ""doujinshi"", ""title"": ""Jujutsu Kaisen - Yuruginai Yuragi (Doujinshi)""}, {""id"": ""76142c38-a34a-450c-9d3c-ad5697ee5bf4"", ""relation"": ""doujinshi"", ""title"": ""Jujutsu Kaisen - Yoake Matsu Futari (Doujinshi)""}, {""id"": ""7a8a8f81-34e6-4d2a-958b-84ddd71b7aae"", ""relation"": ""doujinshi"", ""title"": ""Jujutsu Kaisen - Kimi no Koufukuron (Doujinshi)""}, {""id"": ""7b6d7cd8-6506-4cf8-a75d-6296ecb95737"", ""relation"": ""doujinshi"", ""title"": ""Jujutsu Kaisen - Baby Ore Wo Shikatte Kure! (Doujinshi)""}, {""id"": ""7bdc4f9c-5575-49f0-b39b-936fd7c4ccfd"", ""relation"": ""doujinshi"", ""title"": ""Jujutsu Kaisen - Sono Uso ni Sugaretara (Doujinshi)""}, {""id"": ""7c1c58dd-5364-42f3-9fea-8ff4e0707176"", ""relation"": ""doujinshi"", ""title"": ""Jujutsu Kaisen - Kawaii Dake Janai (Doujinshi)""}, {""id"": ""7fa5e0e8-2ae1-4566-80e2-6818d191516e"", ""relation"": ""doujinshi"", ""title"": ""Jujutsu Kaisen - Nioi (Doujinshi)""}, {""id"": ""8287d5f8-d96c-4cad-9ee9-348aa2c25c36"", ""relation"": ""doujinshi"", ""title"": ""Jujutsu Kaisen - Gojo-san no Manager (Doujinshi)""}, {""id"": ""8700df63-92ef-446c-8cbb-b4077263c535"", ""relation"": ""doujinshi"", ""title"": ""Jujutsu Kaisen - ENCOUNT (Doujinshi)""}, {""id"": ""872109d5-e699-46da-919c-d35898167745"", ""relation"": ""doujinshi"", ""title"": ""Jujutsu Kaisen - Zoku Gachikoi Monster (Doujinshi)""}, {""id"": ""87c8e79b-64d8-403f-8e9f-084b2f7a8e91"", ""relation"": ""doujinshi"", ""title"": ""Jujutsu Kaisen - You wa Tameshi ni Ecchi Shita. (Doujinshi)""}, {""id"": ""8b58f452-4d8a-4aad-a050-349e83fecccb"", ""relation"": ""prequel"", ""title"": ""Jujutsu Kaisen 0: Toukyou Toritsu Jujutsu Koutou Senmon Gakkou""}, {""id"": ""8bb6c8df-c9fc-4c9d-a6c0-a78813a23e96"", ""relation"": ""doujinshi"", ""title"": ""Jujutsu Kaisen - Kenka Joutou Bakappuru (Doujinshi)""}, {""id"": ""9781e700-62e4-4913-89af-8120d338773e"", ""relation"": ""doujinshi"", ""title"": ""Jujutsu Kaisen - Datte Otokonoko da Mon/Osusowake (Doujinshi)""}, {""id"": ""998a7f60-35c0-4cf4-a7c5-c92a25a4109a"", ""relation"": ""doujinshi"", ""title"": ""Jujutsu Kaisen - Tsukihi wo Hami Ai wo Shiru (Doujinshi)""}, {""id"": ""9bcc73d9-cb0d-4000-aa5d-d01ac0063937"", ""relation"": ""doujinshi"", ""title"": ""Jujutsu Kaisen -  Raku wazawai (Doujinshi)""}, {""id"": ""9d316b3b-e83d-4722-92e9-a9bbb7af7826"", ""relation"": ""doujinshi"", ""title"": ""Jujutsu Kaisen - Kimi wo Norowaba, (Doujinshi)""}, {""id"": ""9db0566f-cfe4-4975-bc1b-b941b0f59b4f"", ""relation"": ""doujinshi"", ""title"": ""Jujutsu Kaisen - Le Plus Fort des Exorcistes""}, {""id"": ""a048183d-f95b-4b73-ab92-616d8ea5200b"", ""relation"": ""doujinshi"", ""title"": ""Toumin""}, {""id"": ""a136da1b-ca6c-4bb5-afb5-89c837ae9c42"", ""relation"": ""doujinshi"", ""title"": ""Jujutsu Kaisen - Hanataba ni Naru Made Matte (Doujinshi)""}, {""id"": ""a1f63d53-53af-4ffd-ab7a-7a97a0d03d1c"", ""relation"": ""doujinshi"", ""title"": null}, {""id"": ""a375d20a-6eb4-4e71-95a3-48d8a9847d26"", ""relation"": ""doujinshi"", ""title"": ""Jujutsu Kaisen - WAKARASE (Doujinshi)""}, {""id"": ""a5678da4-1709-4212-9a67-991c4378f03d"", ""relation"": ""doujinshi"", ""title"": ""Jujutsu Kaisen - Matsuyoi no Kagome (Doujinshi)""}, {""id"": ""a8ee1d8c-43e9-485f-9651-265e94d6b4e6"", ""relation"": ""doujinshi"", ""title"": ""Jujutsu Kaisen - Omoide wa Kimi ni Azuketoku (Doujinshi)""}, {""id"": ""abb2d08f-f193-4b01-9ed7-7bbeb19f04c6"", ""relation"": ""doujinshi"", ""title"": ""Jujutsu Kaisen - Xiao Xing Ye Su (Doujinshi)""}, {""id"": ""ac5cf087-318c-4fa8-b91e-8a3c72d4ff6d"", ""relation"": ""doujinshi"", ""title"": ""Jujutsu Kaisen - Shiratae Mokke (Doujinshi)""}, {""id"": ""b16e8dcb-158a-4bda-9f2c-7126efda80ed"", ""relation"": ""doujinshi"", ""title"": ""Jujutsu Kaisen - Nandemo tte Honto? (Doujinshi)""}, {""id"": ""b1f8a5e9-6796-40d5-82c5-80c4ac059bca"", ""relation"": ""doujinshi"", ""title"": ""Jujutsu Kaisen - The Day Godhood Began (Doujinshi)""}, {""id"": ""b5606c34-8ba9-4dfc-964a-fb1453f8ac71"", ""relation"": ""doujinshi"", ""title"": ""Jujutsu Kaisen - Teppen Tsukinukeru Hodo Omae ga Suki da! (Doujinshi)""}, {""id"": ""b904faf7-51a8-476a-8d0f-f9a4a60c9336"", ""relation"": ""doujinshi"", ""title"": ""Jujutsu Kaisen - Nugasete Ageyokka (Doujinshi)""}, {""id"": ""babf17a0-e262-4d38-893b-07cc0f16e888"", ""relation"": ""doujinshi"", ""title"": ""Jujutsu Kaisen - We Are Living Tomorrow As Well. (Doujinshi)""}, {""id"": ""bb295305-6929-4376-9b90-f8030c81419f"", ""relation"": ""doujinshi"", ""title"": ""Jujutsu Kaisen - Denpa Senpai (Doujinshi)""}, {""id"": ""bbc3de65-f236-42a7-80be-0f350845c5b1"", ""relation"": ""doujinshi"", ""title"": ""Jujutsu Kaisen - Ao ni Somaru Hi (Doujinshi)""}, {""id"": ""bc60b26c-0300-4e15-80c4-b48bff445c11"", ""relation"": ""doujinshi"", ""title"": ""Jujutsu Kaisen - Sensei!! (Doujinshi)""}, {""id"": ""bea7ef2b-30cf-4066-9fbd-71423ca9bb6d"", ""relation"": ""doujinshi"", ""title"": null}, {""id"": ""c13e3486-e175-4dec-bc8e-faea5fcf69c0"", ""relation"": ""doujinshi"", ""title"": ""Jujutsu Kaisen - Fushi to Neko (Doujinshi)""}, {""id"": ""c14168da-9354-4559-99fb-33bb35b6f6ca"", ""relation"": ""doujinshi"", ""title"": ""Jujutsu Kaisen - Hakusou (Doujinshi)""}, {""id"": ""cbb44b36-e9f3-4001-8ef3-4e775394e449"", ""relation"": ""doujinshi"", ""title"": null}, {""id"": ""cd673835-148f-4939-901c-e2f69d38e5a2"", ""relation"": ""doujinshi"", ""title"": ""Jujutsu Kaisen - Kimi no Tokubetsu ni Naritai (Doujinshi)""}, {""id"": ""d2f11fef-b607-4051-a0d6-12ae9e5e2f08"", ""relation"": ""doujinshi"", ""title"": ""Jujutsu Kaisen - Itoki Akebono Ten ni Haru (Doujinshi)""}, {""id"": ""d54cbe66-401d-45c0-9787-8a191116e3e8"", ""relation"": ""doujinshi"", ""title"": ""Jujutsu Kaisen - #02-04 (Doujinshi)""}, {""id"": ""d60fceda-e3c8-4194-b214-a0d790769652"", ""relation"": ""doujinshi"", ""title"": ""Jujutsu Kaisen - LEVITATE (Doujinshi)""}, {""id"": ""d9ef31b4-8076-4f76-959a-0413b1f31654"", ""relation"": ""doujinshi"", ""title"": ""Filipino Kaisen | Fanmade Spinoff""}, {""id"": ""dc1a0e60-460e-4fa1-a7c9-9e12d6b3cf06"", ""relation"": ""doujinshi"", ""title"": null}, {""id"": ""dced4bef-6057-4526-9d60-bd33e9d4e7b2"", ""relation"": ""doujinshi"", ""title"": ""Jujutsu Kaisen - Zhou Fu Ye Xing (Doujinshi)""}, {""id"": ""e600c6fb-3ac3-4789-a1f7-70d5f0340e9f"", ""relation"": ""doujinshi"", ""title"": ""Jujutsu Kaisen - Ai wo Komete Kimi wo Omofu (Doujinshi)""}, {""id"": ""e63c6e4a-6360-4bcc-9c1a-ea5c35143a82"", ""relation"": ""doujinshi"", ""title"": ""Jujutsu Kaisen - Cunt Boy no Yuuji-kun (Doujinshi)""}, {""id"": ""eb351c8b-8341-4260-8669-b236ccef9d19"", ""relation"": ""doujinshi"", ""title"": ""Jujutsu Kaisen - Kaette Oide yo, Boku no Tokoro ni (Doujinshi)""}, {""id"": ""ee887cb3-890d-4514-940a-873b244dc6e4"", ""relation"": ""doujinshi"", ""title"": ""Jujutsu Kaisen - MY PRECIOUS KITTEN (Doujinshi)""}, {""id"": ""eefece92-39a1-436c-b03e-60a4b444b361"", ""relation"": ""doujinshi"", ""title"": ""Jujutsu Kaisen - Kiss Me Tender Plus!! (Doujinshi)""}, {""id"": ""f3f59f12-351a-4de7-bd51-696d0764d64e"", ""relation"": ""sequel"", ""title"": ""Jujutsu Kaisen Modulo""}, {""id"": ""f48ef0c6-9ac3-49ad-a75b-6f0931358125"", ""relation"": ""doujinshi"", ""title"": null}, {""id"": ""f99a1e4b-595a-453d-b911-42704327753c"", ""relation"": ""doujinshi"", ""title"": ""Jujutsu Kaisen - LINKS JINX (Doujinshi)""}, {""id"": ""fba45ee6-bd1c-44b6-9289-910b1b7da0dc"", ""relation"": ""doujinshi"", ""title"": ""Jujutsu Kaisen - Tora to Tora (Doujinshi)""}, {""id"": ""fccbee84-a5b8-49f3-8f27-be841a710299"", ""relation"": ""doujinshi"", ""title"": ""Jujutsu Kaisen - STAY WHO YOU ARE (Doujinshi)""}, {""id"": ""ffeb900c-c7eb-43dc-8df8-b798fcd9ce05"", ""relation"": ""doujinshi"", ""title"": ""Jujutsu Kaisen - Musubi (Doujinshi)""}]"
933,e4631dc7-87b9-4d6a-8b3b-5594664ecc27,Fate/kaleid liner PRISMA☆ILLYA 3rei!!,Fate/kaleid liner PRISMA☆ILLYA 3rei!!,Hiroyama Hiroshi; TYPE-MOON,Hiroyama Hiroshi,Loli; Action; Romance; Comedy; Magical Girls; Drama; Fantasy; Supernatural; Mystery,seinen,ongoing,2012.0,suggestive,ja,13203,9.0372,8.910624232286182,81,2,"[{""id"": ""18c41d02-408a-4a84-9aba-713eb3269376"", ""relation"": ""doujinshi"", ""title"": ""bou (Doujinshi)""}, {""id"": ""ec7dd89e-2a1a-41c7-b60e-c8e74a2fe1db"", ""relation"": ""prequel"", ""title"": ""Fate/kaleid liner PRISMA☆ILLYA 2wei!""}]"
934,84bab9b6-b5c1-40e2-a9ce-0664e519b177,Bamboo Samurai,Bamboo Samurai,Eifuku Issei,Matsumoto Taiyou,Award Winning; Historical; Action; Psychological; Survival; Martial Arts; Samurai; Adventure; Military; Gore; Drama; Slice of Life; Mystery,seinen,completed,2006.0,safe,ja,2682,9.3062,8.91044987003798,8,0,[]
935,d41bebac-1fd3-45dd-80f4-c371db540a2a,Ranma 1/2,Ranma 1/2,Takahashi Rumiko,Takahashi Rumiko,Action; Romance; Comedy; Martial Arts; Adventure; Magic; School Life; Fantasy; Delinquents; Supernatural,shounen,completed,1987.0,suggestive,ja,7846,9.0143,8.910219693532943,29,5,"[{""id"": ""13531ca8-fb8e-4d3a-9104-5bdd052d22e8"", ""relation"": ""doujinshi"", ""title"": ""Ranma 1/2 - C-COMPANY SPECIAL STAGE 10 (Doujinshi)""}, {""id"": ""74ad2ce9-a1c0-49b1-9732-a49b05791639"", ""relation"": ""doujinshi"", ""title"": ""Ranma½ - Bitch½ (Doujinshi)""}, {""id"": ""856cf0aa-dd49-496c-b6cd-365a7efcff4d"", ""relation"": ""doujinshi"", ""title"": ""Shingeki no Kyojin - Hanji ½ (Doujinshi)""}, {""id"": ""bbe5d523-554a-4c2b-a14e-bdac083e03a1"", ""relation"": ""doujinshi"", ""title"": ""Ranma 1/2 - Kero Hon (Doujinshi)""}, {""id"": ""c126ac97-35f6-46fe-b893-57f5cb87a328"", ""relation"": ""doujinshi"", ""title"": ""Ranma 1/2 - HENTAI Oniisan \""Tendo Nabiki\"" (Doujinshi)""}]"
936,630ceee2-3ff7-4542-8d72-8741d97c5df7,Walk on Water,Walk on Water,Jang Mokdan,Jaxx,Long Strip; Romance; Boys' Love; Crime; Drama; Web Comic; Adaptation; Full Color,,completed,2018.0,erotica,ko,6550,8.9801,8.910109480126287,71,0,[]
937,eeb2ab0e-7dbc-4f0c-b476-8181d44217a8,Tengoku Daimakyou,Heavenly Delusion,Ishiguro Masakazu,Ishiguro Masakazu,Award Winning; Sci-Fi; Genderswap; Monsters; Romance; Comedy; Survival; Adventure; Post-Apocalyptic; Sexual Violence; Gore; Drama; Mystery; Tragedy,seinen,ongoing,2018.0,suggestive,ja,45218,8.9377,8.910061160587079,145,0,[]
938,c9a68c3d-cb2f-4d86-aff5-14eb3218d493,Senryuu Shoujo,Senryuu Shoujo,Igarashi Masakuni,Igarashi Masakuni,Romance; Comedy; 4-Koma; School Life; Slice of Life,shounen,completed,2016.0,safe,ja,33464,8.937,8.9093239575845,399,0,[]
939,d4c49407-6636-4448-9492-bdc3d9f5895b,Gokugoku Futsuu no Fuufu no Hanashi (Fan Colored),Gokugoku Futsuu no Fuufu no Hanashi (Fan Colored),Tokixwa,Tokixwa,Romance; Fan Colored; Web Comic; Slice of Life,,ongoing,2020.0,suggestive,ja,4545,9.2,8.90885686748361,2,0,[]
940,19043c81-8ab8-432d-8753-d60162488d34,Chou Shin-Uchuu Yori Ai wo Komete,Big Love from Ultra Deep Space,Ashida Kawozu,Ashida Kawozu,Romance; Girls' Love; School Life; Fantasy; Aliens,,ongoing,2025.0,safe,ja,10712,9.0122,8.908498709507672,12,0,[]
941,9f2571b9-f1ba-42fd-82d2-6d371e79ae62,Soara to Mamono no Ie,Soara to Mamono no Ie,Yamaji Hidenori,Yamaji Hidenori,Monsters; Action; Adventure; Magic; Fantasy,shounen,ongoing,2021.0,safe,ja,12013,9.0189,8.906063681777738,12,0,[]
942,39965fe5-08dc-4f10-84eb-4755c1d1f542,Heuksa,The Black Serpent,An Gyeong-al,An Gyeong-al,Historical; Action; Long Strip; Martial Arts; Drama; Web Comic; Supernatural; Full Color; Tragedy,,ongoing,2024.0,safe,ko,3005,9.2996,8.905021872555954,3,0,[]
943,75ee72ab-c6bf-4b87-badd-de839156934c,Death Note,Death Note,Ohba Tsugumi,Obata Takeshi,Thriller; Psychological; Crime; Office Workers; Gore; Police; Supernatural; Mystery,shounen,completed,2003.0,safe,ja,15158,8.9423,8.904964319812793,26,13,"[{""id"": ""06d3bc04-4066-4318-b118-022a5b281ab5"", ""relation"": ""doujinshi"", ""title"": ""Death Note - Sharpen Your Fangs and Show Me You Can Lower Your Head (Doujinshi)""}, {""id"": ""1fd20767-f5fc-4228-a2fc-c88497eee318"", ""relation"": ""doujinshi"", ""title"": ""JoJo x Death Note (Doujinshi)""}, {""id"": ""25a76aba-e730-4a17-8f77-83c65a51036e"", ""relation"": ""sequel"", ""title"": ""Death Note Tanpenshuu""}, {""id"": ""36bdbf91-5e57-4b81-a813-4c557091dbce"", ""relation"": ""doujinshi"", ""title"": ""Death Note - Cold Note (Doujinshi)""}, {""id"": ""3fc5c653-3fac-4ddb-aebf-f2e3d4d4adf6"", ""relation"": ""sequel"", ""title"": ""Death Note: C-Kira-hen""}, {""id"": ""49d143d4-52f6-4706-a851-744c27e33f9c"", ""relation"": ""doujinshi"", ""title"": ""Death Note - The Other Works / If I Could Have One Wish Come True (Doujinshi)""}, {""id"": ""5520b5a8-e76a-4d61-b7ae-f33d1cf13d55"", ""relation"": ""doujinshi"", ""title"": ""Dragon Ball x Death Note - Dragon Note (Doujinshi)""}, {""id"": ""8adaa90a-c779-47db-8a9c-c029e352ad97"", ""relation"": ""doujinshi"", ""title"": ""Death Note - Strawberry Machine (Doujinshi)""}, {""id"": ""8f8c4f0e-93f5-433e-ba13-017746b485ec"", ""relation"": ""doujinshi"", ""title"": ""Jump All Stars Battle (Doujinshi)""}, {""id"": ""e5e79c84-f625-45c8-b4b6-7c53f0d6e1af"", ""relation"": ""doujinshi"", ""title"": ""Death Note - Alternate Ending (Doujinshi)""}, {""id"": ""ee767a2a-20cb-4188-ad47-83730c43dfe8"", ""relation"": ""doujinshi"", ""title"": ""Death Note & Fate/stay night - DEATH FATE (Doujinshi)""}, {""id"": ""f27c8e31-6cd6-45ea-b1ee-2a9418fac2f1"", ""relation"": ""doujinshi"", ""title"": ""Death Note - An Honor Student (Doujinshi)""}, {""id"": ""fa83bc33-e906-4a6a-af2f-a6da70a1c585"", ""relation"": ""doujinshi"", ""title"": ""Death Note - To Have Spoiled (Doujinshi)""}]"
944,6858dbea-6ed4-45aa-8823-c0232e3b9992,MADK,MADK,Suzuri Ryo,Suzuri Ryo,Demons; Boys' Love; Sexual Violence; Gore; Drama; Horror; Supernatural,,completed,2017.0,erotica,ja,7717,9.0093,8.904939470417377,39,0,[]
945,94a7d0d5-18c6-4f24-826c-4157e36608e6,"RAINBOW - The Seven From Block 2, Cell 6","RAINBOW - The Seven From Block 2, Cell 6",Abe George,Kakizaki Masasumi,Award Winning; Historical; Psychological; Survival; Sexual Violence; Philosophical; Gore; Drama; Delinquents; Police; Slice of Life,seinen,completed,2002.0,suggestive,ja,7040,9.1014,8.903952224378457,26,0,[]
946,9e0c53c7-16bd-4f98-affe-de4408c4338e,"Hikaeme ni Itte mo, Kore wa Ai","Love, That's an Understatement",Fuji Momo,Fuji Momo,Romance; Comedy; Drama; School Life; Delinquents,shoujo,ongoing,2021.0,safe,ja,9270,9.0561,8.902710703267088,6,0,[]
947,96338481-0531-4a25-b209-152e4178684b,Radiation House,Radiation House,Yokomaku Tomohiro,Mori Taishi,Romance; Comedy; Drama; Medical; Slice of Life,seinen,ongoing,2015.0,safe,ja,13793,9.0131,8.90252717440664,80,0,[]
948,cf05fa96-b52a-4684-b884-00f0d4c21f9c,Kishuku Gakkou no Juliet,Boarding School Juliet,Kaneda Yousuke,Kaneda Yousuke,Loli; Action; Romance; Comedy; Crossdressing; Drama; School Life; Slice of Life,shounen,completed,2015.0,suggestive,ja,33631,8.921,8.901903350419015,349,4,"[{""id"": ""221aeb9c-0980-4b80-915b-a5d4480c677b"", ""relation"": ""spin_off"", ""title"": ""Kishuku Gakkou no Juliet - The Official Anthology""}, {""id"": ""25e136d6-3b24-4d3c-8952-36611e21dcac"", ""relation"": ""doujinshi"", ""title"": ""Kishuku Gakkou no Juliet - Kishuku Gakkou no Chartreux (Doujinshi)""}, {""id"": ""338cc8c0-792f-4345-8bca-e792fe8b4b05"", ""relation"": ""doujinshi"", ""title"": ""Kishuku Gakkou no Juliet - Hasuki, Service and Juliet (Doujinshi)""}, {""id"": ""52d817e1-1fcb-419a-b081-e1e9b1d56957"", ""relation"": ""doujinshi"", ""title"": ""Kishuku Gakkou no Juliet - Erohon to Romeo to Juliet (Doujinshi)""}]"
949,ac4e2459-d995-45ae-8421-4c4cf4a87770,Overlord,Overlord,Maruyama Kugane,Miyama Fugin,Thriller; Reincarnation; Sci-Fi; Loli; Monsters; Action; Demons; Comedy; Zombies; Adventure; Magic; Harem; Military; Isekai; Gore; Drama; Horror; Fantasy; Vampires; Monster Girls; Slice of Life; Mystery; Adaptation,,completed,2014.0,suggestive,ja,67793,8.9221,8.901407779929233,246,18,"[{""id"": ""0fa88d82-6e71-4b74-bb1a-4b2347aed980"", ""relation"": ""spin_off"", ""title"": ""Overlord: The Undead King Oh!""}, {""id"": ""11d3e5c0-f332-4810-bb22-5ed5f765d2a3"", ""relation"": ""doujinshi"", ""title"": ""Overlord - LR-07 (Doujinshi)""}, {""id"": ""15a87667-d72f-4b02-a33f-50ade286134e"", ""relation"": ""doujinshi"", ""title"": ""Overlord - Narberal no Kougou (Doujinshi)""}, {""id"": ""18c41d02-408a-4a84-9aba-713eb3269376"", ""relation"": ""doujinshi"", ""title"": ""bou (Doujinshi)""}, {""id"": ""1d325a70-7358-416f-9bcf-6b4cf96ac547"", ""relation"": ""doujinshi"", ""title"": ""Overlord - Reflect (Doujinshi)""}, {""id"": ""2021c4f0-4f10-47de-ae1a-82e177da2f1a"", ""relation"": ""doujinshi"", ""title"": ""Overlord - Goranshin Nasai! Ainz-sama (Doujinshi)""}, {""id"": ""2bc87333-d823-4145-af6b-6ce552051929"", ""relation"": ""doujinshi"", ""title"": ""Overlord - Log House Gyoumu Nisshi (Doujinshi)""}, {""id"": ""695da5b3-9440-4416-badb-99f88dc4a52c"", ""relation"": ""doujinshi"", ""title"": ""Overlord - 8 Pages of Solution Lewds (Doujinshi)""}, {""id"": ""6a0ffc04-4bf5-4a2c-a05f-56e15bcac3b3"", ""relation"": ""doujinshi"", ""title"": ""Overlord - OVER HOLE (Doujinshi)""}, {""id"": ""72330d70-ad88-4662-aa08-089b5fbad8dc"", ""relation"": ""doujinshi"", ""title"": ""Overlord - 8 Pages of Lupusregina Lewds (Doujinshi)""}, {""id"": ""73320da2-eac6-4ff5-a12d-30788624d85b"", ""relation"": ""sequel"", ""title"": ""Overlord: <Shin> Sekai-hen""}, {""id"": ""9d8f189d-278b-413e-a7db-09aecefb6c5e"", ""relation"": ""doujinshi"", ""title"": ""Overlord - Sweet Time (Doujinshi)""}, {""id"": ""aee04879-4866-4867-b469-87e0524222d5"", ""relation"": ""doujinshi"", ""title"": ""Overlord - Ainz-sama, Leave Your Heir to! (Doujinshi)""}, {""id"": ""be9d504c-b760-4235-8368-dbf08d585b21"", ""relation"": ""doujinshi"", ""title"": ""Overlord - Nazarick Biyori (Doujinshi)""}, {""id"": ""dac9f66e-1cab-4678-9525-42921e47a12a"", ""relation"": ""doujinshi"", ""title"": ""Overlord - Overlord-san (Doujinshi)""}, {""id"": ""ec6125e7-19a0-483a-95bc-b542d67b2c01"", ""relation"": ""doujinshi"", ""title"": ""Overlord - The Wonderful Wizard of Nazarick (Doujinshi)""}, {""id"": ""f01c408f-9174-423c-a254-8e47625e0f36"", ""relation"": ""spin_off"", ""title"": ""Overlord à la Carte""}, {""id"": ""f6becdc2-6692-4dad-a862-9b40c4e8c2da"", ""relation"": ""doujinshi"", ""title"": ""Overlord - Aru Aru Albedo-sama (Doujinshi)""}]"
950,d9fa7a13-fc92-4938-986a-a2706aa3c01c,Another Typical Fantasy Romance,Another Typical Fantasy Romance,WOLHET (월헤트),WOLHET (월헤트),Reincarnation; Monsters; Long Strip; Romance; Magic; Isekai; Fantasy; Full Color,,ongoing,2021.0,safe,ko,3264,9.2852,8.901363853386318,4,0,[]
951,19f7ffb3-92de-4ce5-ae0f-b943f0df76f0,Quánqiú Gāokǎo,Global University Entrance Examination,Jinjiang Literature City (晋江文学城); You Ma Wenhua (有马文化); White Dream Society (白梦社); Mu Su Li (木苏里),Jinjiang Literature City (晋江文学城); You Ma Wenhua (有马文化); White Dream Society (白梦社); Mu Su Li (木苏里),Action; Long Strip; Romance; Boys' Love; Survival; Adaptation,,ongoing,2020.0,safe,zh,2752,9.258,8.901297479014646,11,0,[]
952,ce63e6b8-fad8-48bc-a2aa-d801fb8d5d43,Magi,Magi,Ohtaka Shinobu,Ohtaka Shinobu,Award Winning; Action; Comedy; Adventure; Magic; Fantasy; Mystery,shounen,completed,2009.0,suggestive,ja,17183,8.949,8.900468372126602,42,12,"[{""id"": ""17be3917-f5c5-4634-83da-9c698caa3b8c"", ""relation"": ""doujinshi"", ""title"": ""Magi - Real Talk (Doujinshi)""}, {""id"": ""1eff6a35-4423-477e-98df-a4e23f2b4386"", ""relation"": ""doujinshi"", ""title"": ""Magi - Oudourakudo (Doujinshi)""}, {""id"": ""21a5ae7a-8b80-4f0d-bb2a-046a20c2fd8a"", ""relation"": ""doujinshi"", ""title"": ""Magi - Dear Rose (Doujinshi)""}, {""id"": ""3d7d87d1-590c-4537-93be-de1cbf6e539b"", ""relation"": ""doujinshi"", ""title"": ""Magi - Happy Halloween (Doujinshi)""}, {""id"": ""52748547-0da2-4869-8d18-39ce9fff45d9"", ""relation"": ""doujinshi"", ""title"": ""Judar-chan ga Onnanoko!? — Magi (Doujinshi)""}, {""id"": ""598b9a10-126c-4807-9ed2-c1651acb3327"", ""relation"": ""doujinshi"", ""title"": ""Magi - Canis Major: vy (Doujinshi)""}, {""id"": ""77eb609f-d789-46c3-a6a9-81ca8c15f945"", ""relation"": ""doujinshi"", ""title"": ""Magi - Tengoku no Kuchi no Naka (Doujinshi)""}, {""id"": ""a5e868f4-e564-43a5-ace6-38010cb2b73f"", ""relation"": ""doujinshi"", ""title"": ""Magi - Ohiruyasumi ni Kiss Shite (Doujinshi)""}, {""id"": ""aadbdeaa-5a49-4e4e-b5f7-1cd255c9599b"", ""relation"": ""doujinshi"", ""title"": ""Magi - Shishi no Nemuru Basho (Doujinshi)""}, {""id"": ""ac54cf12-1d69-4bcc-8d14-eaec4b4da6b1"", ""relation"": ""side_story"", ""title"": ""Magi: The Adventures Of Sinbad""}, {""id"": ""cbf25cd3-aef7-4021-b3ba-3d32af2be7cb"", ""relation"": ""doujinshi"", ""title"": ""Magi: The Labyrinth of Magic - Oyajidomo ni wa Naisho dazo (Doujinshi)""}, {""id"": ""f7f5eb88-fd6e-477d-801d-536e78790220"", ""relation"": ""doujinshi"", ""title"": ""Magi - The Color of Loving Someone (Doujinshi)""}]"
953,bb5f1b24-58a6-49e4-847b-a322c2addbd5,Neo man Boindan Mariya,You're the Only One I Can See,ChaeGun,dodGe,Long Strip; Romance; Comedy; School Life; Slice of Life; Full Color,,ongoing,2026.0,safe,ko,45639,8.9324,8.900467305353946,59,0,[]
954,0cfcda3b-0dcb-459b-9931-aa823e7bf403,Nine Peaks,Nine Peaks,Tetsuhiro Hirakawa,Tetsuhiro Hirakawa,Time Travel; Action; Delinquents,shounen,ongoing,2022.0,safe,ja,7821,9.0531,8.900169271026785,32,0,[]
955,83644dad-1f46-47c7-8a75-484cf311a4c4,Level Up Warrior 3-bu,Hardcore Leveling Warrior: Earth Game,Kim Sehoon (김세훈),Kim Sehoon (김세훈),Action; Long Strip; Adventure; Web Comic; Full Color,,ongoing,2023.0,safe,ko,2580,9.3249,8.899816990252802,5,1,"[{""id"": ""93398095-659d-4137-a630-5961c82a1f97"", ""relation"": ""prequel"", ""title"": ""Hardcore Leveling Warrior""}]"
956,b155dd4b-4db3-4dfd-80b9-d7690ee0c053,Baka ni Kokuhaku,Confessions for a Moron,Yasaka Shuu,Yasaka Shuu,Romance; Comedy; Girls' Love; School Life,seinen,ongoing,2025.0,safe,ja,10708,8.9893,8.899707026202117,16,0,[]
957,29ca9de0-b633-4756-b4f3-c3bef1ee4f9e,Cheongchun Love-some,Seasons of Lovesome,HongDuck (홍덕),NEMONE,Long Strip; Romance; Comedy; Drama; School Life; Slice of Life; Full Color,,ongoing,2024.0,safe,ko,2520,9.3883,8.899500563168946,1,1,"[{""id"": ""67e56a7a-c7ea-4db8-84f0-db19c2034729"", ""relation"": ""prequel"", ""title"": ""Seasons of Blossom""}]"
958,e8799d88-d2ac-4b7d-93cd-48afb025d147,Desire for a Reply!,Desire for a Reply!,NISIOISIN,Miyokawa Masaru,Oneshot; Romance; Sports; School Life; Gyaru,shounen,completed,2014.0,safe,ja,15521,8.9152,8.899012008118538,66,0,[]
959,65512e8c-71c6-4143-ab88-1f62942e7dd2,Ramia-Yana,Ramia-Yana,TheGoldenSmurf,TheGoldenSmurf,Monsters; Action; Demons; Comedy; Adventure; Self-Published; Sexual Violence; Gore; Fantasy; Monster Girls; Web Comic,,ongoing,,suggestive,en,33442,8.9327,8.898648882030717,172,0,[]
960,d1277965-6bd9-457a-9a33-2879832b6d32,Shinmai Shimai no Futari Gohan,Shinmai Shimai no Futari Gohan,Hiiragi Yutaka,Hiiragi Yutaka,Comedy; Slice of Life; Cooking,shounen,ongoing,2015.0,safe,ja,15242,9.001,8.898405362737753,80,0,[]
961,8e0da1d1-1018-47ca-a872-041f24876e2a,Okashiratsuki,Okashiratsuki,Yumeka Sumomo,Yumeka Sumomo,Romance; Philosophical; Drama; School Life; Slice of Life; Supernatural,seinen,completed,2018.0,safe,ja,7408,8.997,8.89810588224146,100,0,[]
962,cde5424f-02e5-4c90-a433-b92d831d9856,Kimi Meku Yoru ni Kogarete,Yearning for a Night Full of You,Rey,Rey,Romance; Girls' Love; Drama; School Life,,ongoing,2024.0,safe,ja,25757,8.9396,8.897718794683785,54,0,[]
963,41854f71-2a63-4d7b-8e65-e9b0f40214f4,Artificial Temperature 36.7°C,Artificial Temperature 36.7°C,不学禅,Lily Club (橘姬社); 尼三岁,Sci-Fi; Long Strip; Romance; Sexual Violence; Girls' Love; Web Comic; Full Color,,ongoing,2022.0,suggestive,zh,6149,9.0358,8.897462648897946,6,0,[]
964,12311367-3e5c-416e-9e26-29d8f5c30050,School Back,School Back,Onodera Kokoro,Onodera Kokoro,Psychological; Drama; School Life; Slice of Life,shounen,completed,2023.0,safe,ja,6734,9.0838,8.896891846748742,12,0,[]
965,f5e3baad-3cd4-427c-a2ec-ad7d776b370d,BEASTARS,BEASTARS,Itagaki Paru,Itagaki Paru,Award Winning; Psychological; Animals; Romance; Comedy; Drama; School Life; Fantasy; Slice of Life; Mystery; Tragedy,shounen,completed,2016.0,suggestive,ja,54664,8.906,8.896585356102262,774,2,"[{""id"": ""5da92b11-42ff-4adc-89b2-072cfd7a12df"", ""relation"": ""alternate_story"", ""title"": ""Beast Complex""}, {""id"": ""cd9b65e3-b9e2-4d8b-b9dd-0bc8be59f312"", ""relation"": ""shared_universe"", ""title"": ""BEAST COMPLEX""}]"
966,0f4f873c-f14e-4849-a85c-b21ed10d62a3,Haruka Tooki Ie,Haruka Tooki Ie,Yatsuda Teki,Yatsuda Teki,Romance; Boys' Love; Tragedy,,completed,2020.0,suggestive,ja,2618,9.1554,8.895784107731826,7,0,[]
967,ba457ec7-8f27-4fc8-8b0d-2cd6fe1b3524,Records of Linyao,Records of Linyao,Shi Yi Er (时一二),Shi Yi Er (时一二),Historical; Action; Long Strip; Romance; Comedy; Girls' Love; Military; Drama; Medical; Web Comic; Full Color,shoujo,ongoing,2021.0,safe,zh,4199,9.1432,8.89574677260736,11,0,[]
968,3e8cf40f-ba17-480a-b60b-a675db032ee2,Kono Kaisha ni Suki na Hito ga Imasu,I Have a Crush at Work,Enomoto Akamaru,Enomoto Akamaru,Romance; Office Workers; Slice of Life,seinen,completed,2019.0,suggestive,ja,54869,8.9311,8.89501309853858,133,0,[]
969,a4e838c4-6ff9-4e4b-8f87-c3a20f36a4ce,Seitokai Yakuindomo,Student Council Staff Members,Ujiie Tozen,Ujiie Tozen,Romance; Comedy; Harem; 4-Koma; School Life; Slice of Life,shounen,completed,2007.0,suggestive,ja,20139,8.9631,8.894849464164391,120,1,"[{""id"": ""be947bc1-f95e-40ce-b0fb-28af99bf9bde"", ""relation"": ""shared_universe"", ""title"": ""Idol no Akahon""}]"
970,f738c64a-8050-4ff7-85f3-a0bba314d176,Youkai Gakkou no Seito Hajimemashita!,Youkai Gakkou no Seito Hajimemashita!,Tanaka Mai,Tanaka Mai,Comedy; School Life; Supernatural,,hiatus,2018.0,safe,ja,1560,9.4767,8.89477662962814,1,1,"[{""id"": ""b093bc50-be43-470c-8594-d79ab9fa5b90"", ""relation"": ""main_story"", ""title"": ""Youkai Gakkou no Sensei Hajimemashita!""}]"
971,36ff6c07-809a-43b9-815a-e9fd0d9a72bf,Soyeon Beopchik,Dead Mansion,Sgt. (병장); park man-sa; Haetae,Sgt. (병장); park man-sa; Haetae,Action; Long Strip; Adventure; School Life; Web Comic; Full Color,,hiatus,2024.0,suggestive,ko,7656,9.097,8.89475600002967,6,4,"[{""id"": ""596191eb-69ee-4401-983e-cc07e277fa17"", ""relation"": ""shared_universe"", ""title"": ""Oemo Jisangjuui""}, {""id"": ""a3c09565-47aa-410c-a137-a3a6e6bfa8a8"", ""relation"": ""shared_universe"", ""title"": ""Manager Kim""}, {""id"": ""bcf927d8-52e3-4d6f-a2da-4eb37abe91c9"", ""relation"": ""shared_universe"", ""title"": ""Quest Jisangjuui""}, {""id"": ""c3911129-c183-402a-a415-cfd4a08aa746"", ""relation"": ""shared_universe"", ""title"": ""Juvenile Offender""}]"
972,07d18c41-d141-42c6-98a5-f4f3d0484d22,Sesame and Rice Cake,Sesame and Rice Cake,Xi Ling LuoBo (西凌萝卜),Xi Ling LuoBo (西凌萝卜),Animals; Long Strip; Girls' Love; Web Comic; Full Color,shounen,hiatus,2019.0,safe,zh,3980,9.0976,8.894246720228987,20,0,[]
973,3a1c1aa8-de86-498a-9c6f-87ad80640857,Shinya Shokudou,Midnight Diner,Abe Yarou,Abe Yarou,Award Winning; Slice of Life; Cooking,seinen,ongoing,2006.0,safe,ja,4452,9.18,8.894211223943682,36,1,"[{""id"": ""ca1fed0e-59e2-4ae9-a8d8-e57817cf95cc"", ""relation"": ""doujinshi"", ""title"": ""Touhou - The Sparrow's Midnight Dining (Doujinshi)""}]"
974,85e284be-1316-48d7-a086-14e17dd85462,"No, You na.","No, You na.",Asou Kai,Asou Kai,Romance; Drama; Slice of Life,josei,ongoing,2018.0,safe,ja,5608,9.098,8.893904453249917,58,1,"[{""id"": ""aec3d2b0-f306-4a4c-9c26-46e24377f4ed"", ""relation"": ""adapted_from"", ""title"": ""Sorenari ni Shinken Nandesu.""}]"
975,964d8e8a-7bcb-42f1-9651-20b1871eecac,Koori no Hime wa Chiisana Hidamari de Tokasaretai,The Ice Princess Wants to be Melted by a Small Patch of Sunlight,Kitamura Akatsuki,Kitamura Akatsuki,Romance; Comedy; School Life; Slice of Life,seinen,completed,2024.0,safe,ja,45006,8.9232,8.893055838324717,47,0,[]
976,b1a9ac33-4978-4fa9-a5ae-2cc728342dab,Tomodachi no Nee-chan ni Koishita Hanashi,I Fell for My Friend's Older Sister,Azusa Kina,Azusa Kina,Romance; Comedy; School Life; Slice of Life,shoujo,ongoing,2022.0,safe,ja,4211,9.1934,8.892010614911985,2,2,"[{""id"": ""d2d22b38-4b3f-4ffb-9387-d18f870d5a91"", ""relation"": ""shared_universe"", ""title"": ""Nee-chan no Tomodachi ga Uzai Hanashi""}, {""id"": ""f89d44b5-69df-4f17-8d68-c56a0bf125c6"", ""relation"": ""same_franchise"", ""title"": ""Nee-chan no Tomodachi ga Uzai-banashi (Pre-Serialization)""}]"
977,7e3d081f-30f2-475d-83bb-e247cffea3d6,Isshiki-san wa Koi o Shiritai.,Isshiki-san Wants to Know About Love.,Araragi Ayune,Araragi Ayune,Romance; Comedy; Office Workers; Police,shounen,ongoing,2020.0,suggestive,ja,39712,8.9328,8.89175454459727,33,1,"[{""id"": ""2a3071f0-bad5-497d-bc3e-98de089c25c9"", ""relation"": ""alternate_story"", ""title"": ""Rinna Keibu wa Iki ga Dekinai""}]"
978,cdff1217-6dde-4224-9c47-f8e15bcfd870,Dungeons and Crayons,Dungeons and Crayons,Milcha (밀차); Potdo (폳도),Sonagbi (소낙비),Long Strip; Comedy; Magic; Drama; Supernatural; Adaptation; Full Color,,ongoing,2025.0,safe,ko,4015,9.2219,8.891704324019077,6,0,[]
979,e48e73aa-5cce-4937-b4b1-f03511ba990e,Blue Archive - JAZZ's Twitter Content (Doujinshi),Blue Archive - JAZZ's Twitter Content (Doujinshi),Kamogawa Shin'ichi,Kamogawa Shin'ichi,Romance; Comedy; Doujinshi; Web Comic,,ongoing,,safe,ja,2352,9.2835,8.891185438341902,8,0,[]
980,9bc96d35-29f4-4c91-9f8d-069267fb7aa9,11-banme no Neko wa Nene,The 11th Cat is Nene,Harikamo,Harikamo,Animals; Girls' Love; Fantasy; Monster Girls; Slice of Life; Mystery,seinen,ongoing,2024.0,safe,ja,7301,9.0178,8.89118342881078,9,0,[]
981,567b51cb-ae4c-4a27-af49-92468c5ff4a4,Kawaii nante Kiitenai!!,Kawaii nante Kiitenai!!,Harufuji Nakaba,Harufuji Nakaba,Romance; School Life; Slice of Life,shoujo,ongoing,2020.0,safe,ja,13042,9.0226,8.890389107678836,41,0,[]
982,fd604f6e-a784-4c6b-ab00-565a996c33f8,Ryuu to Yuusha to Haitatsunin,"The Dragon, the Hero, and the Courier",Gregorius Yamada,Gregorius Yamada,Monsters; Comedy; Adventure; Office Workers; Magic; Military; Fantasy,seinen,completed,2016.0,safe,ja,17564,8.9637,8.89000865211171,85,1,"[{""id"": ""e20c36b5-07e0-47dc-8b5a-92c731f6e980"", ""relation"": ""side_story"", ""title"": ""Ryuu to Yuusha to Haitatsunin Shikaban""}]"
983,509b1474-cb0a-4f9d-8ca4-95cb44c9b8db,Boku no Tsuma wa Kanjou ga Nai,My Wife Has No Emotion,Sugiura Jirou,Sugiura Jirou,Sci-Fi; Psychological; Romance; Comedy; Philosophical; Drama; Slice of Life,seinen,hiatus,2019.0,safe,ja,26562,8.9237,8.8894358108606,234,0,[]
984,4242c6d3-4ee4-4b0b-9ca0-23bd57952805,Koi to Yobu ni wa Sasayaka desu ga,Not Quite Love,Hagiwara Daisuke,Hagiwara Daisuke,Romance; School Life; Slice of Life,shounen,ongoing,2025.0,suggestive,ja,41683,8.9287,8.889345178983115,32,0,[]
985,2c58fb86-7fb9-4db6-9c5f-9696934ea2cb,Higeki no Genkyou to Naru Saikyou Gedou Last Boss Joou wa Tami no Tame ni Tsukushimasu.,The Most Heretical Last Boss Queen: From Villainess to Savior,Tenichi,Matsuura Bunko,Reincarnation; Action; Romance; Reverse Harem; Adventure; Isekai; Drama; Fantasy; Villainess; Adaptation,josei,cancelled,2020.0,safe,ja,65507,8.9083,8.889033568782152,391,2,"[{""id"": ""26404133-d8a5-4857-8512-80cc0b21828c"", ""relation"": ""sequel"", ""title"": ""Higeki no Genkyou to Naru Saikyou Gedou Last Boss Joou wa Tami no Tame ni Tsukushimasu. - To the Savior""}, {""id"": ""9ff1ed12-06fb-42e3-aa3a-67420daff952"", ""relation"": ""side_story"", ""title"": ""Higeki no Genkyou to Naru Saikyou Gedou Last Boss Joou wa Tami no Tame ni Tsukushimasu. Anthology""}]"
986,78f730fe-4954-475f-a443-3e4286e33bd0,Make Heroine o Katasetai!! (Pre-Serialization),I Want To Make The Losing Heroine Win!! (Pre-Serialization),Nakayama Michiru,Ashigaki Tei,Oneshot; Romance; Comedy; School Life,shounen,completed,2020.0,safe,ja,7261,8.9397,8.888936567199472,48,0,[]
987,943cde7b-87bc-415d-b2b1-4b814eb6df04,Himesama to watashi no kekkon ryokou,Himesama to watashi no kekkon ryokou,Mito,Mito,Oneshot; Romance; Girls' Love; Doujinshi; Fantasy,,completed,2023.0,safe,ja,2110,9.0335,8.888738002748601,2,1,"[{""id"": ""6fe56296-e980-4321-8a7b-bc8b4e2750c8"", ""relation"": ""alternate_version"", ""title"": ""Ookami no Kawa wo Kabutta Hitsujihime""}]"
988,aefbf95e-5fad-4a92-94d2-ac6dc7c44351,Hatori to Furuta no Hinichijou Sahanji,Hatori and Furuta's Extraordinarily Ordinary Life,Nonoue Daijirou,Nonoue Daijirou,School Life; Slice of Life; Supernatural; Mystery,shounen,ongoing,2025.0,safe,ja,4118,9.1851,8.88862360564405,9,0,[]
989,67c6df9e-280f-476c-b13c-cecf6b2eb3c7,The Breaker,The Breaker,Jeon Geuk-jin,Park Jin-Hwan (박진환),Action; Romance; Comedy; Martial Arts; Adventure; Drama; School Life; Supernatural; Tragedy,,completed,2007.0,suggestive,ko,15768,8.9222,8.887891622034829,24,1,"[{""id"": ""80185498-a09f-4534-925a-63cd554c075c"", ""relation"": ""sequel"", ""title"": ""The Breaker - New Waves""}]"
990,665766a3-905d-4a71-a90a-bd2c75d1a81f,Alice in Borderland,Alice in Borderland,Asou Haro,Asou Haro,Thriller; Action; Psychological; Comedy; Crime; Survival; Adventure; Sexual Violence; Isekai; Gore; Drama; School Life; Horror; Slice of Life; Supernatural; Mystery; Tragedy,shounen,completed,2010.0,suggestive,ja,24574,8.9181,8.887807319903008,88,2,"[{""id"": ""6284d003-f1fe-44ad-862d-c6ad8612ad9a"", ""relation"": ""sequel"", ""title"": ""Alice in Borderland Retry""}, {""id"": ""75b5bcf9-2197-4d6c-80f5-40b070b79697"", ""relation"": ""side_story"", ""title"": ""Alice on Border Road""}]"
991,b8fd9d83-40c4-40f9-8525-bfcab3a6c3eb,Osananajimi o Erabenai!,I Can’t Choose A Childhood Friend!,Furokawa Tsukasa,Furokawa Tsukasa,Romance; Comedy; Harem; Fantasy; Supernatural,shounen,completed,2024.0,safe,ja,56563,8.9048,8.887764386795693,115,1,"[{""id"": ""bc53a34e-2771-43f1-b967-9046f4d7b8f1"", ""relation"": ""side_story"", ""title"": ""Osananajimi wo Erabenai! (Shorts)""}]"
992,0d63e84e-9fee-47d5-a3c2-ac42a397b53a,Yamaguchi-kun wa Warukunai,Yamaguchi-kun isn't So Bad,Saiki Yuu,Saiki Yuu,Romance; Comedy; School Life,shoujo,ongoing,2019.0,safe,ja,12155,8.9946,8.887400453781993,85,0,[]
993,84fe5a6a-6414-48f3-9d87-175c3b4c6089,Me & Roboco,Me & Roboco,Miyazaki Shuuhei,Miyazaki Shuuhei,Award Winning; Sci-Fi; Comedy; Fantasy; Slice of Life,shounen,ongoing,2020.0,safe,ja,1769,9.0762,8.887339472068632,22,0,[]
994,46fb8129-fa17-4532-8686-0b9dbdde0236,Watashitachi no Shiawase na Jikan,Watashitachi no Shiawase na Jikan,Yumeka Sumomo; Gong Ji-Young,Yumeka Sumomo,Psychological; Romance; Sexual Violence; Drama; Slice of Life; Adaptation; Music; Tragedy,seinen,completed,2007.0,safe,ja,5311,8.9513,8.887017772135778,34,0,[]
995,543234e2-30b2-4f1c-b00c-ae291cb54629,Mitsuba Monogatari,Mitsuba Monogatari,Nanasawa Matari,Tsutsumi Rin,Magic; Military; Isekai; Gore; Drama; Fantasy; Adaptation,shounen,completed,2022.0,suggestive,ja,12008,8.9703,8.8864163886346,30,0,[]
996,d8f1d7da-8bb1-407b-8be3-10ac2894d3c6,Isekai Ojisan,Isekai Uncle,Hotondo Shindeiru,Hotondo Shindeiru,Romance; Comedy; Harem; Isekai; Fantasy; Web Comic; Slice of Life; Tragedy,,ongoing,2018.0,suggestive,ja,76118,8.9006,8.886341249386904,758,0,[]
997,ce9e089e-b085-4e16-b41b-4a3343317572,Torima Minshuku Yadori-teki na!,For Now A Yadori-kinda Guesthouse!,Andou Yuu,Andou Yuu,Romance; Comedy; Slice of Life; Gyaru,seinen,hiatus,2023.0,suggestive,ja,48807,8.9196,8.88615046150253,94,0,[]
998,0483d2ef-557e-43ae-9761-2f2f0677625a,Touhou Suichouka: Lotus Eater-tachi no Suisei,"The Lotus Eaters, Drunk and Sober",ZUN,Mizutaki,Thriller; Comedy; Magic; Fantasy; Monster Girls; Slice of Life,,ongoing,2019.0,safe,ja,7275,9.071,8.886022050836633,22,5,"[{""id"": ""18ef1e92-f574-4c8c-99af-555e44ba418e"", ""relation"": ""shared_universe"", ""title"": ""Touhou Ibara Kasen ~ Wild and Horned Hermit.""}, {""id"": ""8b98e414-3eae-4b4f-b43b-5e75fbbb0014"", ""relation"": ""shared_universe"", ""title"": ""Touhou Sangetsusei ~ Visionary Fairies in Shrine.""}, {""id"": ""dbae4cf5-27de-40eb-b9e1-346c4f2cf8aa"", ""relation"": ""shared_universe"", ""title"": ""Touhou Suzunaan ~ Forbidden Scrollery.""}, {""id"": ""f4fa3679-6918-4684-bcb6-377c9f336898"", ""relation"": ""shared_universe"", ""title"": ""Touhou Chireikiden: Hansoku Tantei Satori""}, {""id"": ""febf0ddb-7ed0-41a1-b662-78ab81212fb9"", ""relation"": ""same_franchise"", ""title"": ""Touhou Project (Franchise)""}]"
999,18ac9156-8341-4662-8380-e0e83ee31bda,The Legend of the Strongest Man Kurosawa,The Legend of the Strongest Man Kurosawa,Fukumoto Nobuyuki,Fukumoto Nobuyuki,Psychological; Comedy; Drama; Slice of Life; Tragedy,seinen,completed,2002.0,safe,ja,3540,9.0774,8.885942040822693,30,3,"[{""id"": ""a80ac925-c01e-4826-9ecc-28c5645f1721"", ""relation"": ""spin_off"", ""title"": ""Official Crossover Legend: Fukumoto All Stars""}, {""id"": ""db6ba094-2332-4945-b92f-ce6791e6161b"", ""relation"": ""side_story"", ""title"": ""The Legend of the Strongest Man Nakane""}, {""id"": ""e5014f00-199b-493f-a8dc-8b8c939bb00f"", ""relation"": ""sequel"", ""title"": ""The New Legend of the Strongest Man Kurosawa""}]"
1000,cb77e4a6-3921-43b9-9d64-7d78cd3205ce,Jigokuraku,Hell's Paradise: Jigokuraku,Kaku Yuuji,Kaku Yuuji,Historical; Action; Samurai; Adventure; Gore; Drama; Fantasy; Supernatural,shounen,completed,2018.0,suggestive,ja,40287,8.9114,8.885928511383108,160,4,"[{""id"": ""140cadf4-ce3a-41e7-ba5d-58ee4b8fbdc1"", ""relation"": ""side_story"", ""title"": ""Jigokuraku Tokubetsu Hen: Mokke no Mori""}, {""id"": ""472be08a-29ee-4e9e-844c-ee93bdb70208"", ""relation"": ""side_story"", ""title"": ""Jigokuraku: Kaitai Shinsho""}, {""id"": ""67efeb77-350c-417a-a032-156a086cdbaa"", ""relation"": ""alternate_version"", ""title"": ""Jigokuraku (WEBTOON)""}, {""id"": ""6b76a5e8-78f0-4477-a279-cf0f4bc017f6"", ""relation"": ""spin_off"", ""title"": ""Jigokuraku ~Saikyou no Nukenin Gaman no Gabimaru~""}]"
